"rental_id","inventory_id","customer_id","staff_id","date_of_rental","time_of_rental","date_of_return","time_of_return"
1,367,130,1,2005-05-24,"22:53:30",2005-05-26,"22:04:30"
2,1525,459,1,2005-05-24,"22:54:33",2005-05-28,"19:40:33"
3,1711,408,1,2005-05-24,"23:03:39",2005-06-01,"22:12:39"
4,2452,333,2,2005-05-24,"23:04:41",2005-06-03,"01:43:41"
5,2079,222,1,2005-05-24,"23:05:21",2005-06-02,"04:33:21"
6,2792,549,1,2005-05-24,"23:08:07",2005-05-27,"01:32:07"
7,3995,269,2,2005-05-24,"23:11:53",2005-05-29,"20:34:53"
8,2346,239,2,2005-05-24,"23:31:46",2005-05-27,"23:33:46"
9,2580,126,1,2005-05-25,"00:00:40",2005-05-28,"00:22:40"
10,1824,399,2,2005-05-25,"00:02:21",2005-05-31,"22:44:21"
11,4443,142,2,2005-05-25,"00:09:02",2005-06-02,"20:56:02"
12,1584,261,2,2005-05-25,"00:19:27",2005-05-30,"05:44:27"
13,2294,334,1,2005-05-25,"00:22:55",2005-05-30,"04:28:55"
14,2701,446,1,2005-05-25,"00:31:15",2005-05-26,"02:56:15"
15,3049,319,1,2005-05-25,"00:39:22",2005-06-03,"03:30:22"
16,389,316,2,2005-05-25,"00:43:11",2005-05-26,"04:42:11"
17,830,575,1,2005-05-25,"01:06:36",2005-05-27,"00:43:36"
18,3376,19,2,2005-05-25,"01:10:47",2005-05-31,"06:35:47"
19,1941,456,1,2005-05-25,"01:17:24",2005-05-31,"06:00:24"
20,3517,185,2,2005-05-25,"01:48:41",2005-05-27,"02:20:41"
21,146,388,2,2005-05-25,"01:59:46",2005-05-26,"01:01:46"
22,727,509,2,2005-05-25,"02:19:23",2005-05-26,"04:52:23"
23,4441,438,1,2005-05-25,"02:40:21",2005-05-29,"06:34:21"
24,3273,350,1,2005-05-25,"02:53:02",2005-05-27,"01:15:02"
25,3961,37,2,2005-05-25,"03:21:20",2005-05-27,"21:25:20"
26,4371,371,1,2005-05-25,"03:36:50",2005-05-31,"00:34:50"
27,1225,301,2,2005-05-25,"03:41:50",2005-05-30,"01:13:50"
28,4068,232,2,2005-05-25,"03:42:37",2005-05-26,"09:26:37"
29,611,44,2,2005-05-25,"03:47:12",2005-05-30,"00:31:12"
30,3744,430,1,2005-05-25,"04:01:32",2005-05-30,"03:12:32"
31,4482,369,1,2005-05-25,"04:05:17",2005-05-30,"07:15:17"
32,3832,230,1,2005-05-25,"04:06:21",2005-05-25,"23:55:21"
33,1681,272,1,2005-05-25,"04:18:51",2005-05-27,"03:58:51"
34,2613,597,2,2005-05-25,"04:19:28",2005-05-29,"00:10:28"
35,1286,484,2,2005-05-25,"04:24:36",2005-05-27,"07:02:36"
36,1308,88,1,2005-05-25,"04:36:26",2005-05-29,"00:31:26"
37,403,535,1,2005-05-25,"04:44:31",2005-05-29,"01:03:31"
38,2540,302,1,2005-05-25,"04:47:44",2005-06-01,"00:58:44"
39,4466,207,2,2005-05-25,"04:51:46",2005-05-31,"03:14:46"
40,2638,413,1,2005-05-25,"05:09:04",2005-05-27,"23:12:04"
41,1761,174,1,2005-05-25,"05:12:29",2005-06-02,"00:28:29"
42,380,523,2,2005-05-25,"05:24:58",2005-05-31,"02:47:58"
43,2578,532,2,2005-05-25,"05:39:25",2005-05-26,"06:54:25"
44,3098,207,2,2005-05-25,"05:53:23",2005-05-29,"10:56:23"
45,1853,436,2,2005-05-25,"05:59:39",2005-06-02,"09:56:39"
46,3318,7,2,2005-05-25,"06:04:08",2005-06-02,"08:18:08"
47,2211,35,1,2005-05-25,"06:05:20",2005-05-30,"03:04:20"
48,1780,282,1,2005-05-25,"06:20:46",2005-06-02,"05:42:46"
49,2965,498,2,2005-05-25,"06:39:35",2005-05-30,"10:12:35"
50,1983,18,2,2005-05-25,"06:44:53",2005-05-28,"11:28:53"
51,1257,256,1,2005-05-25,"06:49:10",2005-05-26,"06:42:10"
52,4017,507,2,2005-05-25,"06:51:29",2005-05-31,"01:27:29"
53,1255,569,2,2005-05-25,"07:19:16",2005-05-27,"05:19:16"
54,2787,291,2,2005-05-25,"07:23:25",2005-06-01,"05:05:25"
55,1139,131,1,2005-05-25,"08:26:13",2005-05-30,"10:57:13"
56,1352,511,1,2005-05-25,"08:28:11",2005-05-26,"14:21:11"
57,3938,6,2,2005-05-25,"08:43:32",2005-05-29,"06:42:32"
58,3050,323,1,2005-05-25,"08:53:14",2005-05-28,"14:40:14"
59,2884,408,1,2005-05-25,"08:56:42",2005-06-01,"09:52:42"
60,330,470,1,2005-05-25,"08:58:25",2005-05-30,"14:14:25"
61,4210,250,2,2005-05-25,"09:01:57",2005-06-02,"07:22:57"
62,261,419,1,2005-05-25,"09:18:52",2005-05-30,"10:55:52"
63,4008,383,1,2005-05-25,"09:19:16",2005-05-27,"04:24:16"
64,79,368,1,2005-05-25,"09:21:29",2005-06-03,"11:31:29"
65,3552,346,1,2005-05-25,"09:32:03",2005-05-29,"14:21:03"
66,1162,86,2,2005-05-25,"09:35:12",2005-05-29,"04:16:12"
67,239,119,2,2005-05-25,"09:41:01",2005-05-27,"13:46:01"
68,4029,120,2,2005-05-25,"09:47:31",2005-05-31,"10:20:31"
69,3207,305,2,2005-05-25,"10:10:14",2005-05-27,"14:02:14"
70,2168,73,2,2005-05-25,"10:15:23",2005-05-27,"05:56:23"
71,2408,100,1,2005-05-25,"10:26:39",2005-05-28,"04:59:39"
72,2260,48,2,2005-05-25,"10:52:13",2005-05-28,"05:52:13"
73,517,391,2,2005-05-25,"11:00:07",2005-06-01,"13:56:07"
74,1744,265,2,2005-05-25,"11:09:48",2005-05-26,"12:23:48"
75,3393,510,1,2005-05-25,"11:13:34",2005-06-03,"12:58:34"
76,3021,1,2,2005-05-25,"11:30:37",2005-06-03,"12:00:37"
77,1303,451,2,2005-05-25,"11:31:59",2005-05-26,"16:53:59"
78,4067,135,2,2005-05-25,"11:35:18",2005-05-31,"12:48:18"
79,3299,245,2,2005-05-25,"12:11:07",2005-06-03,"10:54:07"
80,2478,314,2,2005-05-25,"12:12:07",2005-05-31,"17:46:07"
81,2610,286,2,2005-05-25,"12:15:19",2005-06-02,"14:08:19"
82,1388,427,1,2005-05-25,"12:17:46",2005-06-01,"10:48:46"
83,466,131,1,2005-05-25,"12:30:15",2005-05-27,"15:40:15"
84,1829,492,1,2005-05-25,"12:36:30",2005-05-29,"18:33:30"
85,470,414,1,2005-05-25,"13:05:34",2005-05-29,"16:53:34"
86,2275,266,1,2005-05-25,"13:36:12",2005-05-30,"14:53:12"
87,1586,331,2,2005-05-25,"13:52:43",2005-05-29,"11:12:43"
88,2221,53,2,2005-05-25,"14:13:54",2005-05-29,"09:32:54"
89,2181,499,1,2005-05-25,"14:28:29",2005-05-29,"14:33:29"
90,2984,25,1,2005-05-25,"14:31:25",2005-06-01,"10:07:25"
91,139,267,1,2005-05-25,"14:57:22",2005-06-01,"18:32:22"
92,775,302,2,2005-05-25,"15:38:46",2005-05-31,"13:40:46"
93,4360,288,1,2005-05-25,"15:54:16",2005-06-03,"20:18:16"
94,1675,197,1,2005-05-25,"16:03:42",2005-05-30,"14:23:42"
95,178,400,2,2005-05-25,"16:12:52",2005-06-02,"18:55:52"
96,3418,49,2,2005-05-25,"16:32:19",2005-05-30,"10:47:19"
97,1283,263,2,2005-05-25,"16:34:24",2005-05-28,"12:13:24"
98,2970,269,2,2005-05-25,"16:48:24",2005-05-27,"11:29:24"
99,535,44,1,2005-05-25,"16:50:20",2005-05-28,"18:52:20"
100,2599,208,1,2005-05-25,"16:50:28",2005-06-02,"22:11:28"
101,617,468,1,2005-05-25,"17:17:04",2005-05-31,"19:47:04"
102,373,343,1,2005-05-25,"17:22:10",2005-05-31,"19:47:10"
103,3343,384,1,2005-05-25,"17:30:42",2005-06-03,"22:36:42"
104,4281,310,1,2005-05-25,"17:46:33",2005-05-27,"15:20:33"
105,794,108,2,2005-05-25,"17:54:12",2005-05-30,"12:03:12"
106,3627,196,2,2005-05-25,"18:18:19",2005-06-04,"00:01:19"
107,2833,317,2,2005-05-25,"18:28:09",2005-06-03,"22:46:09"
108,3289,242,1,2005-05-25,"18:30:05",2005-05-30,"19:40:05"
109,1044,503,2,2005-05-25,"18:40:20",2005-05-29,"20:39:20"
110,4108,19,2,2005-05-25,"18:43:49",2005-06-03,"18:13:49"
111,3725,227,1,2005-05-25,"18:45:19",2005-05-28,"17:18:19"
112,2153,500,1,2005-05-25,"18:57:24",2005-06-02,"20:44:24"
113,2963,93,2,2005-05-25,"19:07:40",2005-05-27,"22:16:40"
114,4502,506,1,2005-05-25,"19:12:42",2005-06-01,"23:10:42"
115,749,455,1,2005-05-25,"19:13:25",2005-05-29,"20:17:25"
116,4453,18,1,2005-05-25,"19:27:51",2005-05-26,"16:23:51"
117,4278,7,2,2005-05-25,"19:30:46",2005-05-31,"23:59:46"
118,872,524,1,2005-05-25,"19:31:18",2005-05-31,"15:00:18"
119,1359,51,2,2005-05-25,"19:37:02",2005-05-29,"23:51:02"
120,37,365,2,2005-05-25,"19:37:47",2005-06-01,"23:29:47"
121,1053,405,1,2005-05-25,"19:41:29",2005-05-29,"21:31:29"
122,2908,273,1,2005-05-25,"19:46:21",2005-06-02,"19:07:21"
123,1795,43,1,2005-05-25,"20:26:42",2005-05-26,"19:41:42"
124,212,246,2,2005-05-25,"20:46:11",2005-05-30,"00:47:11"
125,952,368,1,2005-05-25,"20:48:50",2005-06-02,"21:39:50"
126,2047,439,1,2005-05-25,"21:07:59",2005-05-28,"18:51:59"
127,2026,94,1,2005-05-25,"21:10:40",2005-06-02,"21:38:40"
128,4322,40,1,2005-05-25,"21:19:53",2005-05-29,"23:34:53"
129,4154,23,2,2005-05-25,"21:20:03",2005-06-04,"01:25:03"
130,3990,56,2,2005-05-25,"21:21:56",2005-05-30,"22:41:56"
131,815,325,2,2005-05-25,"21:42:46",2005-05-30,"23:25:46"
132,3367,479,1,2005-05-25,"21:46:54",2005-05-31,"21:02:54"
133,399,237,2,2005-05-25,"21:48:30",2005-05-30,"00:26:30"
134,2272,222,1,2005-05-25,"21:48:41",2005-06-02,"18:28:41"
135,103,304,1,2005-05-25,"21:58:58",2005-06-03,"17:50:58"
136,2296,504,1,2005-05-25,"22:02:30",2005-05-31,"18:06:30"
137,2591,560,2,2005-05-25,"22:25:18",2005-06-01,"02:30:18"
138,4134,586,2,2005-05-25,"22:48:22",2005-05-29,"20:21:22"
139,327,257,1,2005-05-25,"23:00:21",2005-05-29,"17:12:21"
140,655,354,1,2005-05-25,"23:34:22",2005-05-27,"01:10:22"
141,811,89,1,2005-05-25,"23:34:53",2005-06-02,"01:57:53"
142,4407,472,2,2005-05-25,"23:43:47",2005-05-29,"00:46:47"
143,847,297,2,2005-05-25,"23:45:52",2005-05-27,"21:41:52"
144,1689,357,2,2005-05-25,"23:49:56",2005-06-01,"21:41:56"
145,3905,82,1,2005-05-25,"23:59:03",2005-05-31,"02:56:03"
146,1431,433,2,2005-05-26,"00:07:11",2005-06-04,"00:20:11"
147,633,274,2,2005-05-26,"00:17:50",2005-05-29,"23:21:50"
148,4252,142,2,2005-05-26,"00:25:23",2005-06-01,"19:29:23"
149,1084,319,2,2005-05-26,"00:28:05",2005-06-02,"21:30:05"
150,909,429,2,2005-05-26,"00:28:39",2005-06-01,"02:10:39"
151,2942,14,1,2005-05-26,"00:37:28",2005-05-30,"06:28:28"
152,2622,57,1,2005-05-26,"00:41:10",2005-06-03,"06:05:10"
153,3888,348,1,2005-05-26,"00:47:47",2005-05-27,"21:28:47"
154,1354,185,2,2005-05-26,"00:55:56",2005-05-29,"23:18:56"
155,288,551,1,2005-05-26,"01:15:05",2005-06-01,"00:03:05"
156,3193,462,1,2005-05-26,"01:19:05",2005-05-27,"23:43:05"
157,887,344,2,2005-05-26,"01:25:21",2005-05-26,"21:17:21"
158,2395,354,2,2005-05-26,"01:27:11",2005-06-03,"00:30:11"
159,3453,505,1,2005-05-26,"01:34:28",2005-05-29,"04:00:28"
160,1885,290,1,2005-05-26,"01:46:20",2005-06-01,"05:45:20"
161,2941,182,1,2005-05-26,"01:51:48",2005-05-27,"05:42:48"
162,1229,296,2,2005-05-26,"02:02:05",2005-05-27,"03:38:05"
163,2306,104,1,2005-05-26,"02:26:23",2005-06-04,"06:36:23"
164,1070,151,1,2005-05-26,"02:26:49",2005-05-28,"00:32:49"
165,2735,33,1,2005-05-26,"02:28:36",2005-06-02,"03:21:36"
166,3894,322,1,2005-05-26,"02:49:11",2005-05-31,"01:28:11"
167,865,401,1,2005-05-26,"02:50:31",2005-05-27,"03:07:31"
168,2714,469,2,2005-05-26,"03:07:43",2005-06-02,"02:09:43"
169,1758,381,2,2005-05-26,"03:09:30",2005-05-27,"01:37:30"
170,3688,107,1,2005-05-26,"03:11:12",2005-06-02,"03:53:12"
171,4483,400,2,2005-05-26,"03:14:15",2005-06-03,"00:24:15"
172,2873,176,2,2005-05-26,"03:17:42",2005-05-29,"04:11:42"
173,3596,533,2,2005-05-26,"03:42:10",2005-05-28,"01:37:10"
174,3954,552,2,2005-05-26,"03:44:10",2005-05-28,"07:13:10"
175,4346,47,2,2005-05-26,"03:46:26",2005-06-03,"06:01:26"
176,851,250,2,2005-05-26,"03:47:39",2005-06-01,"02:36:39"
177,3545,548,2,2005-05-26,"04:14:29",2005-06-01,"08:16:29"
178,1489,196,2,2005-05-26,"04:21:46",2005-06-04,"07:09:46"
179,2575,19,1,2005-05-26,"04:26:06",2005-06-03,"10:06:06"
180,2752,75,1,2005-05-26,"04:46:23",2005-06-01,"09:58:23"
181,2417,587,2,2005-05-26,"04:47:06",2005-05-29,"06:34:06"
182,4396,237,2,2005-05-26,"04:49:17",2005-06-01,"05:43:17"
183,2877,254,1,2005-05-26,"05:01:18",2005-06-01,"09:04:18"
184,1970,556,1,2005-05-26,"05:29:49",2005-05-28,"10:10:49"
185,2598,125,2,2005-05-26,"05:30:03",2005-06-02,"09:48:03"
186,1799,468,2,2005-05-26,"05:32:52",2005-06-03,"07:19:52"
187,4004,515,1,2005-05-26,"05:42:37",2005-06-04,"00:38:37"
188,3342,243,1,2005-05-26,"05:47:12",2005-05-26,"23:48:12"
189,984,247,1,2005-05-26,"06:01:41",2005-05-27,"06:11:41"
190,3962,533,1,2005-05-26,"06:11:28",2005-06-01,"09:44:28"
191,4365,412,1,2005-05-26,"06:14:06",2005-05-28,"05:33:06"
192,1897,437,1,2005-05-26,"06:20:37",2005-06-02,"10:57:37"
193,3900,270,2,2005-05-26,"06:41:48",2005-05-30,"06:21:48"
194,1337,29,2,2005-05-26,"06:52:33",2005-05-30,"04:08:33"
195,506,564,2,2005-05-26,"06:52:36",2005-05-31,"02:47:36"
196,190,184,1,2005-05-26,"06:55:58",2005-05-27,"10:54:58"
197,4212,546,2,2005-05-26,"06:59:21",2005-06-03,"05:04:21"
198,1789,54,1,2005-05-26,"07:03:49",2005-06-04,"11:45:49"
199,2135,71,1,2005-05-26,"07:11:58",2005-05-28,"09:06:58"
200,3926,321,1,2005-05-26,"07:12:21",2005-05-31,"12:07:21"
201,776,444,2,2005-05-26,"07:13:45",2005-06-04,"02:02:45"
202,674,20,1,2005-05-26,"07:27:36",2005-06-02,"03:52:36"
203,3374,109,1,2005-05-26,"07:27:57",2005-06-03,"12:52:57"
204,1842,528,1,2005-05-26,"07:30:37",2005-05-30,"08:11:37"
205,303,114,2,2005-05-26,"07:59:37",2005-05-29,"09:43:37"
206,1717,345,1,2005-05-26,"08:01:54",2005-05-27,"06:26:54"
207,102,47,2,2005-05-26,"08:04:38",2005-05-27,"09:32:38"
208,3669,274,1,2005-05-26,"08:10:22",2005-05-27,"03:55:22"
209,729,379,1,2005-05-26,"08:14:01",2005-05-27,"09:00:01"
210,1801,391,2,2005-05-26,"08:14:15",2005-05-27,"12:12:15"
211,4005,170,1,2005-05-26,"08:33:10",2005-05-28,"14:09:10"
212,764,59,2,2005-05-26,"08:34:41",2005-05-30,"12:46:41"
213,1505,394,2,2005-05-26,"08:44:08",2005-05-31,"12:33:08"
214,1453,98,2,2005-05-26,"08:48:49",2005-05-31,"04:06:49"
215,679,197,2,2005-05-26,"09:02:47",2005-05-28,"09:45:47"
216,1398,91,1,2005-05-26,"09:17:43",2005-06-03,"08:21:43"
217,4395,121,2,2005-05-26,"09:24:26",2005-05-31,"03:24:26"
218,2291,309,2,2005-05-26,"09:27:09",2005-06-04,"11:53:09"
219,3074,489,1,2005-05-26,"09:41:45",2005-05-28,"04:40:45"
220,1259,542,1,2005-05-26,"10:06:49",2005-06-01,"07:43:49"
221,3578,143,1,2005-05-26,"10:14:09",2005-05-29,"05:57:09"
222,2745,83,2,2005-05-26,"10:14:38",2005-05-31,"08:36:38"
223,3121,460,1,2005-05-26,"10:15:23",2005-05-30,"11:43:23"
224,4285,318,1,2005-05-26,"10:18:27",2005-06-04,"06:59:27"
225,651,467,2,2005-05-26,"10:27:50",2005-06-01,"07:01:50"
226,4181,221,2,2005-05-26,"10:44:04",2005-05-31,"13:26:04"
227,214,301,1,2005-05-26,"10:51:46",2005-05-30,"07:24:46"
228,511,571,1,2005-05-26,"10:54:28",2005-06-04,"09:39:28"
229,1131,312,2,2005-05-26,"11:19:20",2005-05-31,"11:56:20"
230,1085,58,1,2005-05-26,"11:31:50",2005-05-30,"15:22:50"
231,4032,365,1,2005-05-26,"11:31:59",2005-05-27,"07:27:59"
232,2945,256,2,2005-05-26,"11:38:05",2005-05-27,"08:42:05"
233,715,531,2,2005-05-26,"11:43:44",2005-05-28,"17:28:44"
234,1321,566,2,2005-05-26,"11:47:20",2005-06-03,"10:39:20"
235,3537,119,1,2005-05-26,"11:51:09",2005-06-04,"09:36:09"
236,1265,446,1,2005-05-26,"11:53:49",2005-05-28,"13:55:49"
237,241,536,1,2005-05-26,"12:15:13",2005-05-29,"18:10:13"
238,503,211,1,2005-05-26,"12:30:22",2005-05-27,"06:49:22"
239,131,49,2,2005-05-26,"12:30:26",2005-06-01,"13:26:26"
240,3420,103,1,2005-05-26,"12:40:23",2005-06-04,"07:22:23"
241,4438,245,2,2005-05-26,"12:49:01",2005-05-28,"11:43:01"
242,2095,214,1,2005-05-26,"13:05:08",2005-06-02,"15:26:08"
243,1721,543,2,2005-05-26,"13:06:05",2005-06-03,"17:28:05"
244,1041,257,1,2005-05-26,"13:40:40",2005-05-31,"11:58:40"
245,3045,158,2,2005-05-26,"13:46:59",2005-05-27,"09:58:59"
246,2829,240,2,2005-05-26,"13:57:07",2005-05-29,"10:12:07"
247,4095,102,2,2005-05-26,"14:01:05",2005-05-28,"13:38:05"
248,1913,545,2,2005-05-26,"14:07:58",2005-05-31,"14:03:58"
249,2428,472,2,2005-05-26,"14:19:09",2005-05-28,"17:47:09"
250,368,539,1,2005-05-26,"14:30:24",2005-05-27,"08:50:24"
251,4352,204,1,2005-05-26,"14:35:40",2005-05-29,"17:17:40"
252,1203,187,1,2005-05-26,"14:39:53",2005-06-02,"14:48:53"
253,2969,416,1,2005-05-26,"14:43:14",2005-05-27,"12:21:14"
254,1835,390,2,2005-05-26,"14:43:48",2005-05-31,"09:19:48"
255,3264,114,1,2005-05-26,"14:52:15",2005-05-27,"12:45:15"
256,3194,436,1,2005-05-26,"15:20:58",2005-05-31,"15:58:58"
257,2570,373,2,2005-05-26,"15:27:05",2005-05-29,"16:25:05"
258,3534,502,2,2005-05-26,"15:28:14",2005-05-30,"18:38:14"
259,30,482,2,2005-05-26,"15:32:46",2005-06-04,"15:27:46"
260,435,21,2,2005-05-26,"15:42:20",2005-05-31,"13:21:20"
261,1369,414,2,2005-05-26,"15:44:23",2005-06-02,"09:47:23"
262,4261,236,2,2005-05-26,"15:46:56",2005-05-28,"15:49:56"
263,1160,449,2,2005-05-26,"15:47:40",2005-05-30,"10:07:40"
264,2069,251,2,2005-05-26,"16:00:49",2005-05-27,"10:12:49"
265,2276,303,1,2005-05-26,"16:07:38",2005-06-01,"14:20:38"
266,3303,263,2,2005-05-26,"16:08:05",2005-05-27,"10:55:05"
267,1206,417,2,2005-05-26,"16:16:21",2005-05-30,"16:53:21"
268,1714,75,1,2005-05-26,"16:19:08",2005-05-27,"14:35:08"
269,3501,322,2,2005-05-26,"16:19:46",2005-05-27,"15:59:46"
270,207,200,2,2005-05-26,"16:20:56",2005-06-03,"12:40:56"
271,2388,92,2,2005-05-26,"16:22:01",2005-06-03,"17:30:01"
272,971,71,2,2005-05-26,"16:27:11",2005-06-03,"13:10:11"
273,1590,193,2,2005-05-26,"16:29:36",2005-05-29,"18:49:36"
274,656,311,1,2005-05-26,"16:48:51",2005-06-03,"18:17:51"
275,1718,133,1,2005-05-26,"17:09:53",2005-06-04,"22:35:53"
276,1221,58,1,2005-05-26,"17:16:07",2005-06-03,"12:59:07"
277,1409,45,1,2005-05-26,"17:32:11",2005-05-28,"22:54:11"
278,182,214,2,2005-05-26,"17:40:58",2005-06-02,"16:43:58"
279,661,384,2,2005-05-26,"18:02:50",2005-06-03,"18:48:50"
280,1896,167,1,2005-05-26,"18:36:58",2005-05-27,"23:42:58"
281,1208,582,2,2005-05-26,"18:49:35",2005-05-27,"18:11:35"
282,4486,282,2,2005-05-26,"18:56:26",2005-06-01,"16:32:26"
283,3530,242,1,2005-05-26,"19:05:05",2005-05-31,"19:19:05"
284,350,359,2,2005-05-26,"19:21:44",2005-06-04,"14:18:44"
285,2486,162,2,2005-05-26,"19:41:40",2005-05-31,"16:58:40"
286,314,371,2,2005-05-26,"19:44:51",2005-06-04,"18:00:51"
287,3631,17,1,2005-05-26,"19:44:54",2005-06-02,"01:10:54"
288,3546,82,2,2005-05-26,"19:47:49",2005-06-03,"20:53:49"
289,2449,81,1,2005-05-26,"20:01:09",2005-05-28,"15:09:09"
290,2776,429,1,2005-05-26,"20:08:33",2005-05-30,"00:32:33"
291,485,577,2,2005-05-26,"20:20:47",2005-06-03,"02:06:47"
292,4264,515,1,2005-05-26,"20:22:12",2005-06-05,"00:58:12"
293,1828,158,2,2005-05-26,"20:27:02",2005-06-03,"16:45:02"
294,2751,369,1,2005-05-26,"20:29:57",2005-05-28,"17:20:57"
295,4030,65,2,2005-05-26,"20:33:20",2005-05-27,"18:23:20"
296,3878,468,2,2005-05-26,"20:35:19",2005-06-04,"02:31:19"
297,1594,48,2,2005-05-26,"20:48:48",2005-05-27,"19:52:48"
298,1083,460,2,2005-05-26,"20:52:26",2005-05-29,"22:08:26"
299,4376,448,2,2005-05-26,"20:55:36",2005-05-28,"00:25:36"
300,249,47,2,2005-05-26,"20:57:00",2005-06-05,"01:34:00"
301,3448,274,2,2005-05-26,"21:06:14",2005-06-01,"01:54:14"
302,2921,387,2,2005-05-26,"21:13:46",2005-06-03,"15:49:46"
303,1111,596,2,2005-05-26,"21:16:52",2005-05-27,"23:41:52"
304,1701,534,1,2005-05-26,"21:21:28",2005-06-02,"00:05:28"
305,2665,464,2,2005-05-26,"21:22:07",2005-06-02,"22:33:07"
306,2781,547,1,2005-05-26,"21:31:57",2005-05-28,"19:37:57"
307,1097,375,1,2005-05-26,"21:48:13",2005-06-04,"22:24:13"
308,187,277,2,2005-05-26,"22:01:39",2005-06-04,"20:24:39"
309,1946,251,2,2005-05-26,"22:38:10",2005-06-02,"03:10:10"
310,593,409,1,2005-05-26,"22:41:07",2005-06-02,"04:09:07"
311,2830,201,1,2005-05-26,"22:51:37",2005-06-01,"00:02:37"
312,2008,143,2,2005-05-26,"22:52:19",2005-06-02,"18:14:19"
313,4156,594,2,2005-05-26,"22:56:19",2005-05-29,"01:29:19"
314,2851,203,2,2005-05-26,"23:09:41",2005-05-28,"22:49:41"
315,2847,238,1,2005-05-26,"23:12:55",2005-05-29,"23:33:55"
316,3828,249,2,2005-05-26,"23:22:55",2005-05-29,"23:25:55"
317,26,391,2,2005-05-26,"23:23:56",2005-06-01,"19:56:56"
318,2559,60,2,2005-05-26,"23:37:39",2005-06-03,"04:31:39"
319,3024,77,1,2005-05-26,"23:52:13",2005-05-30,"18:55:13"
320,1090,2,2,2005-05-27,"00:09:24",2005-05-28,"04:30:24"
322,4556,496,1,2005-05-27,"00:47:35",2005-06-02,"00:32:35"
323,2362,144,1,2005-05-27,"00:49:27",2005-05-30,"03:12:27"
324,3364,292,1,2005-05-27,"01:00:04",2005-05-30,"04:27:04"
325,2510,449,2,2005-05-27,"01:09:55",2005-05-31,"07:01:55"
326,3979,432,2,2005-05-27,"01:10:11",2005-06-04,"20:25:11"
327,2678,105,1,2005-05-27,"01:18:57",2005-06-04,"04:06:57"
328,2524,451,1,2005-05-27,"01:29:31",2005-06-01,"02:27:31"
329,2659,231,2,2005-05-27,"01:57:14",2005-05-31,"04:19:14"
330,1536,248,2,2005-05-27,"02:15:30",2005-06-04,"05:09:30"
331,1872,67,1,2005-05-27,"02:22:26",2005-06-05,"00:25:26"
332,1529,299,2,2005-05-27,"02:27:10",2005-06-03,"01:26:10"
333,4001,412,2,2005-05-27,"02:52:21",2005-06-01,"00:55:21"
334,3973,194,1,2005-05-27,"03:03:07",2005-05-29,"03:54:07"
335,1411,16,2,2005-05-27,"03:07:10",2005-06-05,"00:15:10"
336,1811,275,1,2005-05-27,"03:15:23",2005-05-29,"22:43:23"
337,751,19,1,2005-05-27,"03:22:30",2005-06-02,"03:27:30"
338,2596,165,2,2005-05-27,"03:42:52",2005-06-01,"05:23:52"
339,2410,516,2,2005-05-27,"03:47:18",2005-06-04,"05:46:18"
340,946,209,2,2005-05-27,"03:55:25",2005-06-04,"07:57:25"
341,4168,56,1,2005-05-27,"04:01:42",2005-06-05,"08:51:42"
342,4019,539,2,2005-05-27,"04:11:04",2005-05-29,"01:28:04"
343,3301,455,1,2005-05-27,"04:13:41",2005-05-28,"08:34:41"
344,2327,236,2,2005-05-27,"04:30:22",2005-05-29,"10:13:22"
345,1396,144,1,2005-05-27,"04:32:25",2005-05-31,"09:50:25"
346,4319,14,2,2005-05-27,"04:34:41",2005-06-05,"04:24:41"
347,1625,378,2,2005-05-27,"04:40:33",2005-05-28,"09:56:33"
348,1825,473,1,2005-05-27,"04:50:56",2005-06-01,"04:43:56"
349,2920,36,2,2005-05-27,"04:53:11",2005-05-28,"06:33:11"
350,2756,9,2,2005-05-27,"05:01:28",2005-06-04,"05:01:28"
351,3371,118,1,2005-05-27,"05:39:03",2005-06-01,"11:10:03"
352,4369,157,1,2005-05-27,"05:48:19",2005-05-29,"09:05:19"
353,3989,503,2,2005-05-27,"06:03:39",2005-06-03,"04:39:39"
354,2058,452,1,2005-05-27,"06:12:26",2005-06-01,"06:48:26"
355,141,446,2,2005-05-27,"06:15:33",2005-06-01,"02:50:33"
356,2868,382,2,2005-05-27,"06:32:30",2005-05-30,"06:24:30"
357,4417,198,2,2005-05-27,"06:37:15",2005-05-30,"07:04:15"
358,1925,102,2,2005-05-27,"06:43:59",2005-05-29,"11:28:59"
359,1156,152,1,2005-05-27,"06:48:33",2005-05-29,"03:55:33"
360,3489,594,1,2005-05-27,"06:51:14",2005-06-03,"01:58:14"
361,6,587,1,2005-05-27,"07:03:28",2005-05-31,"08:01:28"
362,2324,147,1,2005-05-27,"07:10:25",2005-06-01,"08:34:25"
363,4282,345,2,2005-05-27,"07:14:00",2005-05-28,"12:22:00"
364,833,430,2,2005-05-27,"07:20:12",2005-05-31,"10:44:12"
365,2887,167,1,2005-05-27,"07:31:20",2005-06-04,"04:46:20"
366,360,134,2,2005-05-27,"07:33:54",2005-06-04,"01:55:54"
367,3437,439,2,2005-05-27,"07:37:02",2005-05-30,"05:43:02"
368,1247,361,2,2005-05-27,"07:42:29",2005-06-04,"11:20:29"
369,944,508,2,2005-05-27,"07:46:49",2005-06-01,"06:20:49"
370,3347,22,2,2005-05-27,"07:49:43",2005-06-05,"06:39:43"
371,1235,295,2,2005-05-27,"08:08:18",2005-06-05,"03:05:18"
372,4089,510,2,2005-05-27,"08:13:58",2005-06-04,"03:50:58"
373,1649,464,1,2005-05-27,"08:16:25",2005-06-01,"11:41:25"
374,4420,337,1,2005-05-27,"08:26:30",2005-06-05,"07:13:30"
375,1815,306,1,2005-05-27,"08:49:21",2005-06-04,"14:11:21"
376,3197,542,1,2005-05-27,"08:58:15",2005-06-02,"04:48:15"
377,3012,170,2,2005-05-27,"09:04:05",2005-06-02,"03:36:05"
378,2242,53,1,2005-05-27,"09:23:22",2005-05-29,"15:20:22"
379,3462,584,1,2005-05-27,"09:25:32",2005-06-02,"06:19:32"
380,1777,176,1,2005-05-27,"09:34:39",2005-06-04,"11:45:39"
381,2748,371,1,2005-05-27,"09:43:25",2005-05-31,"12:00:25"
382,4358,183,1,2005-05-27,"10:12:00",2005-05-31,"15:03:00"
383,955,298,1,2005-05-27,"10:12:20",2005-06-03,"10:37:20"
384,910,371,2,2005-05-27,"10:18:20",2005-06-02,"09:21:20"
385,1565,213,2,2005-05-27,"10:23:25",2005-05-30,"15:27:25"
386,1288,109,1,2005-05-27,"10:26:31",2005-05-30,"08:32:31"
387,2684,506,2,2005-05-27,"10:35:27",2005-06-01,"13:37:27"
388,434,28,1,2005-05-27,"10:37:27",2005-05-30,"05:45:27"
389,691,500,2,2005-05-27,"10:45:41",2005-06-05,"06:22:41"
390,3759,48,2,2005-05-27,"11:02:26",2005-06-02,"16:09:26"
391,2193,197,2,2005-05-27,"11:03:55",2005-06-01,"11:59:55"
392,263,359,2,2005-05-27,"11:14:42",2005-06-01,"14:28:42"
393,145,251,2,2005-05-27,"11:18:25",2005-05-28,"07:10:25"
394,1890,274,2,2005-05-27,"11:26:11",2005-06-03,"16:44:11"
395,752,575,1,2005-05-27,"11:45:49",2005-05-31,"13:42:49"
396,1020,112,1,2005-05-27,"11:47:04",2005-05-29,"10:14:04"
397,4193,544,2,2005-05-27,"12:29:02",2005-05-28,"17:36:02"
398,1686,422,1,2005-05-27,"12:44:03",2005-06-02,"08:19:03"
399,553,204,1,2005-05-27,"12:48:38",2005-05-29,"15:27:38"
400,258,249,2,2005-05-27,"12:51:44",2005-05-31,"08:34:44"
401,2179,46,2,2005-05-27,"12:57:55",2005-05-29,"17:55:55"
402,461,354,2,2005-05-27,"13:17:18",2005-05-30,"08:53:18"
403,3983,424,2,2005-05-27,"13:28:52",2005-05-29,"11:47:52"
404,1293,168,1,2005-05-27,"13:31:51",2005-05-30,"16:58:51"
405,4090,272,2,2005-05-27,"13:32:39",2005-06-05,"18:53:39"
406,2136,381,1,2005-05-27,"13:46:46",2005-05-30,"12:43:46"
407,1077,44,1,2005-05-27,"13:57:38",2005-05-31,"18:23:38"
408,1438,84,1,2005-05-27,"13:57:39",2005-05-28,"11:57:39"
409,3652,220,2,2005-05-27,"14:10:58",2005-06-02,"10:40:58"
410,4010,506,2,2005-05-27,"14:11:22",2005-06-02,"20:06:22"
411,1434,388,1,2005-05-27,"14:14:14",2005-06-03,"17:39:14"
412,1400,375,2,2005-05-27,"14:17:23",2005-05-29,"15:07:23"
413,3516,307,1,2005-05-27,"14:45:37",2005-06-03,"11:11:37"
414,1019,219,2,2005-05-27,"14:48:20",2005-05-31,"14:39:20"
415,3698,304,2,2005-05-27,"14:51:45",2005-05-28,"19:07:45"
416,2371,222,2,2005-05-27,"15:02:10",2005-05-29,"10:34:10"
417,2253,475,2,2005-05-27,"15:07:27",2005-05-29,"20:01:27"
418,3063,151,2,2005-05-27,"15:13:17",2005-06-04,"12:05:17"
419,2514,77,1,2005-05-27,"15:15:11",2005-06-02,"11:53:11"
420,619,93,2,2005-05-27,"15:19:38",2005-06-03,"15:07:38"
421,2985,246,2,2005-05-27,"15:30:13",2005-06-04,"13:19:13"
422,1152,150,2,2005-05-27,"15:31:55",2005-06-01,"11:47:55"
423,1783,284,1,2005-05-27,"15:32:57",2005-06-02,"19:03:57"
424,2815,35,1,2005-05-27,"15:34:01",2005-06-05,"09:44:01"
425,1518,182,2,2005-05-27,"15:51:30",2005-06-03,"16:52:30"
426,1103,522,1,2005-05-27,"15:56:57",2005-06-05,"11:45:57"
427,1677,288,2,2005-05-27,"16:10:04",2005-06-05,"13:22:04"
428,3349,161,2,2005-05-27,"16:10:58",2005-05-31,"17:24:58"
429,129,498,2,2005-05-27,"16:21:26",2005-06-05,"20:23:26"
430,1920,190,1,2005-05-27,"16:22:10",2005-06-05,"13:10:10"
431,4507,334,1,2005-05-27,"16:31:05",2005-06-05,"11:29:05"
432,1119,46,1,2005-05-27,"16:40:29",2005-05-29,"16:20:29"
433,4364,574,2,2005-05-27,"16:40:40",2005-05-30,"19:55:40"
434,3360,246,1,2005-05-27,"16:54:27",2005-06-04,"22:26:27"
435,3328,3,2,2005-05-27,"17:17:09",2005-06-02,"11:20:09"
436,4317,267,2,2005-05-27,"17:21:04",2005-05-30,"21:26:04"
437,1800,525,2,2005-05-27,"17:47:22",2005-06-05,"14:22:22"
438,4260,249,2,2005-05-27,"17:52:34",2005-06-05,"22:23:34"
439,354,319,2,2005-05-27,"17:54:48",2005-06-02,"23:01:48"
440,4452,314,1,2005-05-27,"18:00:35",2005-05-29,"16:15:35"
441,1578,54,1,2005-05-27,"18:11:05",2005-05-30,"22:45:05"
442,1457,403,2,2005-05-27,"18:12:13",2005-05-30,"12:30:13"
443,2021,547,1,2005-05-27,"18:35:20",2005-06-04,"18:58:20"
444,723,239,1,2005-05-27,"18:39:15",2005-06-01,"15:56:15"
445,1757,293,2,2005-05-27,"18:42:57",2005-05-30,"22:35:57"
446,1955,401,2,2005-05-27,"18:48:41",2005-06-03,"16:42:41"
447,3890,133,1,2005-05-27,"18:57:02",2005-06-05,"18:38:02"
448,2671,247,2,2005-05-27,"19:03:08",2005-06-03,"20:28:08"
449,2469,172,2,2005-05-27,"19:13:15",2005-06-04,"01:08:15"
450,1343,247,1,2005-05-27,"19:18:54",2005-06-05,"23:52:54"
451,205,87,2,2005-05-27,"19:27:54",2005-05-29,"01:07:54"
452,2993,127,2,2005-05-27,"19:30:33",2005-05-30,"20:53:33"
453,4425,529,1,2005-05-27,"19:31:16",2005-05-29,"23:06:16"
454,3499,575,1,2005-05-27,"19:31:36",2005-05-30,"15:46:36"
455,3344,343,2,2005-05-27,"19:43:29",2005-06-04,"23:40:29"
456,1699,92,1,2005-05-27,"19:50:06",2005-06-02,"22:14:06"
457,2368,300,2,2005-05-27,"19:52:29",2005-06-02,"17:17:29"
458,3350,565,1,2005-05-27,"19:58:36",2005-06-06,"00:51:36"
459,597,468,1,2005-05-27,"20:00:04",2005-05-29,"22:47:04"
460,4238,240,1,2005-05-27,"20:02:03",2005-05-28,"16:14:03"
461,2077,447,1,2005-05-27,"20:08:55",2005-06-01,"14:32:55"
462,2314,364,2,2005-05-27,"20:10:36",2005-06-03,"21:12:36"
463,826,21,1,2005-05-27,"20:11:47",2005-06-04,"21:18:47"
464,1313,193,2,2005-05-27,"20:42:44",2005-05-30,"00:49:44"
465,20,261,1,2005-05-27,"20:44:36",2005-06-02,"02:43:36"
466,1786,442,1,2005-05-27,"20:57:07",2005-05-29,"15:52:07"
467,339,557,1,2005-05-27,"21:10:03",2005-06-01,"16:08:03"
468,2656,101,2,2005-05-27,"21:13:10",2005-06-04,"15:26:10"
469,4463,154,1,2005-05-27,"21:14:26",2005-06-05,"21:51:26"
470,1613,504,1,2005-05-27,"21:17:08",2005-06-04,"17:47:08"
471,2872,209,2,2005-05-27,"21:32:42",2005-05-31,"00:39:42"
472,1338,528,1,2005-05-27,"21:36:15",2005-05-29,"21:07:15"
473,802,105,1,2005-05-27,"21:36:34",2005-06-05,"17:02:34"
474,1474,274,1,2005-05-27,"22:11:56",2005-05-31,"19:07:56"
475,2520,159,1,2005-05-27,"22:16:26",2005-05-28,"19:58:26"
476,2451,543,1,2005-05-27,"22:31:36",2005-06-03,"19:12:36"
477,2437,161,2,2005-05-27,"22:33:33",2005-06-02,"18:35:33"
478,424,557,2,2005-05-27,"22:38:20",2005-05-31,"18:39:20"
479,2060,231,2,2005-05-27,"22:39:10",2005-06-05,"22:46:10"
480,2108,220,2,2005-05-27,"22:47:39",2005-06-04,"21:17:39"
481,72,445,2,2005-05-27,"22:49:27",2005-05-30,"17:46:27"
482,4178,546,2,2005-05-27,"22:53:02",2005-06-01,"22:53:02"
483,1510,32,1,2005-05-27,"23:00:25",2005-05-28,"21:30:25"
484,3115,491,2,2005-05-27,"23:26:45",2005-05-29,"21:16:45"
485,2392,105,2,2005-05-27,"23:40:52",2005-05-28,"22:40:52"
486,1822,398,1,2005-05-27,"23:51:12",2005-05-28,"20:26:12"
487,3774,569,2,2005-05-28,"00:00:30",2005-05-28,"19:18:30"
488,393,168,2,2005-05-28,"00:07:50",2005-06-03,"22:30:50"
489,1940,476,2,2005-05-28,"00:09:12",2005-05-31,"04:44:12"
490,3524,95,2,2005-05-28,"00:09:56",2005-05-30,"22:32:56"
491,1326,196,2,2005-05-28,"00:13:35",2005-05-29,"00:11:35"
492,1999,228,1,2005-05-28,"00:24:58",2005-05-28,"22:34:58"
493,184,501,1,2005-05-28,"00:34:11",2005-05-30,"18:40:11"
494,1850,64,1,2005-05-28,"00:39:31",2005-06-02,"19:35:31"
495,1007,526,1,2005-05-28,"00:40:48",2005-05-29,"06:07:48"
496,1785,56,1,2005-05-28,"00:43:41",2005-06-04,"03:56:41"
497,2636,20,2,2005-05-28,"00:54:39",2005-06-03,"20:47:39"
498,458,287,2,2005-05-28,"01:01:21",2005-05-30,"21:20:21"
499,2381,199,2,2005-05-28,"01:05:07",2005-06-05,"19:54:07"
500,4500,145,1,2005-05-28,"01:05:25",2005-05-31,"20:04:25"
501,601,162,2,2005-05-28,"01:09:36",2005-05-30,"06:14:36"
502,3131,179,2,2005-05-28,"01:34:43",2005-05-31,"01:02:43"
503,3005,288,2,2005-05-28,"01:35:25",2005-05-28,"22:12:25"
504,2086,170,1,2005-05-28,"02:05:34",2005-05-30,"23:03:34"
505,71,111,1,2005-05-28,"02:06:37",2005-05-29,"06:57:37"
506,667,469,1,2005-05-28,"02:09:19",2005-06-05,"20:34:19"
507,3621,421,2,2005-05-28,"02:31:19",2005-06-02,"05:07:19"
508,4179,434,1,2005-05-28,"02:40:50",2005-06-05,"03:05:50"
509,3416,147,1,2005-05-28,"02:51:12",2005-05-31,"06:27:12"
510,4338,113,2,2005-05-28,"02:52:14",2005-05-30,"21:20:14"
511,3827,296,1,2005-05-28,"03:04:04",2005-06-03,"04:58:04"
512,2176,231,2,2005-05-28,"03:07:50",2005-06-05,"02:12:50"
513,225,489,1,2005-05-28,"03:08:10",2005-05-29,"07:22:10"
514,1697,597,2,2005-05-28,"03:09:28",2005-06-05,"00:49:28"
515,3369,110,2,2005-05-28,"03:10:10",2005-06-04,"02:18:10"
516,4357,400,1,2005-05-28,"03:11:47",2005-06-04,"02:19:47"
517,234,403,1,2005-05-28,"03:17:57",2005-05-29,"06:33:57"
518,4087,480,1,2005-05-28,"03:18:02",2005-05-30,"05:32:02"
519,3564,245,1,2005-05-28,"03:22:33",2005-06-03,"05:06:33"
520,3845,161,1,2005-05-28,"03:27:37",2005-06-04,"05:47:37"
521,2397,374,1,2005-05-28,"03:32:22",2005-05-28,"22:37:22"
522,3195,382,1,2005-05-28,"03:33:20",2005-05-31,"04:23:20"
523,1905,138,2,2005-05-28,"03:53:26",2005-05-31,"05:58:26"
524,1962,223,1,2005-05-28,"03:57:28",2005-05-31,"05:20:28"
525,1817,14,1,2005-05-28,"04:25:33",2005-06-06,"04:18:33"
526,1387,408,1,2005-05-28,"04:27:37",2005-05-30,"07:52:37"
527,266,169,1,2005-05-28,"04:28:38",2005-06-02,"08:19:38"
528,1655,359,2,2005-05-28,"04:30:05",2005-06-03,"10:01:05"
529,2624,469,1,2005-05-28,"04:34:17",2005-05-30,"00:35:17"
530,3332,312,2,2005-05-28,"05:13:01",2005-06-01,"10:21:01"
531,1113,589,2,2005-05-28,"05:23:38",2005-05-29,"08:00:38"
532,2793,120,1,2005-05-28,"05:36:58",2005-06-02,"01:50:58"
533,4306,528,2,2005-05-28,"06:14:46",2005-06-01,"06:26:46"
534,992,184,1,2005-05-28,"06:15:25",2005-06-06,"07:51:25"
535,4209,307,1,2005-05-28,"06:16:32",2005-05-31,"02:48:32"
536,2962,514,2,2005-05-28,"06:17:33",2005-06-03,"10:02:33"
537,3095,315,2,2005-05-28,"06:20:55",2005-06-05,"11:48:55"
538,2262,110,2,2005-05-28,"06:21:05",2005-06-02,"01:22:05"
539,3427,161,1,2005-05-28,"06:26:16",2005-05-30,"02:02:16"
540,3321,119,1,2005-05-28,"06:40:25",2005-06-06,"00:47:25"
541,1662,535,2,2005-05-28,"06:41:58",2005-06-02,"09:12:58"
542,4444,261,1,2005-05-28,"06:42:13",2005-06-03,"09:05:13"
543,530,493,2,2005-05-28,"06:43:34",2005-06-06,"07:16:34"
544,2964,311,1,2005-05-28,"07:03:00",2005-06-06,"06:23:00"
545,1086,54,2,2005-05-28,"07:10:20",2005-06-04,"01:47:20"
546,487,20,1,2005-05-28,"07:16:25",2005-06-01,"08:36:25"
547,2065,506,2,2005-05-28,"07:24:28",2005-06-06,"01:31:28"
548,3704,450,2,2005-05-28,"07:34:56",2005-06-05,"03:14:56"
549,1818,159,1,2005-05-28,"07:35:37",2005-06-02,"09:08:37"
550,3632,432,2,2005-05-28,"07:39:16",2005-06-06,"12:20:16"
551,3119,315,2,2005-05-28,"07:44:18",2005-06-02,"12:55:18"
552,23,106,2,2005-05-28,"07:53:38",2005-06-04,"12:45:38"
553,1349,176,2,2005-05-28,"08:14:44",2005-06-02,"03:01:44"
554,1951,376,2,2005-05-28,"08:23:16",2005-05-31,"03:29:16"
555,4397,55,2,2005-05-28,"08:31:14",2005-05-30,"07:34:14"
556,1814,22,2,2005-05-28,"08:31:36",2005-06-06,"07:29:36"
557,158,444,2,2005-05-28,"08:36:22",2005-06-03,"10:42:22"
558,4163,442,1,2005-05-28,"08:38:43",2005-06-06,"13:52:43"
559,1227,572,2,2005-05-28,"08:39:02",2005-06-05,"08:38:02"
560,644,463,2,2005-05-28,"08:53:02",2005-06-04,"12:27:02"
561,928,77,1,2005-05-28,"08:54:06",2005-06-05,"05:54:06"
562,3390,102,2,2005-05-28,"09:01:21",2005-06-02,"05:26:21"
563,53,324,1,2005-05-28,"09:10:49",2005-06-06,"11:32:49"
564,2973,282,1,2005-05-28,"09:12:09",2005-05-29,"05:07:09"
565,1494,288,1,2005-05-28,"09:26:31",2005-06-01,"07:28:31"
566,4330,253,1,2005-05-28,"09:51:39",2005-06-05,"09:35:39"
567,3308,184,2,2005-05-28,"09:56:20",2005-06-01,"06:41:20"
568,2232,155,1,2005-05-28,"09:57:36",2005-05-31,"15:44:36"
569,4534,56,2,2005-05-28,"10:12:41",2005-06-03,"10:08:41"
570,1122,21,1,2005-05-28,"10:15:04",2005-05-30,"08:32:04"
571,4250,516,1,2005-05-28,"10:17:41",2005-06-05,"07:56:41"
572,1899,337,2,2005-05-28,"10:30:13",2005-06-02,"05:04:13"
573,4020,1,1,2005-05-28,"10:35:23",2005-06-03,"06:32:23"
574,3883,76,1,2005-05-28,"10:44:28",2005-06-04,"11:42:28"
575,4451,142,1,2005-05-28,"10:56:09",2005-06-05,"15:39:09"
576,1866,588,2,2005-05-28,"10:56:10",2005-06-04,"13:15:10"
577,375,6,2,2005-05-28,"11:09:14",2005-06-01,"13:27:14"
578,2938,173,1,2005-05-28,"11:15:48",2005-06-02,"09:59:48"
579,3481,181,1,2005-05-28,"11:19:23",2005-06-02,"13:51:23"
580,3515,17,2,2005-05-28,"11:19:53",2005-06-01,"10:44:53"
581,1380,186,2,2005-05-28,"11:20:29",2005-06-04,"12:37:29"
582,4579,198,1,2005-05-28,"11:33:46",2005-05-29,"08:33:46"
583,2679,386,2,2005-05-28,"11:48:55",2005-06-04,"07:09:55"
584,1833,69,1,2005-05-28,"11:49:00",2005-06-01,"11:54:00"
585,3544,490,2,2005-05-28,"11:50:45",2005-06-03,"15:35:45"
586,898,77,1,2005-05-28,"12:03:00",2005-05-29,"13:16:00"
587,1413,64,2,2005-05-28,"12:05:33",2005-05-30,"13:45:33"
588,95,89,2,2005-05-28,"12:08:37",2005-05-29,"16:25:37"
589,4231,308,2,2005-05-28,"12:27:50",2005-06-03,"07:15:50"
590,473,462,1,2005-05-28,"13:06:50",2005-06-02,"09:18:50"
591,377,19,2,2005-05-28,"13:11:04",2005-05-29,"17:20:04"
592,638,244,1,2005-05-28,"13:21:08",2005-05-29,"16:55:08"
593,1810,16,2,2005-05-28,"13:33:23",2005-05-30,"17:10:23"
594,2766,538,1,2005-05-28,"13:41:56",2005-05-30,"12:00:56"
595,595,294,1,2005-05-28,"13:59:54",2005-06-05,"15:16:54"
596,821,589,1,2005-05-28,"14:00:03",2005-05-29,"17:10:03"
597,4469,249,2,2005-05-28,"14:01:02",2005-06-06,"19:06:02"
598,599,159,2,2005-05-28,"14:04:50",2005-06-03,"18:00:50"
599,4136,393,2,2005-05-28,"14:05:57",2005-06-01,"16:41:57"
600,1567,332,2,2005-05-28,"14:08:19",2005-06-03,"11:57:19"
601,3225,429,1,2005-05-28,"14:08:22",2005-06-04,"10:50:22"
602,1300,590,2,2005-05-28,"14:15:54",2005-06-05,"15:16:54"
603,3248,537,1,2005-05-28,"14:27:51",2005-05-29,"13:13:51"
604,1585,426,2,2005-05-28,"14:37:07",2005-06-03,"11:03:07"
605,4232,501,2,2005-05-28,"14:39:10",2005-06-01,"09:28:10"
606,3509,299,2,2005-05-28,"14:48:39",2005-06-04,"09:44:39"
607,2561,554,2,2005-05-28,"15:02:41",2005-05-30,"12:54:41"
608,4254,494,2,2005-05-28,"15:03:44",2005-06-04,"17:14:44"
609,2944,150,2,2005-05-28,"15:04:02",2005-06-05,"14:47:02"
610,3642,500,2,2005-05-28,"15:15:25",2005-06-02,"12:30:25"
611,1230,580,2,2005-05-28,"15:18:18",2005-05-31,"20:15:18"
612,2180,161,2,2005-05-28,"15:24:54",2005-05-30,"14:22:54"
613,270,595,1,2005-05-28,"15:27:22",2005-06-02,"20:01:22"
614,280,307,2,2005-05-28,"15:33:28",2005-06-04,"12:27:28"
615,3397,533,2,2005-05-28,"15:35:52",2005-06-03,"17:35:52"
616,989,471,1,2005-05-28,"15:45:39",2005-06-02,"09:55:39"
617,4142,372,2,2005-05-28,"15:49:14",2005-05-31,"14:29:14"
618,4445,248,1,2005-05-28,"15:50:07",2005-06-01,"19:45:07"
619,2482,407,2,2005-05-28,"15:52:26",2005-06-06,"17:55:26"
620,2444,321,1,2005-05-28,"15:54:45",2005-06-04,"20:26:45"
621,1144,239,1,2005-05-28,"15:58:12",2005-05-30,"21:54:12"
622,2363,109,1,2005-05-28,"15:58:22",2005-06-04,"10:13:22"
623,1222,495,1,2005-05-28,"16:01:28",2005-05-30,"11:19:28"
624,3660,569,1,2005-05-28,"16:13:22",2005-06-06,"20:35:22"
625,2889,596,1,2005-05-28,"16:35:46",2005-06-01,"14:19:46"
626,452,584,2,2005-05-28,"16:58:09",2005-06-01,"14:02:09"
627,425,241,2,2005-05-28,"17:04:43",2005-06-04,"19:58:43"
628,2513,173,2,2005-05-28,"17:05:46",2005-06-06,"16:29:46"
629,1527,94,2,2005-05-28,"17:19:15",2005-06-02,"20:01:15"
630,1254,417,2,2005-05-28,"17:24:51",2005-06-05,"20:05:51"
631,2465,503,2,2005-05-28,"17:36:32",2005-06-03,"14:56:32"
632,1287,442,1,2005-05-28,"17:37:50",2005-06-03,"16:04:50"
633,58,360,2,2005-05-28,"17:37:59",2005-06-03,"22:49:59"
634,2630,428,2,2005-05-28,"17:40:35",2005-06-05,"16:18:35"
635,1648,42,1,2005-05-28,"17:46:57",2005-06-06,"18:24:57"
636,4213,239,1,2005-05-28,"17:47:58",2005-06-04,"16:32:58"
637,1581,250,2,2005-05-28,"18:14:29",2005-05-29,"23:48:29"
638,2685,372,2,2005-05-28,"18:24:43",2005-06-02,"19:03:43"
639,4204,198,1,2005-05-28,"18:25:02",2005-05-29,"18:22:02"
640,495,465,1,2005-05-28,"18:43:26",2005-05-30,"13:39:26"
641,3548,396,1,2005-05-28,"18:45:47",2005-06-04,"15:24:47"
642,140,157,2,2005-05-28,"18:49:12",2005-06-01,"20:50:12"
643,3105,240,2,2005-05-28,"18:52:11",2005-05-31,"15:15:11"
644,4304,316,1,2005-05-28,"18:59:12",2005-06-04,"18:06:12"
645,3128,505,1,2005-05-28,"19:14:09",2005-06-05,"14:01:09"
646,1922,185,2,2005-05-28,"19:16:14",2005-05-31,"16:50:14"
647,3435,569,1,2005-05-28,"19:22:52",2005-06-01,"00:10:52"
648,3476,253,2,2005-05-28,"19:25:54",2005-06-03,"15:57:54"
649,1781,197,1,2005-05-28,"19:35:45",2005-06-05,"16:00:45"
650,4384,281,1,2005-05-28,"19:45:40",2005-05-29,"21:02:40"
651,739,266,1,2005-05-28,"19:46:50",2005-05-30,"16:29:50"
652,1201,43,2,2005-05-28,"20:08:47",2005-05-29,"14:57:47"
653,126,327,2,2005-05-28,"20:12:20",2005-06-04,"14:44:20"
654,2312,23,2,2005-05-28,"20:15:30",2005-05-30,"22:02:30"
655,331,287,2,2005-05-28,"20:16:20",2005-05-31,"16:46:20"
656,2846,437,1,2005-05-28,"20:18:24",2005-05-30,"16:19:24"
657,848,65,1,2005-05-28,"20:23:09",2005-06-01,"02:11:09"
658,3226,103,2,2005-05-28,"20:23:23",2005-06-06,"19:31:23"
659,1382,207,2,2005-05-28,"20:27:53",2005-05-31,"01:36:53"
660,1414,578,1,2005-05-28,"20:53:31",2005-05-30,"15:26:31"
661,2247,51,2,2005-05-28,"21:01:25",2005-06-02,"01:22:25"
662,2968,166,2,2005-05-28,"21:09:31",2005-06-01,"19:00:31"
663,3997,176,2,2005-05-28,"21:23:02",2005-06-02,"17:39:02"
664,87,523,2,2005-05-28,"21:31:08",2005-06-02,"20:56:08"
665,1012,415,1,2005-05-28,"21:38:39",2005-05-29,"21:37:39"
666,3075,437,2,2005-05-28,"21:48:51",2005-06-05,"16:45:51"
667,797,596,1,2005-05-28,"21:49:02",2005-05-31,"03:07:02"
668,3528,484,1,2005-05-28,"21:54:45",2005-05-29,"22:32:45"
669,3677,313,1,2005-05-28,"22:03:25",2005-06-03,"03:39:25"
670,227,201,2,2005-05-28,"22:04:03",2005-06-06,"22:43:03"
671,1027,14,2,2005-05-28,"22:04:30",2005-06-03,"01:21:30"
672,697,306,2,2005-05-28,"22:05:29",2005-06-06,"02:10:29"
673,1769,468,1,2005-05-28,"22:07:30",2005-06-01,"23:42:30"
674,1150,87,2,2005-05-28,"22:11:35",2005-06-01,"23:58:35"
675,1273,338,2,2005-05-28,"22:22:44",2005-06-01,"02:57:44"
676,2329,490,2,2005-05-28,"22:27:51",2005-05-29,"20:36:51"
677,4558,194,2,2005-05-28,"23:00:08",2005-06-05,"19:11:08"
678,3741,269,2,2005-05-28,"23:15:48",2005-06-03,"04:43:48"
679,907,526,2,2005-05-28,"23:24:57",2005-06-06,"21:59:57"
680,4147,482,2,2005-05-28,"23:27:26",2005-06-02,"02:28:26"
681,3346,531,1,2005-05-28,"23:39:44",2005-06-01,"01:42:44"
682,3160,148,2,2005-05-28,"23:53:18",2005-05-29,"19:14:18"
683,2038,197,1,2005-05-29,"00:09:48",2005-06-02,"04:27:48"
684,3242,461,2,2005-05-29,"00:13:15",2005-06-04,"21:26:15"
685,1385,172,2,2005-05-29,"00:17:51",2005-06-05,"05:32:51"
686,2441,411,1,2005-05-29,"00:27:10",2005-05-30,"02:29:10"
687,1731,250,1,2005-05-29,"00:32:09",2005-05-31,"23:53:09"
688,4135,162,1,2005-05-29,"00:45:24",2005-06-02,"01:30:24"
689,742,571,2,2005-05-29,"00:46:53",2005-06-03,"23:48:53"
690,2646,85,1,2005-05-29,"00:54:53",2005-06-06,"00:45:53"
691,4034,433,1,2005-05-29,"01:01:26",2005-06-07,"06:21:26"
692,800,18,2,2005-05-29,"01:32:10",2005-06-02,"03:54:10"
693,635,190,2,2005-05-29,"01:42:31",2005-06-03,"02:29:31"
694,592,399,1,2005-05-29,"01:49:43",2005-06-05,"06:52:43"
695,4276,528,1,2005-05-29,"01:50:53",2005-06-03,"02:28:53"
696,2076,19,1,2005-05-29,"01:59:10",2005-06-01,"02:45:10"
697,3949,387,2,2005-05-29,"02:04:04",2005-06-04,"00:47:04"
698,1412,109,1,2005-05-29,"02:10:52",2005-06-01,"21:52:52"
699,130,246,2,2005-05-29,"02:11:44",2005-06-04,"20:23:44"
700,500,117,1,2005-05-29,"02:18:54",2005-05-30,"05:54:54"
701,372,112,1,2005-05-29,"02:26:27",2005-06-03,"04:59:27"
702,2556,475,2,2005-05-29,"02:27:30",2005-05-30,"01:52:30"
703,1123,269,2,2005-05-29,"02:29:36",2005-06-03,"04:54:36"
704,2628,330,2,2005-05-29,"02:44:43",2005-06-06,"01:51:43"
705,2809,257,1,2005-05-29,"02:48:52",2005-05-30,"06:21:52"
706,2278,60,1,2005-05-29,"03:05:49",2005-06-04,"22:48:49"
707,819,252,1,2005-05-29,"03:18:19",2005-05-30,"02:45:19"
708,3133,127,2,2005-05-29,"03:23:47",2005-05-31,"21:27:47"
709,2459,479,1,2005-05-29,"03:48:01",2005-06-06,"05:21:01"
710,194,518,1,2005-05-29,"03:48:36",2005-06-03,"05:03:36"
711,4581,215,2,2005-05-29,"03:49:03",2005-05-31,"08:29:03"
712,4191,313,2,2005-05-29,"04:02:24",2005-05-30,"03:09:24"
713,3664,507,1,2005-05-29,"04:10:17",2005-06-07,"07:13:17"
714,2010,452,2,2005-05-29,"04:15:21",2005-06-01,"23:05:21"
715,2030,545,1,2005-05-29,"04:22:41",2005-06-05,"09:28:41"
716,85,36,2,2005-05-29,"04:35:29",2005-06-01,"07:42:29"
717,1383,412,2,2005-05-29,"04:37:44",2005-05-30,"05:48:44"
718,1736,498,1,2005-05-29,"04:52:23",2005-06-02,"02:27:23"
719,267,245,2,2005-05-29,"05:16:05",2005-06-01,"07:53:05"
720,3687,480,2,2005-05-29,"05:17:30",2005-06-06,"02:47:30"
721,1116,44,1,2005-05-29,"05:28:47",2005-05-31,"11:24:47"
722,4540,259,1,2005-05-29,"05:30:31",2005-06-06,"04:51:31"
723,3407,309,1,2005-05-29,"05:34:44",2005-05-30,"05:50:44"
724,3770,416,2,2005-05-29,"05:53:23",2005-06-05,"04:01:23"
725,4088,245,2,2005-05-29,"06:03:41",2005-06-03,"08:52:41"
726,933,452,2,2005-05-29,"06:05:29",2005-06-05,"04:40:29"
727,1629,484,1,2005-05-29,"06:08:15",2005-05-30,"07:16:15"
728,242,551,1,2005-05-29,"06:12:38",2005-06-03,"07:41:38"
729,1688,323,2,2005-05-29,"06:35:13",2005-06-04,"03:23:13"
730,3473,197,1,2005-05-29,"07:00:59",2005-06-06,"01:17:59"
731,4124,5,1,2005-05-29,"07:25:16",2005-05-30,"05:21:16"
732,2530,447,2,2005-05-29,"07:32:51",2005-05-30,"10:08:51"
733,2951,363,1,2005-05-29,"07:35:21",2005-06-05,"09:14:21"
734,3084,538,2,2005-05-29,"07:38:52",2005-06-03,"10:17:52"
735,3421,454,1,2005-05-29,"08:08:13",2005-06-07,"13:35:13"
736,3689,276,2,2005-05-29,"08:10:07",2005-06-05,"10:21:07"
737,769,589,2,2005-05-29,"08:11:31",2005-06-04,"11:18:31"
738,2284,256,2,2005-05-29,"08:20:08",2005-06-06,"08:59:08"
739,1183,84,2,2005-05-29,"08:28:18",2005-06-06,"09:21:18"
740,600,89,2,2005-05-29,"08:30:36",2005-06-04,"12:47:36"
741,3189,495,1,2005-05-29,"08:35:49",2005-06-04,"11:55:49"
742,273,483,1,2005-05-29,"08:36:30",2005-06-05,"11:30:30"
743,2528,548,2,2005-05-29,"08:39:02",2005-06-06,"08:42:02"
744,3722,420,2,2005-05-29,"09:13:08",2005-06-01,"07:05:08"
745,581,152,1,2005-05-29,"09:22:57",2005-06-01,"09:10:57"
746,4272,130,2,2005-05-29,"09:25:10",2005-06-02,"04:20:10"
747,1993,291,1,2005-05-29,"09:26:34",2005-06-05,"07:28:34"
748,2803,7,1,2005-05-29,"09:27:00",2005-06-03,"04:25:00"
749,1146,375,2,2005-05-29,"09:33:33",2005-05-31,"11:45:33"
750,730,269,1,2005-05-29,"09:41:40",2005-05-30,"13:31:40"
751,2711,53,1,2005-05-29,"09:55:43",2005-06-02,"04:54:43"
752,1720,126,1,2005-05-29,"10:14:15",2005-06-04,"06:30:15"
753,1021,135,2,2005-05-29,"10:16:42",2005-06-05,"08:52:42"
754,734,281,2,2005-05-29,"10:18:59",2005-06-04,"05:03:59"
755,3090,576,2,2005-05-29,"10:26:29",2005-06-01,"10:25:29"
756,3152,201,1,2005-05-29,"10:28:45",2005-06-04,"12:50:45"
757,1067,435,1,2005-05-29,"10:29:47",2005-06-07,"15:27:47"
758,1191,563,2,2005-05-29,"10:31:56",2005-06-01,"14:53:56"
759,2367,179,2,2005-05-29,"10:57:57",2005-06-07,"16:23:57"
760,3250,77,1,2005-05-29,"11:07:25",2005-06-02,"14:16:25"
761,2342,58,2,2005-05-29,"11:09:01",2005-06-03,"16:18:01"
762,3683,146,1,2005-05-29,"11:15:51",2005-06-06,"07:48:51"
763,2022,50,1,2005-05-29,"11:32:15",2005-05-31,"17:31:15"
764,1069,149,1,2005-05-29,"11:37:35",2005-05-31,"16:47:35"
765,515,69,1,2005-05-29,"11:38:34",2005-06-02,"17:04:34"
766,2154,383,1,2005-05-29,"11:47:02",2005-06-06,"07:14:02"
767,687,67,2,2005-05-29,"12:20:19",2005-06-02,"14:15:19"
768,2895,566,2,2005-05-29,"12:30:46",2005-06-07,"09:00:46"
769,1523,575,1,2005-05-29,"12:51:44",2005-06-01,"17:43:44"
770,2491,405,2,2005-05-29,"12:56:50",2005-06-07,"15:54:50"
771,353,476,2,2005-05-29,"12:59:14",2005-06-01,"16:05:14"
772,3319,556,1,2005-05-29,"13:08:06",2005-06-06,"08:19:06"
773,245,563,1,2005-05-29,"13:18:05",2005-06-07,"17:22:05"
774,1188,575,1,2005-05-29,"13:19:43",2005-06-01,"18:51:43"
775,1197,124,2,2005-05-29,"13:23:26",2005-05-30,"07:53:26"
776,4339,113,1,2005-05-29,"13:35:35",2005-06-03,"17:33:35"
777,451,360,2,2005-05-29,"14:07:58",2005-06-03,"08:41:58"
778,1816,535,1,2005-05-29,"14:09:53",2005-06-05,"20:05:53"
779,533,105,1,2005-05-29,"14:17:17",2005-06-06,"16:46:17"
780,1919,300,1,2005-05-29,"14:18:32",2005-06-06,"20:14:32"
781,88,313,1,2005-05-29,"14:23:58",2005-05-30,"17:44:58"
782,2255,596,2,2005-05-29,"14:38:57",2005-06-02,"13:18:57"
783,3046,53,2,2005-05-29,"14:41:18",2005-06-06,"10:39:18"
784,2936,352,2,2005-05-29,"14:44:22",2005-06-01,"17:28:22"
785,39,72,1,2005-05-29,"15:08:41",2005-05-30,"15:51:41"
786,2637,439,2,2005-05-29,"15:17:28",2005-06-07,"10:07:28"
787,3919,27,2,2005-05-29,"16:03:03",2005-06-07,"11:07:03"
788,763,562,1,2005-05-29,"16:13:55",2005-05-31,"16:40:55"
789,708,553,1,2005-05-29,"16:17:07",2005-06-06,"18:15:07"
790,2858,593,2,2005-05-29,"16:19:29",2005-06-02,"17:22:29"
791,1554,284,1,2005-05-29,"16:30:42",2005-06-01,"19:11:42"
792,2841,261,1,2005-05-29,"16:32:10",2005-05-31,"18:01:10"
793,379,528,2,2005-05-29,"16:44:08",2005-06-06,"19:21:08"
794,1995,50,1,2005-05-29,"16:44:11",2005-06-05,"16:11:11"
795,609,551,2,2005-05-29,"16:57:39",2005-06-01,"11:33:39"
796,2697,26,2,2005-05-29,"16:59:44",2005-06-03,"16:22:44"
797,1446,244,1,2005-05-29,"17:12:17",2005-06-03,"16:06:17"
798,1102,134,2,2005-05-29,"17:23:43",2005-06-01,"13:06:43"
799,1713,429,1,2005-05-29,"17:24:48",2005-06-05,"12:25:48"
800,441,472,1,2005-05-29,"17:28:12",2005-05-30,"14:59:12"
801,1642,402,2,2005-05-29,"17:35:50",2005-06-04,"17:05:50"
802,785,350,2,2005-05-29,"17:38:59",2005-05-31,"22:42:59"
803,1602,32,2,2005-05-29,"17:52:30",2005-05-30,"14:35:30"
804,3909,171,1,2005-05-29,"18:10:24",2005-06-06,"22:53:24"
805,3132,232,2,2005-05-29,"18:18:18",2005-06-07,"15:11:18"
806,2386,435,2,2005-05-29,"18:31:30",2005-05-31,"00:18:30"
807,2195,235,2,2005-05-29,"18:50:50",2005-06-03,"18:36:50"
808,1928,104,2,2005-05-29,"19:08:20",2005-06-06,"20:32:20"
809,2114,222,2,2005-05-29,"19:10:20",2005-06-05,"19:05:20"
810,2533,346,2,2005-05-29,"19:12:04",2005-06-04,"21:12:04"
811,4419,401,2,2005-05-29,"19:30:42",2005-06-02,"16:19:42"
812,1099,225,2,2005-05-29,"20:00:30",2005-05-30,"19:43:30"
813,4554,344,1,2005-05-29,"20:14:34",2005-06-05,"20:56:34"
814,1572,134,1,2005-05-29,"20:16:12",2005-06-07,"17:47:12"
815,3757,14,1,2005-05-29,"20:24:28",2005-06-03,"15:32:28"
816,630,474,2,2005-05-29,"20:26:39",2005-06-06,"22:31:39"
817,186,554,1,2005-05-29,"20:39:14",2005-05-31,"18:24:14"
818,4106,321,2,2005-05-29,"20:47:53",2005-06-02,"23:18:53"
819,623,511,2,2005-05-29,"21:00:32",2005-06-02,"15:15:32"
820,2584,22,2,2005-05-29,"21:07:22",2005-06-07,"00:22:22"
821,3380,348,1,2005-05-29,"21:31:12",2005-06-04,"22:49:12"
822,2634,480,1,2005-05-29,"21:36:00",2005-06-07,"17:24:00"
823,3249,441,1,2005-05-29,"21:39:37",2005-05-30,"22:06:37"
824,3518,357,1,2005-05-29,"21:45:32",2005-05-31,"19:01:32"
825,712,371,2,2005-05-29,"21:49:41",2005-06-04,"20:27:41"
826,2263,207,1,2005-05-29,"21:56:15",2005-06-08,"03:18:15"
827,62,573,1,2005-05-29,"21:58:43",2005-06-06,"00:54:43"
828,2468,217,1,2005-05-29,"22:14:55",2005-05-30,"17:22:55"
829,1684,371,1,2005-05-29,"22:16:42",2005-06-06,"01:38:42"
830,3464,3,1,2005-05-29,"22:43:55",2005-06-01,"17:43:55"
831,3912,509,1,2005-05-29,"22:50:25",2005-06-06,"02:27:25"
832,1381,159,2,2005-05-29,"22:51:20",2005-06-07,"17:37:20"
833,2898,417,1,2005-05-29,"23:21:56",2005-06-02,"18:40:56"
834,3628,84,2,2005-05-29,"23:24:30",2005-05-30,"22:00:30"
835,299,381,1,2005-05-29,"23:37:00",2005-06-02,"23:38:00"
836,3140,368,2,2005-05-29,"23:56:42",2005-05-31,"04:11:42"
837,977,172,2,2005-05-30,"00:02:08",2005-06-02,"05:31:08"
838,2859,504,2,2005-05-30,"00:27:57",2005-06-06,"22:19:57"
839,1886,337,1,2005-05-30,"00:28:12",2005-06-08,"02:43:12"
840,4049,79,2,2005-05-30,"00:28:41",2005-05-31,"20:39:41"
841,4318,387,1,2005-05-30,"00:31:17",2005-06-02,"19:14:17"
842,2328,238,1,2005-05-30,"00:32:04",2005-06-01,"02:21:04"
843,2214,313,2,2005-05-30,"00:44:24",2005-05-31,"00:58:24"
844,536,429,1,2005-05-30,"00:58:20",2005-06-01,"00:38:20"
845,2001,72,1,2005-05-30,"01:17:25",2005-06-07,"02:00:25"
846,938,49,2,2005-05-30,"01:17:45",2005-06-01,"00:56:45"
847,4387,380,2,2005-05-30,"01:18:15",2005-06-06,"20:20:15"
848,1363,436,1,2005-05-30,"01:19:53",2005-06-05,"23:40:53"
849,2424,449,1,2005-05-30,"01:23:07",2005-06-07,"01:50:07"
850,2390,517,1,2005-05-30,"01:35:12",2005-05-31,"01:51:12"
851,2780,530,1,2005-05-30,"01:35:15",2005-06-06,"07:27:15"
852,1622,549,1,2005-05-30,"01:36:57",2005-06-01,"22:44:57"
853,3693,122,1,2005-05-30,"01:43:31",2005-06-01,"02:05:31"
854,921,369,2,2005-05-30,"01:56:11",2005-06-01,"06:34:11"
855,2527,406,2,2005-05-30,"02:00:28",2005-06-03,"20:16:28"
856,3969,53,1,2005-05-30,"02:01:21",2005-06-07,"03:25:21"
857,2569,204,2,2005-05-30,"02:01:23",2005-06-02,"06:07:23"
858,1258,358,1,2005-05-30,"02:10:32",2005-06-01,"04:42:32"
859,3032,79,2,2005-05-30,"02:36:20",2005-06-02,"07:49:20"
860,578,276,1,2005-05-30,"02:45:16",2005-06-08,"07:28:16"
861,3711,502,1,2005-05-30,"02:48:32",2005-06-06,"05:43:32"
862,1186,328,1,2005-05-30,"03:09:11",2005-06-03,"21:27:11"
863,3999,379,2,2005-05-30,"03:14:59",2005-06-05,"04:34:59"
864,2777,544,1,2005-05-30,"03:27:17",2005-06-06,"08:28:17"
865,3183,154,2,2005-05-30,"03:39:44",2005-06-07,"08:10:44"
866,2867,8,1,2005-05-30,"03:43:54",2005-06-08,"04:28:54"
867,3389,99,1,2005-05-30,"03:54:43",2005-06-01,"22:59:43"
868,3604,28,1,2005-05-30,"04:19:55",2005-05-31,"02:28:55"
869,3399,296,2,2005-05-30,"04:22:06",2005-06-03,"09:18:06"
870,2903,391,1,2005-05-30,"04:25:47",2005-06-06,"04:32:47"
871,4573,303,2,2005-05-30,"05:01:30",2005-06-04,"06:22:30"
872,3904,548,1,2005-05-30,"05:03:04",2005-06-06,"10:35:04"
873,4568,375,2,2005-05-30,"05:15:20",2005-06-07,"00:49:20"
874,363,52,1,2005-05-30,"05:36:21",2005-06-01,"09:32:21"
875,1428,326,2,2005-05-30,"05:38:24",2005-06-06,"00:34:24"
876,1471,339,2,2005-05-30,"05:41:22",2005-06-07,"09:06:22"
877,886,9,1,2005-05-30,"05:48:59",2005-06-02,"09:30:59"
878,4265,323,1,2005-05-30,"05:49:13",2005-06-07,"04:35:13"
879,4021,482,2,2005-05-30,"05:49:42",2005-06-05,"01:45:42"
880,1819,460,2,2005-05-30,"06:12:33",2005-06-02,"04:35:33"
881,602,242,1,2005-05-30,"06:15:36",2005-06-02,"10:21:36"
882,3841,477,1,2005-05-30,"06:16:06",2005-06-02,"11:57:06"
883,2271,399,2,2005-05-30,"06:21:05",2005-06-07,"04:50:05"
884,4079,17,1,2005-05-30,"06:41:32",2005-05-31,"07:39:32"
885,646,62,2,2005-05-30,"06:54:28",2005-06-03,"07:03:28"
886,4356,393,2,2005-05-30,"06:54:51",2005-06-01,"06:04:51"
887,2727,16,2,2005-05-30,"07:10:00",2005-06-01,"06:48:00"
888,387,128,1,2005-05-30,"07:13:14",2005-06-06,"09:50:14"
889,1299,114,2,2005-05-30,"07:14:53",2005-05-31,"07:56:53"
890,1464,349,1,2005-05-30,"07:43:04",2005-06-01,"11:26:04"
891,2611,391,1,2005-05-30,"07:43:12",2005-06-08,"09:21:12"
892,471,274,1,2005-05-30,"08:02:56",2005-06-05,"12:51:56"
893,3260,502,2,2005-05-30,"08:06:59",2005-06-07,"08:23:59"
894,1118,400,1,2005-05-30,"08:31:31",2005-06-07,"12:39:31"
895,2744,192,1,2005-05-30,"08:50:43",2005-06-05,"10:58:43"
896,2817,207,2,2005-05-30,"09:03:52",2005-06-05,"07:37:52"
897,1334,432,1,2005-05-30,"09:10:01",2005-06-08,"03:43:01"
898,3497,384,2,2005-05-30,"09:26:19",2005-06-01,"10:45:19"
899,1096,156,2,2005-05-30,"09:29:30",2005-06-06,"12:39:30"
900,3543,586,1,2005-05-30,"09:38:41",2005-06-07,"11:54:41"
901,760,259,1,2005-05-30,"09:40:40",2005-06-02,"10:32:40"
902,1514,561,1,2005-05-30,"09:53:36",2005-06-07,"12:10:36"
903,2423,197,1,2005-05-30,"10:11:29",2005-06-03,"09:33:29"
904,2466,44,2,2005-05-30,"10:19:42",2005-06-05,"04:58:42"
905,4372,50,1,2005-05-30,"10:25:00",2005-06-06,"06:23:00"
906,1862,549,2,2005-05-30,"10:30:38",2005-06-07,"06:44:38"
907,3320,506,1,2005-05-30,"10:37:27",2005-06-02,"09:51:27"
908,4427,85,1,2005-05-30,"10:38:37",2005-06-03,"09:56:37"
909,3775,486,1,2005-05-30,"10:43:38",2005-06-08,"12:07:38"
910,2601,374,1,2005-05-30,"10:46:16",2005-06-04,"13:32:16"
911,1404,366,2,2005-05-30,"10:50:22",2005-06-07,"12:26:22"
912,3200,390,2,2005-05-30,"10:58:33",2005-05-31,"09:31:33"
913,3213,369,2,2005-05-30,"11:04:58",2005-06-07,"13:22:58"
914,1393,596,2,2005-05-30,"11:06:00",2005-06-04,"06:07:00"
915,1859,115,1,2005-05-30,"11:20:27",2005-06-02,"11:55:27"
916,1290,6,1,2005-05-30,"11:25:01",2005-05-31,"09:06:01"
917,3629,385,1,2005-05-30,"11:27:06",2005-06-02,"08:31:06"
918,818,197,2,2005-05-30,"11:32:24",2005-05-31,"07:55:24"
919,4052,374,2,2005-05-30,"11:35:06",2005-06-02,"13:16:06"
920,3860,584,2,2005-05-30,"11:44:01",2005-06-02,"08:19:01"
921,1827,508,2,2005-05-30,"11:53:09",2005-06-03,"10:00:09"
922,2442,550,2,2005-05-30,"11:55:55",2005-06-08,"10:12:55"
923,1884,37,1,2005-05-30,"11:58:50",2005-06-05,"09:57:50"
924,3279,293,1,2005-05-30,"12:10:59",2005-06-04,"17:28:59"
925,3203,137,2,2005-05-30,"12:13:52",2005-06-02,"14:41:52"
926,4327,76,2,2005-05-30,"12:15:54",2005-06-01,"08:53:54"
927,1158,167,2,2005-05-30,"12:16:40",2005-05-31,"16:20:40"
928,246,79,2,2005-05-30,"12:27:14",2005-06-05,"13:56:14"
929,4296,536,1,2005-05-30,"12:32:39",2005-06-06,"12:17:39"
930,2835,141,2,2005-05-30,"12:44:57",2005-06-04,"10:53:57"
931,3384,421,1,2005-05-30,"12:53:01",2005-05-31,"14:28:01"
932,719,198,2,2005-05-30,"12:55:36",2005-05-31,"10:30:36"
933,3672,66,1,2005-05-30,"13:08:45",2005-06-01,"18:56:45"
934,3595,60,2,2005-05-30,"13:24:46",2005-06-08,"16:44:46"
935,2421,256,1,2005-05-30,"13:29:36",2005-06-02,"11:08:36"
936,901,469,1,2005-05-30,"13:52:49",2005-06-07,"16:56:49"
937,1054,304,2,2005-05-30,"14:47:31",2005-06-05,"09:53:31"
938,1521,46,2,2005-05-30,"14:47:31",2005-06-04,"10:10:31"
939,1314,367,1,2005-05-30,"14:49:34",2005-06-01,"19:00:34"
940,1278,534,1,2005-05-30,"15:01:02",2005-06-01,"18:26:02"
941,3630,562,1,2005-05-30,"15:02:25",2005-06-01,"17:19:25"
942,4279,473,2,2005-05-30,"15:05:47",2005-06-08,"15:59:47"
943,3737,57,1,2005-05-30,"15:20:19",2005-06-06,"18:53:19"
944,151,131,2,2005-05-30,"15:26:24",2005-06-07,"18:09:24"
945,1441,357,2,2005-05-30,"15:33:17",2005-06-02,"15:02:17"
946,1264,486,1,2005-05-30,"15:35:08",2005-06-08,"11:38:08"
947,4478,62,1,2005-05-30,"15:36:57",2005-06-04,"18:48:57"
948,585,245,2,2005-05-30,"15:44:27",2005-06-08,"17:30:27"
949,2202,368,1,2005-05-30,"15:50:39",2005-06-03,"14:25:39"
950,491,83,1,2005-05-30,"16:06:08",2005-06-01,"11:43:08"
951,1395,59,2,2005-05-30,"16:10:35",2005-05-31,"19:01:35"
952,4389,311,2,2005-05-30,"16:28:07",2005-06-02,"16:12:07"
953,2194,210,1,2005-05-30,"16:34:02",2005-05-31,"20:34:02"
954,1231,297,2,2005-05-30,"16:57:29",2005-06-08,"13:30:29"
955,4140,301,2,2005-05-30,"16:59:03",2005-05-31,"11:58:03"
956,647,296,2,2005-05-30,"17:30:28",2005-06-07,"13:54:28"
957,4428,440,2,2005-05-30,"17:53:29",2005-06-03,"15:31:29"
958,548,186,2,2005-05-30,"17:58:03",2005-06-01,"19:17:03"
959,3108,535,2,2005-05-30,"18:07:00",2005-06-02,"14:37:00"
960,1966,445,2,2005-05-30,"18:13:23",2005-06-04,"00:12:23"
961,3293,588,2,2005-05-30,"18:16:44",2005-06-04,"23:40:44"
962,4535,520,1,2005-05-30,"18:45:17",2005-06-05,"22:47:17"
963,1921,225,2,2005-05-30,"18:52:53",2005-06-07,"16:19:53"
964,657,287,2,2005-05-30,"18:53:21",2005-06-04,"22:32:21"
965,3363,502,2,2005-05-30,"19:00:14",2005-05-31,"17:10:14"
966,1294,496,1,2005-05-30,"19:00:37",2005-05-31,"23:51:37"
967,1954,330,2,2005-05-30,"19:12:06",2005-06-09,"00:02:06"
968,119,576,2,2005-05-30,"19:20:03",2005-05-31,"18:17:03"
969,443,551,1,2005-05-30,"19:23:48",2005-05-31,"21:14:48"
970,1520,307,1,2005-05-30,"19:50:28",2005-06-09,"01:19:28"
971,2911,561,1,2005-05-30,"20:10:52",2005-06-06,"20:47:52"
972,2,411,1,2005-05-30,"20:21:07",2005-06-06,"00:36:07"
973,1914,473,2,2005-05-30,"20:27:45",2005-06-08,"22:47:45"
974,2617,596,2,2005-05-30,"20:28:42",2005-06-08,"23:45:42"
975,3109,7,2,2005-05-30,"21:07:15",2005-06-03,"01:48:15"
976,2290,581,2,2005-05-30,"21:11:19",2005-06-06,"02:16:19"
977,2029,394,2,2005-05-30,"21:22:26",2005-06-04,"22:32:26"
978,407,154,1,2005-05-30,"21:30:52",2005-06-07,"16:22:52"
979,3917,279,2,2005-05-30,"21:37:11",2005-06-08,"00:24:11"
980,4169,273,1,2005-05-30,"21:45:19",2005-06-01,"20:32:19"
981,2913,326,2,2005-05-30,"21:52:42",2005-06-01,"03:15:42"
982,3560,524,1,2005-05-30,"22:15:24",2005-06-02,"16:18:24"
983,63,115,1,2005-05-30,"22:15:51",2005-06-02,"22:56:51"
984,2305,262,2,2005-05-30,"22:17:17",2005-06-01,"20:15:17"
985,1573,564,1,2005-05-30,"22:18:35",2005-06-04,"23:36:35"
986,4045,253,1,2005-05-30,"22:22:52",2005-06-01,"02:24:52"
987,390,11,1,2005-05-30,"22:59:12",2005-06-07,"20:56:12"
988,1364,12,1,2005-05-30,"23:08:03",2005-06-07,"00:22:03"
989,4388,83,2,2005-05-30,"23:11:51",2005-06-03,"20:36:51"
990,4171,311,2,2005-05-30,"23:25:14",2005-06-06,"18:41:14"
991,2863,593,1,2005-05-30,"23:29:22",2005-06-07,"23:16:22"
992,3572,123,1,2005-05-30,"23:47:56",2005-06-05,"19:01:56"
993,2080,513,1,2005-05-30,"23:54:19",2005-06-04,"21:27:19"
994,2798,472,2,2005-05-30,"23:55:36",2005-06-04,"01:00:36"
995,17,150,2,2005-05-31,"00:06:02",2005-06-06,"02:30:02"
996,2075,331,2,2005-05-31,"00:06:20",2005-05-31,"21:29:20"
997,4243,216,2,2005-05-31,"00:08:25",2005-06-02,"00:17:25"
998,3395,389,1,2005-05-31,"00:16:57",2005-06-01,"22:41:57"
999,4433,413,2,2005-05-31,"00:25:10",2005-06-03,"06:05:10"
1000,1774,332,2,2005-05-31,"00:25:56",2005-06-08,"19:42:56"
1001,1498,64,2,2005-05-31,"00:46:31",2005-06-06,"06:14:31"
1002,709,397,1,2005-05-31,"00:47:56",2005-06-06,"19:51:56"
1003,133,161,2,2005-05-31,"00:48:20",2005-06-02,"04:53:20"
1004,1588,565,1,2005-05-31,"00:48:36",2005-06-01,"20:56:36"
1005,4006,551,2,2005-05-31,"00:53:25",2005-06-04,"01:21:25"
1006,3461,222,1,2005-05-31,"00:57:08",2005-06-02,"22:35:08"
1007,3185,24,2,2005-05-31,"01:02:28",2005-06-07,"01:36:28"
1008,914,599,2,2005-05-31,"01:18:56",2005-06-01,"01:24:56"
1009,2523,485,1,2005-05-31,"01:47:35",2005-06-03,"20:26:35"
1010,4038,49,2,2005-05-31,"01:57:32",2005-06-01,"06:50:32"
1011,118,164,2,2005-05-31,"02:05:39",2005-06-04,"21:27:39"
1012,688,291,1,2005-05-31,"02:18:05",2005-06-03,"06:47:05"
1013,4522,384,2,2005-05-31,"02:37:00",2005-06-02,"06:39:00"
1014,766,280,2,2005-05-31,"02:39:16",2005-06-01,"06:03:16"
1015,3702,526,2,2005-05-31,"02:44:57",2005-06-07,"23:01:57"
1016,3423,204,1,2005-05-31,"02:49:43",2005-06-04,"03:48:43"
1017,1242,16,1,2005-05-31,"02:53:36",2005-06-03,"05:04:36"
1018,1930,594,2,2005-05-31,"02:53:42",2005-06-03,"00:47:42"
1019,3975,279,1,2005-05-31,"03:05:07",2005-06-03,"08:34:07"
1020,3402,138,2,2005-05-31,"03:06:08",2005-06-02,"08:57:08"
1021,2724,541,2,2005-05-31,"03:16:15",2005-06-08,"06:43:15"
1022,842,239,1,2005-05-31,"03:16:45",2005-06-08,"09:04:45"
1023,2483,227,2,2005-05-31,"03:26:50",2005-06-05,"08:19:50"
1024,2310,457,2,2005-05-31,"03:30:19",2005-06-09,"05:52:19"
1025,1618,93,2,2005-05-31,"03:41:37",2005-06-08,"07:05:37"
1026,632,107,2,2005-05-31,"03:45:26",2005-06-06,"22:30:26"
1027,2718,55,1,2005-05-31,"03:46:19",2005-06-09,"03:50:19"
1028,4479,51,1,2005-05-31,"03:48:05",2005-06-01,"03:51:05"
1029,2082,50,1,2005-05-31,"03:52:02",2005-06-06,"08:10:02"
1030,3948,267,1,2005-05-31,"04:06:47",2005-06-02,"02:59:47"
1031,917,416,1,2005-05-31,"04:23:01",2005-06-06,"08:35:01"
1032,2937,236,2,2005-05-31,"04:28:43",2005-06-02,"02:00:43"
1033,14,25,1,2005-05-31,"04:50:07",2005-06-02,"01:53:07"
1034,4117,293,2,2005-05-31,"04:53:40",2005-06-09,"08:25:40"
1035,949,362,1,2005-05-31,"05:01:09",2005-06-02,"03:59:09"
1036,2164,438,1,2005-05-31,"05:21:10",2005-06-04,"04:19:10"
1037,810,569,1,2005-05-31,"05:22:25",2005-06-09,"04:52:25"
1038,1253,385,2,2005-05-31,"05:23:47",2005-06-02,"03:57:47"
1039,2479,124,2,2005-05-31,"05:32:29",2005-06-01,"06:04:29"
1040,2546,270,1,2005-05-31,"05:35:16",2005-06-09,"04:14:16"
1041,4432,272,2,2005-05-31,"05:46:23",2005-06-06,"09:50:23"
1042,3155,506,1,2005-05-31,"05:53:00",2005-06-01,"05:24:00"
1043,2322,412,2,2005-05-31,"06:11:40",2005-06-08,"09:15:40"
1044,2574,70,1,2005-05-31,"06:24:44",2005-06-03,"04:51:44"
1045,3470,594,1,2005-05-31,"06:29:01",2005-06-09,"04:31:01"
1046,468,179,2,2005-05-31,"06:42:30",2005-06-03,"04:33:30"
1047,1366,72,2,2005-05-31,"06:45:57",2005-06-04,"09:49:57"
1048,2811,55,1,2005-05-31,"06:49:53",2005-06-02,"11:33:53"
1049,3913,312,2,2005-05-31,"06:57:04",2005-06-02,"11:32:04"
1050,726,303,2,2005-05-31,"07:01:27",2005-06-03,"07:50:27"
1051,1025,246,1,2005-05-31,"07:02:09",2005-06-03,"01:32:09"
1052,2157,156,1,2005-05-31,"07:07:03",2005-06-05,"09:38:03"
1053,3734,196,1,2005-05-31,"07:12:44",2005-06-04,"12:33:44"
1054,1575,126,2,2005-05-31,"07:33:25",2005-06-02,"01:40:25"
1055,1639,108,1,2005-05-31,"07:47:18",2005-06-03,"01:57:18"
1056,1591,519,2,2005-05-31,"07:48:07",2005-06-05,"08:51:07"
1057,497,124,1,2005-05-31,"07:58:06",2005-06-06,"03:21:06"
1058,40,116,2,2005-05-31,"08:04:17",2005-06-03,"11:12:17"
1059,3041,241,2,2005-05-31,"08:20:43",2005-06-04,"09:05:43"
1060,2676,570,2,2005-05-31,"08:21:43",2005-06-09,"04:02:43"
1061,965,109,1,2005-05-31,"08:27:58",2005-06-07,"02:34:58"
1062,2223,176,2,2005-05-31,"08:38:20",2005-06-09,"08:23:20"
1063,2484,7,1,2005-05-31,"08:44:29",2005-06-09,"08:00:29"
1064,2373,460,2,2005-05-31,"08:50:07",2005-06-02,"14:47:07"
1065,3379,316,1,2005-05-31,"08:54:56",2005-06-08,"09:21:56"
1066,2383,541,2,2005-05-31,"09:07:33",2005-06-09,"05:34:33"
1067,2345,32,1,2005-05-31,"09:12:13",2005-06-01,"06:15:13"
1068,150,443,1,2005-05-31,"09:32:15",2005-06-01,"11:20:15"
1069,3057,251,2,2005-05-31,"09:32:31",2005-06-08,"10:19:31"
1070,3170,228,1,2005-05-31,"09:39:56",2005-06-05,"10:23:56"
1071,469,174,2,2005-05-31,"09:48:56",2005-06-02,"03:52:56"
1072,2557,272,1,2005-05-31,"09:52:50",2005-06-05,"05:39:50"
1073,522,146,1,2005-05-31,"09:55:04",2005-06-07,"03:55:04"
1074,2508,503,2,2005-05-31,"10:04:42",2005-06-02,"15:27:42"
1075,2279,9,1,2005-05-31,"10:13:34",2005-06-09,"08:11:34"
1076,2551,214,2,2005-05-31,"10:14:31",2005-06-05,"10:13:31"
1077,1986,24,1,2005-05-31,"10:22:54",2005-06-02,"12:21:54"
1078,3682,230,2,2005-05-31,"10:28:33",2005-06-03,"14:45:33"
1079,268,312,1,2005-05-31,"10:48:17",2005-06-08,"12:30:17"
1080,3491,215,2,2005-05-31,"10:55:26",2005-06-03,"13:13:26"
1081,4524,404,1,2005-05-31,"10:56:32",2005-06-06,"11:31:32"
1082,4510,239,1,2005-05-31,"11:02:01",2005-06-05,"08:43:01"
1083,2393,556,1,2005-05-31,"11:04:48",2005-06-05,"13:32:48"
1084,4577,12,1,2005-05-31,"11:10:17",2005-06-01,"11:15:17"
1085,301,5,1,2005-05-31,"11:15:43",2005-06-07,"12:02:43"
1086,2909,549,2,2005-05-31,"11:17:37",2005-06-06,"13:58:37"
1087,431,169,1,2005-05-31,"11:18:08",2005-06-04,"08:33:08"
1088,3988,356,2,2005-05-31,"11:35:13",2005-06-06,"16:01:13"
1089,3784,367,1,2005-05-31,"11:38:29",2005-06-02,"08:06:29"
1090,3329,23,2,2005-05-31,"12:03:44",2005-06-02,"15:54:44"
1091,3853,251,1,2005-05-31,"12:11:04",2005-06-04,"11:42:04"
1092,4412,278,2,2005-05-31,"12:15:57",2005-06-03,"15:39:57"
1093,2189,214,2,2005-05-31,"12:32:26",2005-06-03,"07:51:26"
1094,3810,547,2,2005-05-31,"13:03:49",2005-06-05,"14:30:49"
1095,4546,252,1,2005-05-31,"13:15:41",2005-06-05,"12:10:41"
1096,1066,271,1,2005-05-31,"13:30:49",2005-06-09,"13:53:49"
1097,2285,491,2,2005-05-31,"13:38:42",2005-06-01,"13:54:42"
1098,1050,425,2,2005-05-31,"13:51:48",2005-06-09,"18:42:48"
1099,924,269,2,2005-05-31,"13:54:48",2005-06-05,"13:04:48"
1100,316,497,1,2005-05-31,"14:03:21",2005-06-06,"16:08:21"
1101,1174,260,1,2005-05-31,"14:13:59",2005-06-07,"15:49:59"
1102,2052,115,2,2005-05-31,"14:20:29",2005-06-04,"17:38:29"
1103,3154,353,1,2005-05-31,"14:24:18",2005-06-09,"10:27:18"
1104,1619,466,1,2005-05-31,"14:30:01",2005-06-05,"12:07:01"
1105,1708,26,1,2005-05-31,"14:33:56",2005-06-07,"11:30:56"
1106,4185,109,2,2005-05-31,"14:36:52",2005-06-01,"14:33:52"
1107,3449,53,2,2005-05-31,"15:04:05",2005-06-07,"16:42:05"
1108,2562,254,2,2005-05-31,"15:05:12",2005-06-09,"19:48:12"
1109,2031,481,1,2005-05-31,"15:12:15",2005-06-09,"16:21:15"
1110,2085,355,1,2005-05-31,"15:22:51",2005-06-07,"14:32:51"
1111,1137,300,1,2005-05-31,"15:24:19",2005-06-08,"21:18:19"
1112,2453,214,1,2005-05-31,"15:51:39",2005-06-03,"14:04:39"
1113,2078,451,2,2005-05-31,"15:58:44",2005-06-05,"18:05:44"
1114,2287,117,1,2005-05-31,"16:00:33",2005-06-01,"19:05:33"
1115,2140,109,1,2005-05-31,"16:07:09",2005-06-04,"18:51:09"
1116,1356,256,2,2005-05-31,"16:10:46",2005-06-01,"20:27:46"
1117,4125,189,1,2005-05-31,"16:15:31",2005-06-04,"17:20:31"
1118,213,510,1,2005-05-31,"16:23:02",2005-06-03,"20:00:02"
1119,4401,469,1,2005-05-31,"16:34:27",2005-06-02,"10:54:27"
1120,2897,361,1,2005-05-31,"16:37:14",2005-06-04,"12:53:14"
1121,1691,74,1,2005-05-31,"16:37:36",2005-06-06,"21:02:36"
1122,1392,180,1,2005-05-31,"16:39:33",2005-06-04,"17:25:33"
1123,142,448,2,2005-05-31,"16:48:43",2005-06-02,"19:17:43"
1124,4560,134,2,2005-05-31,"16:49:34",2005-06-04,"19:32:34"
1125,1172,234,1,2005-05-31,"17:23:44",2005-06-01,"15:02:44"
1126,2765,431,2,2005-05-31,"17:27:45",2005-06-04,"20:06:45"
1127,2412,387,2,2005-05-31,"17:45:49",2005-06-08,"22:41:49"
1128,1496,311,2,2005-05-31,"17:49:26",2005-06-05,"19:51:26"
1129,386,486,1,2005-05-31,"18:00:48",2005-06-04,"23:05:48"
1130,3186,124,2,2005-05-31,"18:13:57",2005-06-06,"22:50:57"
1131,2654,128,1,2005-05-31,"18:44:19",2005-06-01,"20:13:19"
1132,1763,198,2,2005-05-31,"18:44:53",2005-06-07,"22:02:53"
1133,4271,73,1,2005-05-31,"19:12:21",2005-06-02,"20:12:21"
1134,143,191,2,2005-05-31,"19:14:15",2005-06-02,"17:13:15"
1135,3118,122,2,2005-05-31,"19:15:11",2005-06-01,"14:44:11"
1136,3963,50,2,2005-05-31,"19:19:36",2005-06-09,"16:04:36"
1137,3259,351,1,2005-05-31,"19:20:14",2005-06-07,"16:10:14"
1138,3944,438,1,2005-05-31,"19:30:27",2005-06-05,"21:42:27"
1139,666,562,1,2005-05-31,"19:34:52",2005-06-06,"17:40:52"
1140,3731,10,2,2005-05-31,"19:36:30",2005-06-07,"18:33:30"
1141,4128,217,2,2005-05-31,"19:42:02",2005-06-07,"00:59:02"
1142,3998,5,1,2005-05-31,"19:46:38",2005-06-05,"14:03:38"
1143,2632,209,2,2005-05-31,"19:53:03",2005-06-06,"20:56:03"
1144,2450,207,1,2005-05-31,"20:04:10",2005-06-09,"16:34:10"
1145,1133,284,1,2005-05-31,"20:13:45",2005-06-08,"02:10:45"
1146,3134,250,2,2005-05-31,"20:34:45",2005-06-03,"18:12:45"
1147,622,259,2,2005-05-31,"20:37:52",2005-06-06,"19:23:52"
1148,3307,235,2,2005-05-31,"20:38:40",2005-06-02,"18:35:40"
1149,352,326,2,2005-05-31,"21:03:17",2005-06-08,"19:58:17"
1150,1632,136,2,2005-05-31,"21:20:09",2005-06-03,"19:15:09"
1151,1281,581,1,2005-05-31,"21:29:00",2005-06-03,"23:24:00"
1152,210,191,2,2005-05-31,"21:32:17",2005-06-04,"21:07:17"
1153,2725,506,2,2005-05-31,"21:36:44",2005-06-10,"01:26:44"
1154,2732,59,1,2005-05-31,"21:42:09",2005-06-08,"16:40:09"
1155,2048,251,2,2005-05-31,"22:17:11",2005-06-04,"20:27:11"
1156,460,106,2,2005-05-31,"22:37:34",2005-06-01,"23:02:34"
1157,1449,61,1,2005-05-31,"22:47:45",2005-06-02,"18:01:45"
1158,1632,416,2,2005-06-14,"22:53:33",2005-06-18,"21:37:33"
1159,4395,516,1,2005-06-14,"22:55:13",2005-06-17,"02:11:13"
1160,2795,239,2,2005-06-14,"23:00:34",2005-06-18,"01:58:34"
1161,1690,285,1,2005-06-14,"23:07:08",2005-06-21,"17:12:08"
1162,987,310,1,2005-06-14,"23:09:38",2005-06-23,"22:00:38"
1163,4209,592,1,2005-06-14,"23:12:46",2005-06-23,"21:53:46"
1164,3691,49,1,2005-06-14,"23:16:26",2005-06-16,"21:00:26"
1165,2855,264,2,2005-06-14,"23:16:27",2005-06-20,"02:40:27"
1166,2508,46,1,2005-06-14,"23:17:03",2005-06-15,"20:43:03"
1167,4021,323,2,2005-06-14,"23:25:58",2005-06-18,"05:18:58"
1168,4368,481,1,2005-06-14,"23:35:09",2005-06-19,"03:20:09"
1169,1062,139,2,2005-06-14,"23:42:56",2005-06-16,"04:02:56"
1170,2444,595,2,2005-06-14,"23:47:35",2005-06-17,"05:28:35"
1171,4082,284,2,2005-06-14,"23:50:11",2005-06-17,"21:44:11"
1172,2685,306,1,2005-06-14,"23:54:34",2005-06-16,"02:26:34"
1173,1050,191,2,2005-06-14,"23:54:46",2005-06-19,"23:26:46"
1174,2653,95,2,2005-06-15,"00:12:51",2005-06-21,"02:10:51"
1175,3255,197,2,2005-06-15,"00:15:15",2005-06-20,"19:23:15"
1176,2715,512,1,2005-06-15,"00:28:37",2005-06-21,"21:42:37"
1177,1897,210,2,2005-06-15,"00:33:04",2005-06-16,"03:47:04"
1178,2553,279,2,2005-06-15,"00:36:40",2005-06-21,"00:27:40"
1179,816,119,1,2005-06-15,"00:36:50",2005-06-22,"22:09:50"
1180,3119,432,2,2005-06-15,"00:39:01",2005-06-21,"22:44:01"
1181,2973,546,2,2005-06-15,"00:42:17",2005-06-19,"03:36:17"
1182,1061,196,1,2005-06-15,"00:45:21",2005-06-22,"03:52:21"
1183,706,329,1,2005-06-15,"00:49:19",2005-06-20,"04:33:19"
1184,473,295,2,2005-06-15,"00:49:36",2005-06-22,"23:39:36"
1185,2785,1,2,2005-06-15,"00:54:12",2005-06-23,"02:42:12"
1186,1556,368,1,2005-06-15,"00:56:45",2005-06-16,"02:23:45"
1187,1108,334,1,2005-06-15,"00:58:50",2005-06-23,"02:19:50"
1188,246,173,1,2005-06-15,"01:04:07",2005-06-19,"03:48:07"
1189,142,244,1,2005-06-15,"01:04:22",2005-06-24,"06:48:22"
1190,2572,370,2,2005-06-15,"01:05:32",2005-06-23,"02:34:32"
1191,2221,291,2,2005-06-15,"01:10:35",2005-06-17,"20:36:35"
1192,4134,186,1,2005-06-15,"01:18:39",2005-06-19,"22:46:39"
1193,4504,561,2,2005-06-15,"01:24:20",2005-06-21,"02:29:20"
1194,3774,402,2,2005-06-15,"01:25:08",2005-06-21,"01:16:08"
1195,2272,84,1,2005-06-15,"01:37:38",2005-06-17,"21:50:38"
1196,994,52,1,2005-06-15,"01:38:31",2005-06-18,"06:55:31"
1197,3812,349,1,2005-06-15,"01:42:46",2005-06-20,"00:22:46"
1198,1138,491,2,2005-06-15,"01:48:58",2005-06-20,"01:07:58"
1199,253,238,2,2005-06-15,"01:58:50",2005-06-16,"20:30:50"
1200,3329,516,1,2005-06-15,"01:59:51",2005-06-21,"21:33:51"
1201,2679,209,2,2005-06-15,"02:06:28",2005-06-16,"21:38:28"
1202,2821,451,1,2005-06-15,"02:08:04",2005-06-16,"21:56:04"
1203,2223,452,1,2005-06-15,"02:09:02",2005-06-21,"00:04:02"
1204,2450,249,2,2005-06-15,"02:21:46",2005-06-20,"07:14:46"
1205,470,340,1,2005-06-15,"02:25:56",2005-06-22,"23:19:56"
1206,1097,264,2,2005-06-15,"02:27:07",2005-06-18,"22:46:07"
1207,2277,430,2,2005-06-15,"02:27:08",2005-06-19,"08:18:08"
1208,750,376,1,2005-06-15,"02:30:03",2005-06-18,"00:04:03"
1209,1494,146,1,2005-06-15,"02:31:12",2005-06-21,"07:39:12"
1210,7,345,2,2005-06-15,"02:57:51",2005-06-20,"01:41:51"
1211,3360,122,2,2005-06-15,"03:01:20",2005-06-18,"07:52:20"
1212,3611,371,1,2005-06-15,"03:03:33",2005-06-17,"06:31:33"
1213,3191,94,2,2005-06-15,"03:14:05",2005-06-15,"21:41:05"
1214,4482,46,1,2005-06-15,"03:18:40",2005-06-20,"07:32:40"
1215,242,102,1,2005-06-15,"03:21:00",2005-06-19,"03:39:00"
1216,3973,100,1,2005-06-15,"03:23:48",2005-06-18,"03:35:48"
1217,600,203,2,2005-06-15,"03:24:14",2005-06-18,"22:37:14"
1218,239,371,2,2005-06-15,"03:24:44",2005-06-21,"22:45:44"
1219,3005,330,1,2005-06-15,"03:25:59",2005-06-20,"00:37:59"
1220,1621,290,1,2005-06-15,"03:26:15",2005-06-23,"08:17:15"
1221,2124,403,1,2005-06-15,"03:35:16",2005-06-18,"03:11:16"
1222,2799,168,1,2005-06-15,"03:38:49",2005-06-17,"22:30:49"
1223,1299,50,2,2005-06-15,"03:38:53",2005-06-20,"01:00:53"
1224,1572,369,2,2005-06-15,"03:44:25",2005-06-17,"03:49:25"
1225,1929,434,1,2005-06-15,"03:45:35",2005-06-19,"02:03:35"
1226,2290,409,1,2005-06-15,"03:46:10",2005-06-23,"02:00:10"
1227,654,428,2,2005-06-15,"03:50:03",2005-06-21,"23:48:03"
1228,4473,398,1,2005-06-15,"03:50:36",2005-06-17,"22:41:36"
1229,2140,468,1,2005-06-15,"03:53:13",2005-06-18,"04:09:13"
1230,2324,447,1,2005-06-15,"04:04:09",2005-06-16,"02:21:09"
1231,3003,302,2,2005-06-15,"04:04:41",2005-06-20,"23:52:41"
1232,2743,391,2,2005-06-15,"04:18:10",2005-06-17,"06:02:10"
1233,4214,550,1,2005-06-15,"04:18:37",2005-06-22,"03:36:37"
1234,709,529,1,2005-06-15,"04:21:52",2005-06-22,"03:25:52"
1235,1000,255,1,2005-06-15,"04:31:28",2005-06-22,"10:08:28"
1236,3182,66,1,2005-06-15,"04:34:27",2005-06-18,"08:15:27"
1237,3249,49,2,2005-06-15,"04:44:10",2005-06-23,"07:00:10"
1238,3534,205,1,2005-06-15,"04:49:08",2005-06-20,"00:06:08"
1239,3731,444,1,2005-06-15,"04:53:01",2005-06-16,"07:03:01"
1240,3841,28,1,2005-06-15,"04:58:07",2005-06-17,"23:56:07"
1241,4377,62,2,2005-06-15,"04:59:43",2005-06-24,"03:32:43"
1242,821,141,1,2005-06-15,"05:05:07",2005-06-22,"04:57:07"
1243,2629,107,2,2005-06-15,"05:07:32",2005-06-21,"08:17:32"
1244,1026,515,1,2005-06-15,"05:08:40",2005-06-20,"10:41:40"
1245,1314,234,2,2005-06-15,"05:09:01",2005-06-22,"06:55:01"
1246,431,357,1,2005-06-15,"05:11:19",2005-06-21,"02:21:19"
1247,4049,287,1,2005-06-15,"05:16:40",2005-06-23,"11:01:40"
1248,3878,544,2,2005-06-15,"05:33:52",2005-06-19,"06:56:52"
1249,2120,403,1,2005-06-15,"05:38:09",2005-06-22,"10:29:09"
1250,4360,38,2,2005-06-15,"05:55:40",2005-06-23,"03:11:40"
1251,3307,442,2,2005-06-15,"05:58:55",2005-06-23,"02:45:55"
1252,1147,89,1,2005-06-15,"06:05:18",2005-06-24,"07:40:18"
1253,3242,498,2,2005-06-15,"06:06:33",2005-06-21,"04:13:33"
1254,3986,571,2,2005-06-15,"06:11:16",2005-06-21,"06:40:16"
1255,1433,526,2,2005-06-15,"06:13:45",2005-06-16,"03:59:45"
1256,1437,470,2,2005-06-15,"06:13:57",2005-06-16,"06:54:57"
1257,1938,267,2,2005-06-15,"06:15:36",2005-06-21,"01:04:36"
1258,4530,320,2,2005-06-15,"06:21:30",2005-06-18,"05:43:30"
1259,4460,570,2,2005-06-15,"06:37:55",2005-06-23,"04:02:55"
1260,330,586,2,2005-06-15,"06:42:25",2005-06-16,"10:44:25"
1261,2447,95,2,2005-06-15,"06:52:57",2005-06-21,"01:47:57"
1262,4495,236,2,2005-06-15,"06:54:53",2005-06-22,"08:09:53"
1263,4144,540,1,2005-06-15,"06:56:39",2005-06-16,"11:08:39"
1264,4176,439,2,2005-06-15,"06:59:39",2005-06-18,"08:10:39"
1265,982,163,1,2005-06-15,"07:00:50",2005-06-19,"12:27:50"
1266,2230,96,2,2005-06-15,"07:11:39",2005-06-21,"02:59:39"
1267,4246,509,2,2005-06-15,"07:21:21",2005-06-17,"08:12:21"
1268,3641,142,1,2005-06-15,"07:29:30",2005-06-23,"12:36:30"
1269,108,59,2,2005-06-15,"07:29:59",2005-06-16,"13:26:59"
1270,62,395,2,2005-06-15,"07:30:22",2005-06-18,"11:31:22"
1271,379,560,1,2005-06-15,"07:32:24",2005-06-21,"05:12:24"
1272,3128,135,1,2005-06-15,"07:42:58",2005-06-18,"12:00:58"
1273,361,530,1,2005-06-15,"07:52:35",2005-06-21,"04:55:35"
1274,2765,430,1,2005-06-15,"07:52:52",2005-06-20,"10:01:52"
1275,950,214,1,2005-06-15,"07:55:43",2005-06-20,"06:30:43"
1276,1508,388,2,2005-06-15,"08:00:13",2005-06-24,"02:55:13"
1277,76,464,2,2005-06-15,"08:01:29",2005-06-22,"07:16:29"
1278,4471,191,2,2005-06-15,"08:09:12",2005-06-17,"04:05:12"
1279,698,183,2,2005-06-15,"08:13:57",2005-06-18,"09:36:57"
1280,2597,266,2,2005-06-15,"08:16:06",2005-06-21,"04:10:06"
1281,2963,511,1,2005-06-15,"08:21:39",2005-06-17,"11:03:39"
1282,186,539,1,2005-06-15,"08:25:33",2005-06-21,"04:02:33"
1283,3177,470,2,2005-06-15,"08:27:30",2005-06-16,"09:46:30"
1284,1387,463,1,2005-06-15,"08:27:33",2005-06-17,"03:58:33"
1285,1054,254,1,2005-06-15,"08:33:06",2005-06-19,"07:36:06"
1286,774,179,2,2005-06-15,"08:41:13",2005-06-23,"13:13:13"
1287,4204,104,1,2005-06-15,"08:41:38",2005-06-22,"14:02:38"
1288,830,456,2,2005-06-15,"08:41:52",2005-06-19,"05:30:52"
1289,3154,522,1,2005-06-15,"08:44:09",2005-06-21,"06:04:09"
1290,1921,540,2,2005-06-15,"08:52:44",2005-06-24,"13:36:44"
1291,3090,176,1,2005-06-15,"08:55:01",2005-06-24,"04:22:01"
1292,4535,178,1,2005-06-15,"09:03:52",2005-06-21,"07:53:52"
1293,2882,127,1,2005-06-15,"09:06:24",2005-06-18,"06:58:24"
1294,339,327,1,2005-06-15,"09:09:27",2005-06-19,"04:43:27"
1295,2897,449,2,2005-06-15,"09:17:20",2005-06-18,"10:14:20"
1296,1760,200,2,2005-06-15,"09:23:59",2005-06-19,"03:44:59"
1297,1075,4,1,2005-06-15,"09:31:28",2005-06-19,"04:33:28"
1298,4163,334,2,2005-06-15,"09:32:53",2005-06-16,"12:40:53"
1299,1584,91,1,2005-06-15,"09:34:50",2005-06-21,"12:07:50"
1300,2524,186,2,2005-06-15,"09:36:19",2005-06-17,"13:54:19"
1301,1484,33,2,2005-06-15,"09:46:33",2005-06-24,"08:56:33"
1302,324,285,1,2005-06-15,"09:48:37",2005-06-22,"06:18:37"
1303,2001,365,2,2005-06-15,"09:55:57",2005-06-20,"14:26:57"
1304,1304,242,1,2005-06-15,"09:56:02",2005-06-24,"07:00:02"
1305,187,8,2,2005-06-15,"09:59:16",2005-06-19,"09:48:16"
1306,2132,524,2,2005-06-15,"09:59:24",2005-06-19,"09:37:24"
1307,368,507,2,2005-06-15,"10:06:15",2005-06-20,"04:50:15"
1308,220,236,1,2005-06-15,"10:07:48",2005-06-24,"15:24:48"
1309,2356,200,1,2005-06-15,"10:10:49",2005-06-16,"12:44:49"
1310,2045,27,1,2005-06-15,"10:11:42",2005-06-16,"15:00:42"
1311,3114,326,2,2005-06-15,"10:11:59",2005-06-17,"08:44:59"
1312,3608,313,1,2005-06-15,"10:16:27",2005-06-20,"06:53:27"
1313,1657,448,1,2005-06-15,"10:18:34",2005-06-23,"06:25:34"
1314,1359,538,1,2005-06-15,"10:21:45",2005-06-21,"14:10:45"
1315,3844,405,1,2005-06-15,"10:23:08",2005-06-21,"15:06:08"
1316,3891,138,2,2005-06-15,"10:26:23",2005-06-21,"09:25:23"
1317,3696,316,1,2005-06-15,"10:30:19",2005-06-24,"08:18:19"
1318,2760,341,1,2005-06-15,"10:34:26",2005-06-20,"16:20:26"
1319,4296,190,1,2005-06-15,"10:39:05",2005-06-18,"05:25:05"
1320,4484,84,1,2005-06-15,"10:42:13",2005-06-17,"13:44:13"
1321,3516,204,1,2005-06-15,"10:49:17",2005-06-16,"15:30:17"
1322,2076,217,2,2005-06-15,"10:55:09",2005-06-18,"15:14:09"
1323,3273,187,1,2005-06-15,"10:55:17",2005-06-24,"09:51:17"
1324,764,394,1,2005-06-15,"11:02:45",2005-06-17,"07:14:45"
1325,52,193,1,2005-06-15,"11:03:24",2005-06-20,"10:54:24"
1326,59,548,2,2005-06-15,"11:07:39",2005-06-22,"05:55:39"
1327,403,539,1,2005-06-15,"11:11:39",2005-06-22,"10:45:39"
1328,3665,295,2,2005-06-15,"11:23:27",2005-06-19,"12:42:27"
1329,1154,359,2,2005-06-15,"11:25:06",2005-06-17,"16:10:06"
1330,1219,587,2,2005-06-15,"11:29:17",2005-06-24,"13:36:17"
1331,3089,277,1,2005-06-15,"11:34:33",2005-06-21,"09:46:33"
1332,1412,116,1,2005-06-15,"11:36:01",2005-06-17,"14:29:01"
1333,448,310,2,2005-06-15,"11:37:08",2005-06-16,"10:13:08"
1334,1242,269,2,2005-06-15,"11:43:09",2005-06-20,"15:45:09"
1335,1713,64,2,2005-06-15,"11:51:30",2005-06-16,"16:42:30"
1336,1696,290,1,2005-06-15,"12:01:34",2005-06-23,"12:05:34"
1337,4014,465,2,2005-06-15,"12:12:42",2005-06-20,"12:38:42"
1338,1206,25,2,2005-06-15,"12:17:34",2005-06-19,"07:40:34"
1339,424,162,1,2005-06-15,"12:21:56",2005-06-19,"07:46:56"
1340,251,100,1,2005-06-15,"12:24:15",2005-06-22,"13:02:15"
1341,3363,344,2,2005-06-15,"12:26:18",2005-06-21,"07:26:18"
1342,4429,427,1,2005-06-15,"12:26:21",2005-06-22,"11:23:21"
1343,2393,416,1,2005-06-15,"12:27:19",2005-06-21,"16:57:19"
1344,1625,585,2,2005-06-15,"12:29:41",2005-06-22,"12:45:41"
1345,1041,270,1,2005-06-15,"12:32:13",2005-06-24,"14:02:13"
1346,4540,585,1,2005-06-15,"12:39:52",2005-06-24,"17:43:52"
1347,374,190,1,2005-06-15,"12:43:43",2005-06-16,"09:55:43"
1348,2078,196,1,2005-06-15,"12:45:30",2005-06-17,"17:12:30"
1349,1131,267,1,2005-06-15,"12:49:02",2005-06-17,"15:20:02"
1350,4261,316,1,2005-06-15,"12:50:25",2005-06-23,"11:35:25"
1351,2364,484,1,2005-06-15,"12:51:03",2005-06-22,"07:23:03"
1352,4352,276,1,2005-06-15,"12:58:27",2005-06-18,"10:57:27"
1353,2711,480,2,2005-06-15,"13:13:36",2005-06-21,"08:46:36"
1354,1294,83,2,2005-06-15,"13:13:49",2005-06-23,"13:08:49"
1355,4203,499,1,2005-06-15,"13:13:59",2005-06-20,"12:23:59"
1356,1318,212,1,2005-06-15,"13:17:01",2005-06-19,"16:22:01"
1357,2285,205,1,2005-06-15,"13:26:23",2005-06-23,"14:12:23"
1358,2025,442,1,2005-06-15,"13:28:48",2005-06-21,"13:40:48"
1359,3140,353,1,2005-06-15,"13:30:30",2005-06-17,"14:55:30"
1360,4107,14,2,2005-06-15,"13:32:15",2005-06-18,"10:59:15"
1361,4338,115,1,2005-06-15,"13:37:38",2005-06-19,"17:08:38"
1362,4524,98,1,2005-06-15,"13:53:32",2005-06-19,"16:05:32"
1363,771,197,2,2005-06-15,"14:05:11",2005-06-17,"19:53:11"
1364,115,400,1,2005-06-15,"14:05:32",2005-06-16,"15:31:32"
1365,3813,25,2,2005-06-15,"14:09:55",2005-06-19,"18:11:55"
1366,4238,576,1,2005-06-15,"14:21:00",2005-06-24,"17:36:00"
1367,1505,94,1,2005-06-15,"14:25:17",2005-06-21,"19:15:17"
1368,2020,222,2,2005-06-15,"14:27:47",2005-06-23,"18:07:47"
1369,679,221,1,2005-06-15,"14:29:14",2005-06-16,"13:01:14"
1370,644,396,2,2005-06-15,"14:31:05",2005-06-22,"19:23:05"
1371,760,491,1,2005-06-15,"14:38:15",2005-06-23,"15:36:15"
1372,3740,108,2,2005-06-15,"14:45:48",2005-06-17,"18:02:48"
1373,284,51,1,2005-06-15,"14:48:04",2005-06-22,"09:48:04"
1374,3353,120,1,2005-06-15,"14:49:54",2005-06-22,"12:30:54"
1375,3555,500,2,2005-06-15,"14:54:56",2005-06-21,"14:48:56"
1376,4271,215,1,2005-06-15,"14:59:06",2005-06-19,"17:34:06"
1377,3410,245,2,2005-06-15,"15:02:03",2005-06-22,"14:54:03"
1378,4372,253,1,2005-06-15,"15:03:15",2005-06-19,"16:50:15"
1379,810,212,1,2005-06-15,"15:05:10",2005-06-18,"12:11:10"
1380,3376,158,2,2005-06-15,"15:13:10",2005-06-18,"12:42:10"
1381,3262,300,2,2005-06-15,"15:17:21",2005-06-20,"17:07:21"
1382,3133,455,2,2005-06-15,"15:18:08",2005-06-22,"09:22:08"
1383,1281,379,2,2005-06-15,"15:20:06",2005-06-24,"18:42:06"
1384,4242,242,1,2005-06-15,"15:22:03",2005-06-18,"18:11:03"
1385,4073,396,1,2005-06-15,"15:28:23",2005-06-18,"18:37:23"
1386,1296,322,2,2005-06-15,"15:38:58",2005-06-20,"16:28:58"
1387,515,278,1,2005-06-15,"15:40:56",2005-06-17,"10:39:56"
1388,3987,500,1,2005-06-15,"15:48:41",2005-06-22,"17:51:41"
1389,965,472,2,2005-06-15,"15:49:01",2005-06-19,"11:08:01"
1390,4502,254,1,2005-06-15,"16:06:29",2005-06-19,"13:11:29"
1391,4213,273,1,2005-06-15,"16:11:21",2005-06-22,"21:32:21"
1392,363,460,2,2005-06-15,"16:12:27",2005-06-16,"17:30:27"
1393,2767,177,2,2005-06-15,"16:12:50",2005-06-19,"10:40:50"
1394,2802,268,2,2005-06-15,"16:17:21",2005-06-21,"20:44:21"
1395,753,252,2,2005-06-15,"16:21:04",2005-06-23,"12:52:04"
1396,1007,103,2,2005-06-15,"16:22:38",2005-06-17,"15:53:38"
1397,1830,444,1,2005-06-15,"16:25:26",2005-06-21,"20:45:26"
1398,4402,527,1,2005-06-15,"16:28:42",2005-06-16,"12:11:42"
1399,1435,469,1,2005-06-15,"16:29:51",2005-06-18,"14:06:51"
1400,230,571,2,2005-06-15,"16:29:56",2005-06-21,"14:43:56"
1401,4081,366,2,2005-06-15,"16:30:22",2005-06-21,"11:07:22"
1402,1951,381,1,2005-06-15,"16:31:08",2005-06-24,"19:31:08"
1403,3380,546,2,2005-06-15,"16:31:59",2005-06-22,"14:23:59"
1404,2776,375,1,2005-06-15,"16:38:53",2005-06-16,"20:37:53"
1405,3184,243,1,2005-06-15,"16:41:26",2005-06-21,"18:16:26"
1406,3118,199,2,2005-06-15,"16:44:00",2005-06-21,"11:22:00"
1407,1286,89,1,2005-06-15,"16:45:07",2005-06-23,"14:01:07"
1408,2655,396,1,2005-06-15,"16:57:58",2005-06-22,"21:08:58"
1409,1398,297,2,2005-06-15,"16:58:12",2005-06-21,"11:21:12"
1410,809,356,1,2005-06-15,"16:59:46",2005-06-21,"16:38:46"
1411,2276,520,1,2005-06-15,"17:05:36",2005-06-21,"14:05:36"
1412,4236,166,2,2005-06-15,"17:09:48",2005-06-18,"17:05:48"
1413,3625,96,2,2005-06-15,"17:25:07",2005-06-21,"17:17:07"
1414,4005,304,1,2005-06-15,"17:26:32",2005-06-22,"22:30:32"
1415,1885,331,2,2005-06-15,"17:31:57",2005-06-16,"22:22:57"
1416,3816,167,2,2005-06-15,"17:44:57",2005-06-22,"20:53:57"
1417,1334,570,2,2005-06-15,"17:45:51",2005-06-19,"14:00:51"
1418,2974,591,2,2005-06-15,"17:51:27",2005-06-18,"23:20:27"
1419,1208,312,2,2005-06-15,"17:54:50",2005-06-17,"19:44:50"
1420,4149,255,2,2005-06-15,"17:56:14",2005-06-24,"15:45:14"
1421,2439,533,2,2005-06-15,"17:57:04",2005-06-21,"20:38:04"
1422,1021,1,2,2005-06-15,"18:02:53",2005-06-19,"15:54:53"
1423,1396,592,1,2005-06-15,"18:08:12",2005-06-24,"19:13:12"
1424,887,224,2,2005-06-15,"18:08:14",2005-06-24,"23:16:14"
1425,1308,108,2,2005-06-15,"18:13:46",2005-06-18,"22:50:46"
1426,4412,363,2,2005-06-15,"18:16:24",2005-06-18,"22:15:24"
1427,14,100,1,2005-06-15,"18:17:28",2005-06-16,"15:47:28"
1428,3689,583,2,2005-06-15,"18:19:30",2005-06-22,"23:05:30"
1429,4116,362,1,2005-06-15,"18:24:10",2005-06-18,"16:30:10"
1430,3412,194,1,2005-06-15,"18:24:55",2005-06-16,"12:26:55"
1431,3193,438,1,2005-06-15,"18:26:29",2005-06-21,"17:33:29"
1432,523,339,2,2005-06-15,"18:27:24",2005-06-21,"14:03:24"
1433,2310,88,1,2005-06-15,"18:30:00",2005-06-16,"15:14:00"
1434,4228,544,1,2005-06-15,"18:30:46",2005-06-24,"17:51:46"
1435,2769,510,2,2005-06-15,"18:32:30",2005-06-24,"12:44:30"
1436,924,584,1,2005-06-15,"18:35:40",2005-06-21,"15:04:40"
1437,3263,96,1,2005-06-15,"18:37:04",2005-06-20,"12:56:04"
1438,1816,82,1,2005-06-15,"18:38:51",2005-06-17,"23:50:51"
1439,3155,589,2,2005-06-15,"18:45:32",2005-06-22,"15:57:32"
1440,2921,26,1,2005-06-15,"18:53:14",2005-06-24,"15:28:14"
1441,2095,444,2,2005-06-15,"18:54:21",2005-06-22,"22:48:21"
1442,3912,122,2,2005-06-15,"18:55:34",2005-06-22,"20:41:34"
1443,2485,435,2,2005-06-15,"18:57:51",2005-06-18,"14:18:51"
1444,1303,539,2,2005-06-15,"19:08:16",2005-06-24,"15:20:16"
1445,3189,537,2,2005-06-15,"19:10:07",2005-06-19,"20:27:07"
1446,1989,506,2,2005-06-15,"19:13:45",2005-06-23,"19:43:45"
1447,984,471,1,2005-06-15,"19:13:51",2005-06-21,"22:56:51"
1448,2781,246,2,2005-06-15,"19:17:16",2005-06-23,"21:56:16"
1449,1525,471,2,2005-06-15,"19:19:16",2005-06-18,"15:24:16"
1450,4132,268,2,2005-06-15,"19:22:08",2005-06-16,"17:53:08"
1451,3560,18,2,2005-06-15,"19:30:18",2005-06-19,"19:22:18"
1452,4348,243,1,2005-06-15,"19:32:52",2005-06-16,"13:45:52"
1453,3274,457,2,2005-06-15,"19:36:39",2005-06-19,"00:16:39"
1454,102,298,2,2005-06-15,"19:49:41",2005-06-17,"15:17:41"
1455,2194,358,2,2005-06-15,"19:51:06",2005-06-18,"21:54:06"
1456,632,590,2,2005-06-15,"20:00:11",2005-06-23,"18:03:11"
1457,730,345,1,2005-06-15,"20:05:49",2005-06-19,"15:35:49"
1458,3546,178,1,2005-06-15,"20:24:05",2005-06-21,"01:22:05"
1459,1862,218,2,2005-06-15,"20:25:53",2005-06-22,"23:34:53"
1460,1405,565,1,2005-06-15,"20:27:02",2005-06-16,"16:21:02"
1461,4479,216,1,2005-06-15,"20:32:08",2005-06-23,"01:08:08"
1462,653,187,2,2005-06-15,"20:37:40",2005-06-18,"19:36:40"
1463,2984,569,2,2005-06-15,"20:37:51",2005-06-21,"16:46:51"
1464,4113,387,2,2005-06-15,"20:38:14",2005-06-17,"14:52:14"
1465,609,387,1,2005-06-15,"20:43:08",2005-06-18,"23:00:08"
1466,1057,288,1,2005-06-15,"20:46:04",2005-06-24,"22:46:04"
1467,688,506,1,2005-06-15,"20:47:10",2005-06-22,"00:30:10"
1468,228,230,1,2005-06-15,"20:48:22",2005-06-21,"19:48:22"
1469,2451,580,1,2005-06-15,"20:52:36",2005-06-21,"19:55:36"
1470,4044,11,1,2005-06-15,"20:53:07",2005-06-25,"02:12:07"
1471,565,428,2,2005-06-15,"20:53:26",2005-06-24,"18:25:26"
1472,4233,373,2,2005-06-15,"20:54:55",2005-06-24,"21:52:55"
1473,2377,249,2,2005-06-15,"20:55:20",2005-06-21,"16:40:20"
1474,164,202,2,2005-06-15,"20:55:42",2005-06-19,"02:41:42"
1475,1834,344,2,2005-06-15,"21:08:01",2005-06-18,"22:33:01"
1476,1407,1,1,2005-06-15,"21:08:46",2005-06-25,"02:26:46"
1477,418,51,1,2005-06-15,"21:11:18",2005-06-19,"02:05:18"
1478,435,336,2,2005-06-15,"21:12:13",2005-06-18,"21:43:13"
1479,172,592,2,2005-06-15,"21:13:38",2005-06-17,"01:26:38"
1480,2598,27,1,2005-06-15,"21:17:17",2005-06-23,"22:01:17"
1481,3041,125,2,2005-06-15,"21:17:58",2005-06-18,"17:53:58"
1482,3980,60,1,2005-06-15,"21:18:16",2005-06-16,"17:07:16"
1483,1926,242,2,2005-06-15,"21:21:58",2005-06-24,"00:44:58"
1484,1589,320,2,2005-06-15,"21:22:35",2005-06-20,"02:27:35"
1485,194,281,1,2005-06-15,"21:24:10",2005-06-24,"23:03:10"
1486,847,62,1,2005-06-15,"21:25:30",2005-06-16,"16:36:30"
1487,3791,76,2,2005-06-15,"21:27:42",2005-06-22,"03:09:42"
1488,1081,355,1,2005-06-15,"21:39:54",2005-06-16,"20:33:54"
1489,699,213,1,2005-06-15,"21:41:38",2005-06-22,"17:00:38"
1490,3515,123,2,2005-06-15,"21:42:17",2005-06-22,"02:01:17"
1491,848,354,1,2005-06-15,"21:48:18",2005-06-20,"16:40:18"
1492,4148,360,1,2005-06-15,"21:48:35",2005-06-17,"17:18:35"
1493,4581,235,2,2005-06-15,"21:50:32",2005-06-17,"01:02:32"
1494,244,575,1,2005-06-15,"21:54:20",2005-06-19,"18:46:20"
1495,1842,175,2,2005-06-15,"21:54:31",2005-06-19,"00:08:31"
1496,3915,290,2,2005-06-15,"21:55:58",2005-06-17,"02:28:58"
1497,2958,44,1,2005-06-15,"21:56:39",2005-06-20,"20:32:39"
1498,3690,352,1,2005-06-15,"21:58:00",2005-06-17,"21:50:00"
1499,165,375,2,2005-06-15,"21:58:07",2005-06-22,"19:37:07"
1500,2652,237,2,2005-06-15,"22:00:45",2005-06-18,"16:19:45"
1501,1780,148,1,2005-06-15,"22:02:35",2005-06-23,"18:59:35"
1502,3277,5,2,2005-06-15,"22:03:14",2005-06-23,"18:42:14"
1503,763,197,1,2005-06-15,"22:07:09",2005-06-20,"23:15:09"
1504,3621,423,2,2005-06-15,"22:08:06",2005-06-24,"01:16:06"
1505,2961,561,2,2005-06-15,"22:12:50",2005-06-17,"21:37:50"
1506,4085,404,1,2005-06-15,"22:19:37",2005-06-22,"18:28:37"
1507,2514,172,1,2005-06-15,"22:25:26",2005-06-19,"17:00:26"
1508,1141,511,2,2005-06-15,"22:33:24",2005-06-18,"02:27:24"
1509,655,167,2,2005-06-15,"22:35:53",2005-06-23,"17:09:53"
1510,989,338,2,2005-06-15,"22:39:34",2005-06-24,"19:21:34"
1511,1135,330,1,2005-06-15,"22:45:06",2005-06-22,"22:48:06"
1512,1628,452,1,2005-06-15,"22:53:03",2005-06-23,"18:56:03"
1513,1173,368,1,2005-06-15,"22:53:30",2005-06-23,"01:00:30"
1514,2937,410,1,2005-06-15,"22:57:34",2005-06-19,"20:27:34"
1515,3244,115,2,2005-06-15,"23:07:50",2005-06-20,"02:33:50"
1516,3702,530,1,2005-06-15,"23:11:10",2005-06-17,"20:37:10"
1517,3728,148,1,2005-06-15,"23:20:26",2005-06-23,"23:23:26"
1518,4537,237,2,2005-06-15,"23:36:37",2005-06-16,"18:24:37"
1519,1553,155,2,2005-06-15,"23:55:27",2005-06-21,"04:06:27"
1520,3419,341,1,2005-06-15,"23:57:20",2005-06-24,"23:46:20"
1521,4299,149,1,2005-06-15,"23:58:53",2005-06-18,"03:10:53"
1522,235,133,1,2005-06-16,"00:17:39",2005-06-22,"05:38:39"
1523,681,349,2,2005-06-16,"00:18:40",2005-06-17,"02:50:40"
1524,3439,177,1,2005-06-16,"00:25:52",2005-06-19,"03:32:52"
1525,1467,304,2,2005-06-16,"00:26:07",2005-06-19,"22:37:07"
1526,1940,499,1,2005-06-16,"00:27:51",2005-06-19,"00:19:51"
1527,296,188,1,2005-06-16,"00:31:40",2005-06-21,"05:20:40"
1528,4297,110,2,2005-06-16,"00:32:52",2005-06-25,"01:07:52"
1529,1688,362,2,2005-06-16,"00:37:35",2005-06-22,"18:58:35"
1530,2421,392,2,2005-06-16,"00:38:07",2005-06-24,"02:45:07"
1531,1388,515,1,2005-06-16,"00:40:34",2005-06-22,"02:44:34"
1532,3793,290,1,2005-06-16,"00:41:31",2005-06-20,"21:36:31"
1533,2452,116,1,2005-06-16,"00:46:02",2005-06-17,"20:11:02"
1534,3124,42,1,2005-06-16,"00:49:32",2005-06-18,"02:41:32"
1535,1096,202,2,2005-06-16,"00:52:04",2005-06-20,"22:47:04"
1536,3248,339,1,2005-06-16,"00:52:22",2005-06-17,"21:43:22"
1537,4577,594,2,2005-06-16,"00:52:51",2005-06-20,"19:33:51"
1538,708,430,1,2005-06-16,"01:05:50",2005-06-18,"19:48:50"
1539,267,390,2,2005-06-16,"01:11:25",2005-06-23,"03:43:25"
1540,2707,586,2,2005-06-16,"01:14:56",2005-06-20,"23:31:56"
1541,1911,189,2,2005-06-16,"01:15:59",2005-06-22,"21:26:59"
1542,1714,182,1,2005-06-16,"01:20:05",2005-06-22,"03:59:05"
1543,1188,28,2,2005-06-16,"01:24:08",2005-06-18,"06:24:08"
1544,269,43,2,2005-06-16,"01:28:22",2005-06-17,"06:57:22"
1545,762,563,1,2005-06-16,"01:31:23",2005-06-24,"05:50:23"
1546,3913,3,1,2005-06-16,"01:34:05",2005-06-24,"04:27:05"
1547,2909,343,1,2005-06-16,"01:42:24",2005-06-19,"01:13:24"
1548,2094,374,2,2005-06-16,"01:43:33",2005-06-23,"22:04:33"
1549,266,69,1,2005-06-16,"01:57:15",2005-06-18,"23:30:15"
1550,2003,345,1,2005-06-16,"01:58:35",2005-06-18,"23:56:35"
1551,4088,268,1,2005-06-16,"02:01:15",2005-06-22,"07:33:15"
1552,819,518,2,2005-06-16,"02:01:37",2005-06-21,"00:59:37"
1553,4026,416,1,2005-06-16,"02:02:44",2005-06-19,"07:50:44"
1554,715,155,1,2005-06-16,"02:16:47",2005-06-22,"05:15:47"
1555,4168,256,1,2005-06-16,"02:17:07",2005-06-22,"06:28:07"
1556,533,54,2,2005-06-16,"02:19:02",2005-06-17,"22:36:02"
1557,2617,439,2,2005-06-16,"02:28:35",2005-06-16,"22:11:35"
1558,4350,20,2,2005-06-16,"02:33:53",2005-06-19,"20:50:53"
1559,716,574,1,2005-06-16,"02:35:03",2005-06-19,"21:22:03"
1560,3418,239,2,2005-06-16,"02:36:43",2005-06-24,"23:10:43"
1561,2263,431,1,2005-06-16,"02:41:30",2005-06-22,"05:19:30"
1562,595,395,2,2005-06-16,"02:46:27",2005-06-23,"00:56:27"
1563,1516,262,1,2005-06-16,"02:46:28",2005-06-18,"02:37:28"
1564,145,343,1,2005-06-16,"02:47:07",2005-06-24,"03:12:07"
1565,3833,506,2,2005-06-16,"03:13:09",2005-06-16,"22:42:09"
1566,3215,174,2,2005-06-16,"03:13:20",2005-06-24,"01:59:20"
1567,3098,320,1,2005-06-16,"03:13:30",2005-06-21,"23:56:30"
1568,635,178,2,2005-06-16,"03:14:01",2005-06-19,"21:17:01"
1569,3927,363,2,2005-06-16,"03:19:09",2005-06-18,"21:55:09"
1570,3711,82,2,2005-06-16,"03:21:33",2005-06-22,"22:03:33"
1571,1019,54,1,2005-06-16,"03:22:00",2005-06-22,"23:27:00"
1572,4179,560,2,2005-06-16,"03:23:22",2005-06-20,"06:03:22"
1573,4536,371,1,2005-06-16,"03:31:39",2005-06-25,"04:04:39"
1574,161,305,2,2005-06-16,"03:39:56",2005-06-22,"05:40:56"
1575,3317,6,2,2005-06-16,"03:41:38",2005-06-22,"03:01:38"
1576,1014,442,2,2005-06-16,"03:54:39",2005-06-24,"21:55:39"
1577,367,327,2,2005-06-16,"04:03:28",2005-06-24,"22:40:28"
1578,3397,365,1,2005-06-16,"04:08:16",2005-06-23,"07:57:16"
1579,158,35,2,2005-06-16,"04:09:08",2005-06-21,"05:21:08"
1580,2479,87,1,2005-06-16,"04:12:25",2005-06-20,"06:53:25"
1581,4004,109,1,2005-06-16,"04:28:45",2005-06-18,"07:07:45"
1582,163,536,1,2005-06-16,"04:31:57",2005-06-22,"01:25:57"
1583,270,37,1,2005-06-16,"04:44:23",2005-06-18,"03:44:23"
1584,3545,434,2,2005-06-16,"04:50:50",2005-06-21,"22:51:50"
1585,1708,386,2,2005-06-16,"04:51:13",2005-06-24,"00:23:13"
1586,769,140,2,2005-06-16,"04:51:18",2005-06-21,"06:54:18"
1587,1781,62,1,2005-06-16,"04:52:28",2005-06-23,"07:36:28"
1588,4472,322,2,2005-06-16,"04:53:21",2005-06-25,"07:29:21"
1589,4307,293,1,2005-06-16,"04:58:03",2005-06-24,"08:36:03"
1590,3685,98,1,2005-06-16,"05:11:41",2005-06-23,"10:11:41"
1591,1648,83,2,2005-06-16,"05:12:37",2005-06-25,"06:28:37"
1592,3798,187,2,2005-06-16,"05:14:37",2005-06-20,"10:52:37"
1593,766,111,2,2005-06-16,"05:14:52",2005-06-24,"08:00:52"
1594,3858,470,1,2005-06-16,"05:15:12",2005-06-25,"00:38:12"
1595,1481,244,1,2005-06-16,"05:23:46",2005-06-20,"00:37:46"
1596,2552,416,2,2005-06-16,"05:30:58",2005-06-21,"04:18:58"
1597,743,432,1,2005-06-16,"05:47:03",2005-06-18,"04:21:03"
1598,4171,314,1,2005-06-16,"06:02:39",2005-06-23,"09:09:39"
1599,1476,215,2,2005-06-16,"06:03:33",2005-06-21,"07:46:33"
1600,2264,196,2,2005-06-16,"06:04:12",2005-06-19,"09:39:12"
1601,3115,428,2,2005-06-16,"06:11:13",2005-06-21,"08:57:13"
1602,1777,441,2,2005-06-16,"06:12:40",2005-06-19,"03:50:40"
1603,3308,395,2,2005-06-16,"06:14:03",2005-06-17,"06:04:03"
1604,3226,272,2,2005-06-16,"06:14:25",2005-06-17,"03:53:25"
1605,593,197,1,2005-06-16,"06:17:55",2005-06-25,"01:25:55"
1606,4290,253,1,2005-06-16,"06:18:31",2005-06-25,"09:15:31"
1607,3289,513,2,2005-06-16,"06:25:35",2005-06-20,"02:50:35"
1608,2581,386,2,2005-06-16,"06:28:57",2005-06-24,"05:20:57"
1609,2279,174,2,2005-06-16,"06:34:59",2005-06-17,"09:41:59"
1610,3551,534,1,2005-06-16,"06:36:33",2005-06-19,"07:12:33"
1611,1739,393,2,2005-06-16,"06:41:35",2005-06-25,"06:13:35"
1612,3025,355,1,2005-06-16,"06:52:05",2005-06-19,"01:51:05"
1613,4462,573,1,2005-06-16,"06:55:10",2005-06-24,"12:08:10"
1614,23,489,1,2005-06-16,"06:58:02",2005-06-23,"11:24:02"
1615,3894,362,1,2005-06-16,"07:00:28",2005-06-25,"08:53:28"
1616,2296,204,1,2005-06-16,"07:04:52",2005-06-24,"04:06:52"
1617,1382,83,1,2005-06-16,"07:06:06",2005-06-25,"03:35:06"
1618,3741,134,2,2005-06-16,"07:08:38",2005-06-25,"05:26:38"
1619,4258,232,2,2005-06-16,"07:14:13",2005-06-19,"05:50:13"
1620,389,561,1,2005-06-16,"07:21:30",2005-06-17,"09:46:30"
1621,3677,177,1,2005-06-16,"07:24:12",2005-06-19,"02:35:12"
1622,1774,311,1,2005-06-16,"07:33:18",2005-06-21,"07:23:18"
1623,4485,378,2,2005-06-16,"07:48:50",2005-06-17,"03:53:50"
1624,1066,314,1,2005-06-16,"07:48:57",2005-06-17,"05:52:57"
1625,3367,39,2,2005-06-16,"07:49:08",2005-06-24,"09:08:08"
1626,694,260,2,2005-06-16,"07:49:47",2005-06-22,"13:32:47"
1627,4135,468,1,2005-06-16,"07:51:09",2005-06-24,"02:24:09"
1628,868,427,1,2005-06-16,"07:52:55",2005-06-25,"11:09:55"
1629,4375,339,1,2005-06-16,"07:53:47",2005-06-22,"13:03:47"
1630,2413,130,1,2005-06-16,"07:55:01",2005-06-19,"06:38:01"
1631,2466,5,1,2005-06-16,"08:01:02",2005-06-19,"09:04:02"
1632,1518,319,1,2005-06-16,"08:03:42",2005-06-17,"03:40:42"
1633,280,4,1,2005-06-16,"08:08:40",2005-06-17,"11:12:40"
1634,3990,121,1,2005-06-16,"08:16:05",2005-06-17,"04:49:05"
1635,1187,566,2,2005-06-16,"08:26:56",2005-06-25,"06:17:56"
1636,2052,574,1,2005-06-16,"08:28:54",2005-06-24,"09:23:54"
1637,906,212,2,2005-06-16,"08:29:58",2005-06-23,"04:55:58"
1638,1905,181,2,2005-06-16,"08:32:36",2005-06-18,"07:11:36"
1639,176,450,1,2005-06-16,"08:33:39",2005-06-25,"07:51:39"
1640,443,86,2,2005-06-16,"08:35:39",2005-06-17,"05:37:39"
1641,2925,259,2,2005-06-16,"08:46:26",2005-06-24,"14:39:26"
1642,3875,287,1,2005-06-16,"08:54:15",2005-06-18,"12:36:15"
1643,1352,484,2,2005-06-16,"08:55:35",2005-06-21,"05:36:35"
1644,749,596,1,2005-06-16,"08:58:18",2005-06-21,"06:47:18"
1645,4434,234,2,2005-06-16,"09:10:06",2005-06-23,"04:36:06"
1646,4037,131,2,2005-06-16,"09:12:53",2005-06-24,"08:03:53"
1647,1936,454,1,2005-06-16,"09:14:58",2005-06-17,"10:46:58"
1648,457,427,2,2005-06-16,"09:17:07",2005-06-24,"06:31:07"
1649,390,352,1,2005-06-16,"09:20:33",2005-06-18,"13:42:33"
1650,4125,299,1,2005-06-16,"09:23:20",2005-06-23,"11:25:20"
1651,4444,524,2,2005-06-16,"09:24:38",2005-06-17,"09:50:38"
1652,3416,533,2,2005-06-16,"09:31:37",2005-06-19,"14:02:37"
1653,2294,517,1,2005-06-16,"09:34:45",2005-06-18,"09:13:45"
1654,1039,348,2,2005-06-16,"09:42:48",2005-06-20,"14:28:48"
1655,3693,488,2,2005-06-16,"09:51:39",2005-06-23,"14:53:39"
1656,2253,31,1,2005-06-16,"10:05:40",2005-06-22,"06:26:40"
1657,953,209,2,2005-06-16,"10:06:49",2005-06-22,"10:34:49"
1658,272,568,2,2005-06-16,"10:07:10",2005-06-21,"09:23:10"
1659,1182,296,1,2005-06-16,"10:11:46",2005-06-20,"13:51:46"
1660,2374,238,2,2005-06-16,"10:12:55",2005-06-18,"05:56:55"
1661,2403,508,2,2005-06-16,"10:12:57",2005-06-24,"09:23:57"
1662,3552,378,1,2005-06-16,"10:13:35",2005-06-23,"13:54:35"
1663,1558,186,2,2005-06-16,"10:14:15",2005-06-23,"08:34:15"
1664,2464,216,2,2005-06-16,"10:15:20",2005-06-18,"12:11:20"
1665,2613,490,1,2005-06-16,"10:16:02",2005-06-23,"09:32:02"
1666,4019,557,1,2005-06-16,"10:17:19",2005-06-21,"05:50:19"
1667,2362,333,2,2005-06-16,"10:18:59",2005-06-22,"14:45:59"
1668,2483,569,2,2005-06-16,"10:19:52",2005-06-23,"12:22:52"
1669,360,73,1,2005-06-16,"10:20:20",2005-06-18,"04:26:20"
1670,2066,328,1,2005-06-16,"10:26:33",2005-06-19,"07:15:33"
1671,3805,135,2,2005-06-16,"10:30:22",2005-06-22,"11:08:22"
1672,4206,216,1,2005-06-16,"10:37:34",2005-06-23,"05:30:34"
1673,907,534,1,2005-06-16,"10:40:17",2005-06-18,"16:13:17"
1674,3606,234,2,2005-06-16,"10:57:00",2005-06-18,"07:31:00"
1675,3048,371,2,2005-06-16,"11:04:47",2005-06-24,"06:56:47"
1676,931,171,1,2005-06-16,"11:06:09",2005-06-21,"05:17:09"
1677,240,191,1,2005-06-16,"11:07:11",2005-06-23,"10:50:11"
1678,1856,352,1,2005-06-16,"11:08:28",2005-06-19,"15:44:28"
1679,3959,227,1,2005-06-16,"11:11:01",2005-06-23,"08:11:01"
1680,4441,469,2,2005-06-16,"11:17:22",2005-06-25,"15:55:22"
1681,530,255,1,2005-06-16,"11:38:17",2005-06-19,"13:05:17"
1682,2165,476,2,2005-06-16,"11:54:25",2005-06-22,"11:09:25"
1683,2361,494,2,2005-06-16,"11:54:55",2005-06-18,"08:51:55"
1684,806,485,1,2005-06-16,"11:57:34",2005-06-19,"09:12:34"
1685,2754,85,2,2005-06-16,"12:06:57",2005-06-21,"16:53:57"
1686,3883,529,1,2005-06-16,"12:08:20",2005-06-20,"10:59:20"
1687,3686,140,2,2005-06-16,"12:09:20",2005-06-18,"06:18:20"
1688,383,49,2,2005-06-16,"12:11:20",2005-06-18,"08:39:20"
1689,4036,48,2,2005-06-16,"12:18:41",2005-06-24,"13:33:41"
1690,1099,286,1,2005-06-16,"12:24:18",2005-06-25,"15:00:18"
1691,4438,492,1,2005-06-16,"12:24:28",2005-06-24,"08:24:28"
1692,3544,514,2,2005-06-16,"12:30:19",2005-06-17,"17:31:19"
1693,2386,421,2,2005-06-16,"12:39:51",2005-06-19,"16:19:51"
1694,147,532,2,2005-06-16,"12:40:23",2005-06-20,"09:18:23"
1695,4436,159,1,2005-06-16,"12:40:28",2005-06-22,"13:41:28"
1696,3928,502,2,2005-06-16,"12:50:01",2005-06-24,"12:08:01"
1697,1801,340,2,2005-06-16,"12:55:20",2005-06-23,"17:41:20"
1698,1474,407,1,2005-06-16,"13:04:42",2005-06-21,"15:54:42"
1699,4507,27,2,2005-06-16,"13:05:09",2005-06-17,"09:53:09"
1700,4251,456,2,2005-06-16,"13:18:23",2005-06-21,"16:46:23"
1701,3000,315,1,2005-06-16,"13:18:48",2005-06-22,"15:00:48"
1702,1822,242,2,2005-06-16,"13:21:05",2005-06-19,"10:13:05"
1703,2346,589,1,2005-06-16,"13:28:44",2005-06-17,"11:03:44"
1704,4425,488,1,2005-06-16,"13:45:56",2005-06-24,"18:12:56"
1705,123,564,2,2005-06-16,"13:59:42",2005-06-18,"19:54:42"
1706,2935,26,1,2005-06-16,"14:01:02",2005-06-25,"19:29:02"
1707,185,4,1,2005-06-16,"14:01:27",2005-06-18,"09:35:27"
1708,2259,478,1,2005-06-16,"14:08:44",2005-06-19,"08:35:44"
1709,3501,426,2,2005-06-16,"14:10:15",2005-06-24,"16:38:15"
1710,144,77,1,2005-06-16,"14:11:24",2005-06-22,"15:26:24"
1711,273,347,1,2005-06-16,"14:11:52",2005-06-25,"08:49:52"
1712,1363,535,1,2005-06-16,"14:25:09",2005-06-17,"17:55:09"
1713,2580,164,1,2005-06-16,"14:28:33",2005-06-18,"09:02:33"
1714,535,477,2,2005-06-16,"14:29:59",2005-06-24,"17:27:59"
1715,1594,203,1,2005-06-16,"14:37:12",2005-06-20,"19:36:12"
1716,20,24,1,2005-06-16,"14:39:31",2005-06-19,"15:37:31"
1717,3007,277,2,2005-06-16,"14:47:16",2005-06-19,"10:11:16"
1718,288,516,2,2005-06-16,"14:52:02",2005-06-25,"10:53:02"
1719,2699,582,1,2005-06-16,"14:55:53",2005-06-18,"14:12:53"
1720,3500,543,2,2005-06-16,"15:00:14",2005-06-21,"13:57:14"
1721,3521,485,1,2005-06-16,"15:01:36",2005-06-23,"10:48:36"
1722,2142,364,2,2005-06-16,"15:12:52",2005-06-19,"13:01:52"
1723,2417,259,2,2005-06-16,"15:14:18",2005-06-23,"15:45:18"
1724,61,146,2,2005-06-16,"15:15:43",2005-06-23,"10:14:43"
1725,726,1,1,2005-06-16,"15:18:57",2005-06-17,"21:05:57"
1726,116,3,2,2005-06-16,"15:19:10",2005-06-25,"11:39:10"
1727,2951,457,1,2005-06-16,"15:21:47",2005-06-17,"14:12:47"
1728,1366,59,1,2005-06-16,"15:29:29",2005-06-23,"12:47:29"
1729,3364,523,2,2005-06-16,"15:29:47",2005-06-25,"20:55:47"
1730,1372,390,1,2005-06-16,"15:30:01",2005-06-19,"12:56:01"
1731,3698,344,2,2005-06-16,"15:32:12",2005-06-19,"18:58:12"
1732,2287,129,1,2005-06-16,"15:34:41",2005-06-18,"13:05:41"
1733,542,480,2,2005-06-16,"15:37:07",2005-06-23,"15:53:07"
1734,1113,94,2,2005-06-16,"15:49:30",2005-06-22,"13:52:30"
1735,97,4,1,2005-06-16,"15:51:52",2005-06-20,"13:27:52"
1736,3771,139,2,2005-06-16,"15:52:32",2005-06-21,"14:39:32"
1737,4029,467,1,2005-06-16,"15:59:44",2005-06-23,"12:22:44"
1738,3260,177,1,2005-06-16,"16:07:27",2005-06-20,"15:22:27"
1739,2557,450,2,2005-06-16,"16:09:38",2005-06-22,"18:04:38"
1740,2282,324,2,2005-06-16,"16:29:00",2005-06-20,"14:07:00"
1741,3722,176,1,2005-06-16,"16:31:37",2005-06-25,"21:38:37"
1742,2772,576,2,2005-06-16,"16:37:48",2005-06-17,"19:47:48"
1743,2777,258,1,2005-06-16,"16:38:10",2005-06-17,"13:13:10"
1744,3075,230,2,2005-06-16,"16:39:58",2005-06-18,"19:50:58"
1745,2812,178,2,2005-06-16,"16:41:16",2005-06-23,"21:02:16"
1746,4272,385,2,2005-06-16,"16:41:19",2005-06-19,"11:28:19"
1747,1661,273,2,2005-06-16,"16:53:33",2005-06-25,"21:48:33"
1748,2434,473,1,2005-06-16,"16:54:03",2005-06-18,"20:11:03"
1749,1554,283,2,2005-06-16,"16:56:00",2005-06-21,"21:02:00"
1750,1103,321,1,2005-06-16,"16:57:36",2005-06-25,"21:51:36"
1751,138,123,2,2005-06-16,"17:00:14",2005-06-17,"12:12:14"
1752,3529,12,2,2005-06-16,"17:02:55",2005-06-23,"19:09:55"
1753,3817,249,2,2005-06-16,"17:08:17",2005-06-21,"21:47:17"
1754,4106,25,1,2005-06-16,"17:13:23",2005-06-22,"20:46:23"
1755,1721,117,1,2005-06-16,"17:18:44",2005-06-17,"16:54:44"
1756,1401,571,1,2005-06-16,"17:22:33",2005-06-21,"16:52:33"
1757,4491,510,1,2005-06-16,"17:32:24",2005-06-18,"13:12:24"
1758,2654,474,1,2005-06-16,"17:39:39",2005-06-25,"13:06:39"
1759,1402,430,2,2005-06-16,"17:46:37",2005-06-24,"19:40:37"
1760,3929,261,2,2005-06-16,"17:48:37",2005-06-18,"16:01:37"
1761,1570,521,2,2005-06-16,"17:49:57",2005-06-17,"21:03:57"
1762,3050,116,2,2005-06-16,"17:50:19",2005-06-19,"21:35:19"
1763,1941,389,1,2005-06-16,"17:51:01",2005-06-20,"17:27:01"
1764,705,392,2,2005-06-16,"17:51:54",2005-06-21,"20:36:54"
1765,822,273,2,2005-06-16,"17:56:10",2005-06-19,"23:40:10"
1766,2041,118,2,2005-06-16,"17:59:37",2005-06-18,"16:32:37"
1767,1162,205,2,2005-06-16,"18:01:36",2005-06-18,"12:39:36"
1768,2131,131,2,2005-06-16,"18:02:06",2005-06-23,"17:19:06"
1769,1229,397,1,2005-06-16,"18:07:48",2005-06-22,"12:39:48"
1770,1681,359,2,2005-06-16,"18:07:55",2005-06-23,"23:49:55"
1771,1769,416,1,2005-06-16,"18:12:17",2005-06-18,"16:11:17"
1772,1269,525,1,2005-06-16,"18:12:54",2005-06-24,"19:55:54"
1773,4396,462,2,2005-06-16,"18:13:43",2005-06-24,"17:43:43"
1774,3058,442,2,2005-06-16,"18:27:52",2005-06-21,"13:35:52"
1775,1922,123,2,2005-06-16,"18:28:19",2005-06-25,"13:09:19"
1776,1404,472,1,2005-06-16,"18:46:58",2005-06-24,"16:01:58"
1777,3325,49,1,2005-06-16,"18:52:12",2005-06-25,"13:55:12"
1778,2512,341,2,2005-06-16,"18:54:48",2005-06-22,"16:08:48"
1779,1044,438,1,2005-06-16,"18:55:11",2005-06-17,"20:11:11"
1780,146,352,2,2005-06-16,"19:11:45",2005-06-19,"15:34:45"
1781,2841,429,2,2005-06-16,"19:20:24",2005-06-25,"17:02:24"
1782,1820,498,2,2005-06-16,"19:21:12",2005-06-22,"16:03:12"
1783,50,18,1,2005-06-16,"19:23:23",2005-06-18,"00:57:23"
1784,3792,134,2,2005-06-16,"19:25:32",2005-06-20,"00:00:32"
1785,3413,50,1,2005-06-16,"19:27:12",2005-06-24,"19:25:12"
1786,263,323,1,2005-06-16,"19:30:54",2005-06-19,"14:24:54"
1787,3823,546,2,2005-06-16,"19:30:59",2005-06-21,"18:25:59"
1788,3794,357,1,2005-06-16,"19:47:18",2005-06-22,"23:10:18"
1789,4264,105,2,2005-06-16,"19:49:18",2005-06-23,"17:07:18"
1790,1070,158,2,2005-06-16,"19:58:40",2005-06-17,"19:31:40"
1791,301,76,1,2005-06-16,"20:04:28",2005-06-23,"22:30:28"
1792,3800,351,1,2005-06-16,"20:04:50",2005-06-26,"00:57:50"
1793,4356,230,1,2005-06-16,"20:07:27",2005-06-19,"20:55:27"
1794,497,452,1,2005-06-16,"20:08:37",2005-06-22,"01:54:37"
1795,536,56,2,2005-06-16,"20:09:01",2005-06-24,"17:50:01"
1796,3229,283,1,2005-06-16,"20:10:43",2005-06-20,"19:12:43"
1797,3435,275,1,2005-06-16,"20:13:03",2005-06-22,"22:56:03"
1798,1654,429,2,2005-06-16,"20:16:15",2005-06-20,"22:23:15"
1799,2847,505,1,2005-06-16,"20:17:20",2005-06-20,"23:55:20"
1800,2058,149,1,2005-06-16,"20:18:46",2005-06-20,"17:12:46"
1801,1015,10,1,2005-06-16,"20:21:53",2005-06-18,"23:18:53"
1802,4174,455,1,2005-06-16,"20:23:30",2005-06-21,"20:02:30"
1803,3784,127,1,2005-06-16,"20:32:47",2005-06-21,"02:03:47"
1804,1152,570,2,2005-06-16,"20:33:15",2005-06-18,"02:31:15"
1805,3962,208,1,2005-06-16,"20:36:00",2005-06-17,"16:27:00"
1806,2053,45,2,2005-06-16,"20:41:57",2005-06-18,"19:25:57"
1807,1174,338,2,2005-06-16,"20:58:59",2005-06-20,"21:31:59"
1808,2424,466,1,2005-06-16,"20:59:35",2005-06-24,"15:31:35"
1809,1071,517,1,2005-06-16,"21:00:20",2005-06-25,"20:25:20"
1810,2368,7,1,2005-06-16,"21:06:00",2005-06-21,"21:24:00"
1811,3700,235,2,2005-06-16,"21:06:20",2005-06-21,"21:59:20"
1812,751,37,2,2005-06-16,"21:08:46",2005-06-21,"15:44:46"
1813,1236,259,1,2005-06-16,"21:11:00",2005-06-24,"15:30:00"
1814,39,144,1,2005-06-16,"21:15:22",2005-06-23,"17:00:22"
1815,1551,84,2,2005-06-16,"21:16:07",2005-06-17,"16:37:07"
1816,2861,594,1,2005-06-16,"21:20:41",2005-06-18,"02:21:41"
1817,1354,574,2,2005-06-16,"21:20:52",2005-06-19,"16:24:52"
1818,1218,63,2,2005-06-16,"21:30:34",2005-06-20,"03:27:34"
1819,1689,386,1,2005-06-16,"21:32:50",2005-06-26,"01:11:50"
1820,3672,120,1,2005-06-16,"21:34:50",2005-06-20,"16:50:50"
1821,3207,468,2,2005-06-16,"21:42:49",2005-06-20,"16:25:49"
1822,674,86,1,2005-06-16,"21:43:45",2005-06-17,"21:37:45"
1823,3871,448,1,2005-06-16,"21:48:16",2005-06-22,"03:09:16"
1824,2269,575,1,2005-06-16,"21:51:04",2005-06-18,"18:12:04"
1825,2908,55,2,2005-06-16,"21:53:05",2005-06-20,"17:22:05"
1826,421,578,2,2005-06-16,"21:53:52",2005-06-25,"18:46:52"
1827,3804,423,2,2005-06-16,"21:54:40",2005-06-19,"21:28:40"
1828,316,68,2,2005-06-16,"22:04:34",2005-06-20,"21:07:34"
1829,617,293,1,2005-06-16,"22:14:21",2005-06-21,"16:51:21"
1830,4010,499,2,2005-06-16,"22:18:43",2005-06-23,"21:14:43"
1831,2610,383,2,2005-06-16,"22:22:17",2005-06-25,"23:23:17"
1832,500,220,1,2005-06-16,"22:35:20",2005-06-19,"03:09:20"
1833,1337,121,2,2005-06-16,"22:45:03",2005-06-20,"22:02:03"
1834,4018,189,1,2005-06-16,"22:49:08",2005-06-22,"21:08:08"
1835,1482,112,1,2005-06-16,"23:05:36",2005-06-19,"04:46:36"
1836,2753,176,2,2005-06-16,"23:13:05",2005-06-24,"01:40:05"
1837,1259,309,1,2005-06-16,"23:16:15",2005-06-21,"21:54:15"
1838,513,31,1,2005-06-16,"23:20:16",2005-06-20,"02:34:16"
1839,2750,223,1,2005-06-16,"23:22:22",2005-06-23,"00:33:22"
1840,340,404,1,2005-06-16,"23:39:34",2005-06-21,"23:36:34"
1841,2363,6,1,2005-06-16,"23:44:13",2005-06-22,"04:09:13"
1842,1472,426,1,2005-06-16,"23:45:59",2005-06-26,"05:31:59"
1843,2714,132,2,2005-06-16,"23:53:42",2005-06-22,"18:33:42"
1844,2307,454,2,2005-06-16,"23:53:53",2005-06-22,"02:19:53"
1845,3395,215,2,2005-06-16,"23:56:11",2005-06-19,"01:41:11"
1846,1725,422,2,2005-06-17,"00:02:44",2005-06-18,"23:47:44"
1847,1189,363,1,2005-06-17,"00:05:22",2005-06-20,"21:09:22"
1848,3797,526,2,2005-06-17,"00:07:07",2005-06-21,"21:41:07"
1849,2507,341,2,2005-06-17,"00:13:19",2005-06-23,"18:37:19"
1850,761,517,1,2005-06-17,"00:31:35",2005-06-25,"05:19:35"
1851,1121,451,2,2005-06-17,"00:32:26",2005-06-22,"19:54:26"
1852,4122,271,2,2005-06-17,"00:38:20",2005-06-22,"20:04:20"
1853,2949,301,2,2005-06-17,"00:39:54",2005-06-19,"00:22:54"
1854,119,37,1,2005-06-17,"00:43:57",2005-06-23,"05:49:57"
1855,4457,492,1,2005-06-17,"00:54:58",2005-06-20,"19:29:58"
1856,3034,161,2,2005-06-17,"01:02:00",2005-06-19,"21:29:00"
1857,4257,427,1,2005-06-17,"01:12:58",2005-06-21,"04:49:58"
1858,3200,99,2,2005-06-17,"01:13:11",2005-06-18,"21:33:11"
1859,3405,533,1,2005-06-17,"01:13:38",2005-06-18,"03:13:38"
1860,1853,293,1,2005-06-17,"01:17:12",2005-06-21,"22:35:12"
1861,135,454,1,2005-06-17,"01:17:31",2005-06-25,"02:11:31"
1862,3299,553,1,2005-06-17,"01:29:30",2005-06-25,"20:43:30"
1863,4466,550,2,2005-06-17,"01:31:46",2005-06-26,"02:09:46"
1864,1815,130,2,2005-06-17,"01:39:47",2005-06-24,"19:39:47"
1865,2657,526,1,2005-06-17,"01:49:36",2005-06-23,"21:13:36"
1866,2579,575,2,2005-06-17,"01:53:19",2005-06-19,"06:14:19"
1867,3537,415,2,2005-06-17,"02:01:37",2005-06-25,"04:52:37"
1868,2412,380,1,2005-06-17,"02:03:22",2005-06-25,"04:38:22"
1869,871,351,1,2005-06-17,"02:08:00",2005-06-19,"21:43:00"
1870,895,191,2,2005-06-17,"02:24:36",2005-06-17,"23:04:36"
1871,481,204,2,2005-06-17,"02:25:12",2005-06-23,"03:16:12"
1872,3596,206,2,2005-06-17,"02:27:03",2005-06-20,"22:41:03"
1873,2933,71,1,2005-06-17,"02:38:28",2005-06-23,"04:39:28"
1874,3884,30,2,2005-06-17,"02:39:20",2005-06-24,"04:41:20"
1875,1652,528,2,2005-06-17,"02:45:10",2005-06-22,"22:54:10"
1876,384,459,1,2005-06-17,"02:50:51",2005-06-18,"07:21:51"
1877,3404,261,2,2005-06-17,"02:54:16",2005-06-25,"21:51:16"
1878,3319,381,1,2005-06-17,"02:55:32",2005-06-21,"03:44:32"
1879,3983,343,1,2005-06-17,"02:57:34",2005-06-19,"00:00:34"
1880,1133,289,1,2005-06-17,"03:08:59",2005-06-19,"07:16:59"
1881,159,134,1,2005-06-17,"03:09:56",2005-06-18,"01:49:56"
1882,1400,47,2,2005-06-17,"03:17:21",2005-06-19,"22:23:21"
1883,3504,550,1,2005-06-17,"03:18:51",2005-06-18,"05:46:51"
1884,4567,305,1,2005-06-17,"03:19:20",2005-06-21,"00:19:20"
1885,740,588,2,2005-06-17,"03:35:59",2005-06-21,"05:57:59"
1886,2367,505,2,2005-06-17,"03:36:02",2005-06-19,"08:12:02"
1887,3591,32,2,2005-06-17,"03:53:18",2005-06-25,"07:37:18"
1888,2872,405,1,2005-06-17,"03:58:36",2005-06-22,"09:28:36"
1889,3909,572,1,2005-06-17,"04:05:12",2005-06-26,"04:13:12"
1890,1764,447,2,2005-06-17,"04:06:13",2005-06-22,"07:46:13"
1891,3576,109,1,2005-06-17,"04:16:44",2005-06-24,"07:20:44"
1892,139,319,1,2005-06-17,"04:17:33",2005-06-20,"00:06:33"
1893,3346,390,2,2005-06-17,"04:18:37",2005-06-23,"23:35:37"
1894,3707,204,1,2005-06-17,"04:18:48",2005-06-26,"00:07:48"
1895,680,30,1,2005-06-17,"04:25:12",2005-06-26,"08:44:12"
1896,2077,270,1,2005-06-17,"04:25:46",2005-06-26,"09:37:46"
1897,4142,422,2,2005-06-17,"04:26:23",2005-06-25,"09:32:23"
1898,2873,143,2,2005-06-17,"04:28:11",2005-06-25,"07:04:11"
1899,858,200,1,2005-06-17,"04:29:15",2005-06-26,"08:39:15"
1900,1425,34,1,2005-06-17,"04:29:58",2005-06-21,"05:58:58"
1901,2469,292,2,2005-06-17,"04:35:19",2005-06-25,"06:09:19"
1902,2905,479,2,2005-06-17,"04:35:52",2005-06-20,"06:52:52"
1903,1939,588,2,2005-06-17,"04:37:20",2005-06-26,"09:05:20"
1904,2472,87,2,2005-06-17,"04:45:41",2005-06-17,"23:56:41"
1905,1043,39,1,2005-06-17,"04:51:43",2005-06-24,"09:35:43"
1906,1049,455,2,2005-06-17,"04:53:35",2005-06-21,"01:16:35"
1907,988,66,1,2005-06-17,"05:08:27",2005-06-23,"09:13:27"
1908,399,358,1,2005-06-17,"05:10:36",2005-06-19,"03:52:36"
1909,2599,269,2,2005-06-17,"05:11:04",2005-06-19,"04:33:04"
1910,3903,199,1,2005-06-17,"05:11:27",2005-06-23,"23:16:27"
1911,910,3,2,2005-06-17,"05:15:15",2005-06-24,"11:05:15"
1912,4136,538,2,2005-06-17,"05:18:32",2005-06-20,"10:01:32"
1913,1825,116,1,2005-06-17,"05:19:47",2005-06-21,"03:39:47"
1914,3406,450,2,2005-06-17,"05:25:54",2005-06-24,"04:25:54"
1915,2620,393,2,2005-06-17,"05:28:28",2005-06-21,"07:12:28"
1916,4428,429,2,2005-06-17,"05:29:59",2005-06-26,"05:35:59"
1917,2667,400,1,2005-06-17,"05:36:07",2005-06-24,"01:44:07"
1918,3749,310,2,2005-06-17,"05:40:14",2005-06-21,"08:53:14"
1919,3855,197,1,2005-06-17,"05:40:52",2005-06-23,"05:58:52"
1920,2199,75,1,2005-06-17,"06:00:23",2005-06-24,"04:49:23"
1921,4369,417,2,2005-06-17,"06:04:16",2005-06-23,"05:26:16"
1922,2484,343,2,2005-06-17,"06:04:25",2005-06-18,"09:15:25"
1923,691,400,2,2005-06-17,"06:06:10",2005-06-24,"04:29:10"
1924,2577,86,1,2005-06-17,"06:13:34",2005-06-18,"01:51:34"
1925,3995,510,1,2005-06-17,"06:16:47",2005-06-21,"06:03:47"
1926,3509,462,2,2005-06-17,"06:24:30",2005-06-25,"03:39:30"
1927,3304,188,1,2005-06-17,"06:48:19",2005-06-21,"03:23:19"
1928,3454,353,1,2005-06-17,"06:48:31",2005-06-26,"08:17:31"
1929,573,327,2,2005-06-17,"06:49:30",2005-06-22,"12:07:30"
1930,79,112,2,2005-06-17,"06:50:46",2005-06-19,"08:51:46"
1931,1411,391,1,2005-06-17,"06:51:56",2005-06-22,"08:27:56"
1932,3185,120,2,2005-06-17,"06:54:41",2005-06-19,"05:12:41"
1933,980,13,1,2005-06-17,"06:54:42",2005-06-26,"02:00:42"
1934,4000,16,2,2005-06-17,"07:04:57",2005-06-25,"12:21:57"
1935,1962,295,1,2005-06-17,"07:14:15",2005-06-20,"05:59:15"
1936,3037,213,2,2005-06-17,"07:15:41",2005-06-18,"11:37:41"
1937,1266,385,2,2005-06-17,"07:16:46",2005-06-21,"04:22:46"
1938,570,454,2,2005-06-17,"07:18:36",2005-06-19,"01:43:36"
1939,605,11,2,2005-06-17,"07:26:45",2005-06-25,"13:06:45"
1940,105,451,1,2005-06-17,"07:42:22",2005-06-22,"11:59:22"
1941,1063,519,1,2005-06-17,"07:42:45",2005-06-20,"07:12:45"
1942,261,143,1,2005-06-17,"07:43:39",2005-06-25,"02:24:39"
1943,4327,144,1,2005-06-17,"07:49:17",2005-06-20,"03:47:17"
1944,318,16,2,2005-06-17,"07:50:53",2005-06-23,"02:52:53"
1945,3366,207,2,2005-06-17,"07:51:26",2005-06-23,"13:22:26"
1946,2335,389,2,2005-06-17,"07:58:39",2005-06-25,"06:49:39"
1947,3344,479,1,2005-06-17,"08:02:20",2005-06-25,"10:25:20"
1948,46,89,1,2005-06-17,"08:06:53",2005-06-21,"05:00:53"
1949,1478,208,1,2005-06-17,"08:19:22",2005-06-25,"08:43:22"
1950,723,594,2,2005-06-17,"08:26:52",2005-06-22,"08:08:52"
1951,955,123,2,2005-06-17,"08:30:35",2005-06-20,"10:43:35"
1952,1823,338,2,2005-06-17,"08:33:02",2005-06-21,"14:00:02"
1953,3549,405,2,2005-06-17,"08:34:57",2005-06-24,"09:38:57"
1954,3203,533,2,2005-06-17,"08:37:55",2005-06-20,"02:55:55"
1955,811,311,1,2005-06-17,"08:40:22",2005-06-19,"10:47:22"
1956,1403,492,1,2005-06-17,"08:43:32",2005-06-21,"11:08:32"
1957,2496,68,2,2005-06-17,"08:50:58",2005-06-26,"13:39:58"
1958,1843,581,2,2005-06-17,"08:52:01",2005-06-23,"07:55:01"
1959,1464,554,2,2005-06-17,"08:54:10",2005-06-20,"05:02:10"
1960,2202,27,2,2005-06-17,"08:59:57",2005-06-23,"14:38:57"
1961,2851,384,1,2005-06-17,"09:02:58",2005-06-20,"03:07:58"
1962,4386,536,1,2005-06-17,"09:08:58",2005-06-23,"14:55:58"
1963,1943,154,2,2005-06-17,"09:09:31",2005-06-24,"13:16:31"
1964,3390,53,1,2005-06-17,"09:10:09",2005-06-21,"15:08:09"
1965,480,256,2,2005-06-17,"09:17:39",2005-06-18,"12:35:39"
1966,2085,6,1,2005-06-17,"09:19:45",2005-06-20,"11:19:45"
1967,3225,558,1,2005-06-17,"09:19:52",2005-06-21,"03:35:52"
1968,1139,246,2,2005-06-17,"09:20:36",2005-06-18,"11:06:36"
1969,4450,337,2,2005-06-17,"09:22:22",2005-06-21,"05:31:22"
1970,1358,303,2,2005-06-17,"09:23:16",2005-06-22,"09:40:16"
1971,2870,357,2,2005-06-17,"09:23:59",2005-06-25,"13:20:59"
1972,2758,526,2,2005-06-17,"09:25:49",2005-06-24,"09:59:49"
1973,3669,256,1,2005-06-17,"09:26:15",2005-06-21,"10:18:15"
1974,1979,111,1,2005-06-17,"09:30:05",2005-06-21,"12:10:05"
1975,2520,468,2,2005-06-17,"09:32:10",2005-06-23,"03:50:10"
1976,3631,184,2,2005-06-17,"09:38:08",2005-06-23,"07:23:08"
1977,2468,459,2,2005-06-17,"09:38:22",2005-06-23,"14:19:22"
1978,1590,278,2,2005-06-17,"09:42:34",2005-06-20,"09:13:34"
1979,3470,45,1,2005-06-17,"09:45:30",2005-06-20,"10:52:30"
1980,2985,328,1,2005-06-17,"09:48:05",2005-06-23,"14:43:05"
1981,3186,526,2,2005-06-17,"10:03:34",2005-06-20,"13:14:34"
1982,1091,566,1,2005-06-17,"10:12:15",2005-06-20,"13:56:15"
1983,1955,365,1,2005-06-17,"10:22:13",2005-06-24,"05:04:13"
1984,3417,380,2,2005-06-17,"10:25:28",2005-06-23,"08:18:28"
1985,87,411,1,2005-06-17,"10:31:37",2005-06-22,"11:17:37"
1986,2894,541,2,2005-06-17,"10:34:59",2005-06-24,"04:57:59"
1987,110,479,1,2005-06-17,"10:40:36",2005-06-23,"14:23:36"
1988,3054,261,2,2005-06-17,"10:42:34",2005-06-25,"11:47:34"
1989,634,35,1,2005-06-17,"10:47:24",2005-06-19,"05:12:24"
1990,1471,571,1,2005-06-17,"10:48:44",2005-06-24,"08:11:44"
1991,3963,105,1,2005-06-17,"10:49:23",2005-06-25,"10:48:23"
1992,636,233,2,2005-06-17,"10:58:53",2005-06-19,"08:42:53"
1993,168,234,2,2005-06-17,"10:59:24",2005-06-23,"07:30:24"
1994,2203,346,2,2005-06-17,"11:07:06",2005-06-25,"08:32:06"
1995,1866,10,1,2005-06-17,"11:11:14",2005-06-26,"16:37:14"
1996,3074,149,1,2005-06-17,"11:17:45",2005-06-26,"09:42:45"
1997,846,411,1,2005-06-17,"11:19:43",2005-06-19,"14:18:43"
1998,4365,562,1,2005-06-17,"11:24:57",2005-06-26,"09:48:57"
1999,3704,111,1,2005-06-17,"11:30:08",2005-06-23,"08:36:08"
2000,323,163,1,2005-06-17,"11:32:30",2005-06-22,"13:37:30"
2001,2069,260,2,2005-06-17,"11:35:09",2005-06-21,"14:52:09"
2002,2406,514,2,2005-06-17,"11:39:58",2005-06-24,"15:41:58"
2003,1581,515,2,2005-06-17,"11:40:35",2005-06-19,"08:30:35"
2004,1342,171,2,2005-06-17,"11:43:38",2005-06-24,"08:05:38"
2005,4177,234,1,2005-06-17,"11:44:54",2005-06-19,"10:53:54"
2006,992,215,2,2005-06-17,"11:47:03",2005-06-19,"13:47:03"
2007,1123,572,1,2005-06-17,"11:47:17",2005-06-21,"07:19:17"
2008,2081,570,1,2005-06-17,"11:48:05",2005-06-25,"13:16:05"
2009,1902,119,2,2005-06-17,"11:48:31",2005-06-18,"09:34:31"
2010,2845,329,1,2005-06-17,"11:54:15",2005-06-21,"05:55:15"
2011,734,350,2,2005-06-17,"11:56:09",2005-06-24,"06:47:09"
2012,3588,84,1,2005-06-17,"11:57:15",2005-06-24,"17:18:15"
2013,3256,165,1,2005-06-17,"12:03:01",2005-06-24,"10:04:01"
2014,2969,337,2,2005-06-17,"12:03:28",2005-06-25,"16:00:28"
2015,3776,484,2,2005-06-17,"12:16:29",2005-06-18,"14:40:29"
2016,4265,282,1,2005-06-17,"12:18:36",2005-06-20,"12:13:36"
2017,1434,516,2,2005-06-17,"12:33:30",2005-06-19,"10:08:30"
2018,1278,380,2,2005-06-17,"12:35:58",2005-06-26,"13:16:58"
2019,2314,528,2,2005-06-17,"12:38:44",2005-06-23,"17:38:44"
2020,1914,384,1,2005-06-17,"12:39:50",2005-06-19,"14:59:50"
2021,2852,319,2,2005-06-17,"12:41:18",2005-06-23,"17:17:18"
2022,3053,547,1,2005-06-17,"12:44:39",2005-06-25,"12:32:39"
2023,787,169,1,2005-06-17,"12:52:58",2005-06-23,"11:07:58"
2024,2566,329,1,2005-06-17,"13:00:51",2005-06-22,"07:03:51"
2025,1203,447,2,2005-06-17,"13:04:00",2005-06-18,"18:45:00"
2026,3681,491,1,2005-06-17,"13:05:38",2005-06-21,"17:19:38"
2027,4309,265,1,2005-06-17,"13:06:56",2005-06-23,"13:46:56"
2028,4451,155,1,2005-06-17,"13:08:08",2005-06-23,"10:54:08"
2029,914,512,1,2005-06-17,"13:10:59",2005-06-19,"18:15:59"
2030,4024,457,1,2005-06-17,"13:13:27",2005-06-19,"10:44:27"
2031,4275,570,2,2005-06-17,"13:14:03",2005-06-25,"10:06:03"
2032,425,316,1,2005-06-17,"13:24:07",2005-06-18,"18:18:07"
2033,58,90,1,2005-06-17,"13:24:43",2005-06-20,"12:34:43"
2034,1512,587,2,2005-06-17,"13:27:16",2005-06-22,"08:53:16"
2035,4371,158,2,2005-06-17,"13:45:09",2005-06-26,"15:30:09"
2036,100,486,2,2005-06-17,"13:46:52",2005-06-18,"15:42:52"
2037,2582,308,2,2005-06-17,"13:54:20",2005-06-20,"14:49:20"
2038,4231,138,2,2005-06-17,"14:00:51",2005-06-19,"11:54:51"
2039,1514,304,1,2005-06-17,"14:03:43",2005-06-24,"09:21:43"
2040,227,260,1,2005-06-17,"14:18:37",2005-06-22,"19:08:37"
2041,782,348,2,2005-06-17,"14:19:00",2005-06-26,"08:38:00"
2042,3102,84,1,2005-06-17,"14:31:02",2005-06-18,"14:43:02"
2043,2495,4,2,2005-06-17,"14:31:12",2005-06-19,"11:04:12"
2044,2418,484,2,2005-06-17,"14:37:57",2005-06-22,"17:15:57"
2045,561,391,2,2005-06-17,"14:38:11",2005-06-26,"13:44:11"
2046,872,374,1,2005-06-17,"14:39:50",2005-06-24,"16:02:50"
2047,2371,201,1,2005-06-17,"14:40:58",2005-06-21,"08:52:58"
2048,2055,454,2,2005-06-17,"14:55:29",2005-06-23,"16:29:29"
2049,1053,182,2,2005-06-17,"14:58:36",2005-06-22,"14:53:36"
2050,1963,549,1,2005-06-17,"15:07:30",2005-06-18,"14:43:30"
2051,2366,191,1,2005-06-17,"15:10:16",2005-06-19,"20:45:16"
2052,1686,172,1,2005-06-17,"15:14:43",2005-06-21,"11:08:43"
2053,4279,521,2,2005-06-17,"15:19:34",2005-06-19,"10:06:34"
2054,1588,295,1,2005-06-17,"15:26:37",2005-06-26,"14:22:37"
2055,1399,593,1,2005-06-17,"15:27:03",2005-06-25,"13:44:03"
2056,229,42,2,2005-06-17,"15:27:33",2005-06-20,"13:04:33"
2057,2803,190,1,2005-06-17,"15:31:58",2005-06-25,"09:39:58"
2058,1324,57,1,2005-06-17,"15:34:41",2005-06-25,"14:50:41"
2059,739,114,2,2005-06-17,"15:36:12",2005-06-18,"19:01:12"
2060,1523,64,1,2005-06-17,"15:42:42",2005-06-22,"16:39:42"
2061,4575,108,2,2005-06-17,"15:47:00",2005-06-24,"16:36:00"
2062,1749,55,2,2005-06-17,"15:56:43",2005-06-20,"21:37:43"
2063,4323,5,1,2005-06-17,"15:56:53",2005-06-21,"14:19:53"
2064,1970,67,2,2005-06-17,"15:57:56",2005-06-23,"21:04:56"
2065,844,266,2,2005-06-17,"16:03:46",2005-06-22,"16:41:46"
2066,2561,248,2,2005-06-17,"16:07:08",2005-06-24,"15:20:08"
2067,1711,297,2,2005-06-17,"16:11:08",2005-06-22,"13:01:08"
2068,4252,387,1,2005-06-17,"16:11:46",2005-06-20,"11:28:46"
2069,2746,551,1,2005-06-17,"16:19:39",2005-06-26,"16:48:39"
2070,2609,24,1,2005-06-17,"16:27:51",2005-06-20,"20:46:51"
2071,2867,479,1,2005-06-17,"16:33:17",2005-06-23,"21:51:17"
2072,86,261,1,2005-06-17,"16:33:32",2005-06-23,"13:22:32"
2073,3530,410,1,2005-06-17,"16:33:59",2005-06-19,"11:57:59"
2074,71,495,1,2005-06-17,"16:40:03",2005-06-20,"21:34:03"
2075,2415,459,2,2005-06-17,"16:40:33",2005-06-19,"13:55:33"
2076,2242,217,1,2005-06-17,"16:43:47",2005-06-24,"11:12:47"
2077,4478,113,1,2005-06-17,"16:46:11",2005-06-19,"15:10:11"
2078,2021,278,1,2005-06-17,"16:48:55",2005-06-19,"18:01:55"
2079,3853,465,1,2005-06-17,"16:49:45",2005-06-18,"18:10:45"
2080,1231,476,2,2005-06-17,"16:59:40",2005-06-21,"11:28:40"
2081,917,253,1,2005-06-17,"17:05:02",2005-06-26,"20:26:02"
2082,434,254,1,2005-06-17,"17:13:32",2005-06-19,"16:16:32"
2083,2423,97,2,2005-06-17,"17:14:00",2005-06-18,"18:31:00"
2084,428,92,1,2005-06-17,"17:17:19",2005-06-22,"14:57:19"
2085,2275,214,1,2005-06-17,"17:30:56",2005-06-23,"12:13:56"
2086,898,326,2,2005-06-17,"17:32:07",2005-06-21,"20:19:07"
2087,466,398,1,2005-06-17,"17:35:10",2005-06-26,"13:52:10"
2088,506,310,2,2005-06-17,"17:35:30",2005-06-23,"20:13:30"
2089,4030,156,1,2005-06-17,"17:45:09",2005-06-25,"16:41:09"
2090,17,197,1,2005-06-17,"18:06:14",2005-06-22,"23:52:14"
2091,4033,260,1,2005-06-17,"18:09:04",2005-06-26,"12:11:04"
2092,4427,556,2,2005-06-17,"18:12:16",2005-06-25,"15:06:16"
2093,814,26,1,2005-06-17,"18:14:08",2005-06-26,"18:10:08"
2094,2205,308,1,2005-06-17,"18:18:56",2005-06-18,"19:36:56"
2095,1907,8,2,2005-06-17,"18:21:35",2005-06-23,"23:49:35"
2096,1069,431,2,2005-06-17,"18:33:04",2005-06-21,"17:29:04"
2097,569,439,1,2005-06-17,"18:40:04",2005-06-23,"13:49:04"
2098,3951,274,1,2005-06-17,"18:42:09",2005-06-19,"20:40:09"
2099,3660,146,2,2005-06-17,"18:47:26",2005-06-24,"22:31:26"
2100,2267,387,2,2005-06-17,"18:53:21",2005-06-19,"21:49:21"
2101,2137,581,2,2005-06-17,"18:57:02",2005-06-20,"15:38:02"
2102,2316,486,2,2005-06-17,"19:05:22",2005-06-23,"23:21:22"
2103,1469,456,2,2005-06-17,"19:13:10",2005-06-21,"21:32:10"
2104,3084,136,1,2005-06-17,"19:14:30",2005-06-19,"16:26:30"
2105,4090,57,1,2005-06-17,"19:15:45",2005-06-20,"16:00:45"
2106,643,66,2,2005-06-17,"19:29:03",2005-06-23,"18:17:03"
2107,1270,104,1,2005-06-17,"19:31:16",2005-06-18,"23:33:16"
2108,1395,503,1,2005-06-17,"19:35:26",2005-06-25,"15:45:26"
2109,2292,493,2,2005-06-17,"19:41:42",2005-06-25,"17:03:42"
2110,3592,163,2,2005-06-17,"19:45:49",2005-06-26,"18:59:49"
2111,2108,76,2,2005-06-17,"19:47:21",2005-06-19,"22:46:21"
2112,1629,18,2,2005-06-17,"19:52:42",2005-06-25,"00:00:42"
2113,1509,406,1,2005-06-17,"19:57:46",2005-06-24,"00:22:46"
2114,3541,358,1,2005-06-17,"20:00:25",2005-06-23,"18:51:25"
2115,3448,270,2,2005-06-17,"20:02:16",2005-06-25,"16:56:16"
2116,2373,24,2,2005-06-17,"20:16:12",2005-06-18,"17:03:12"
2117,2,170,2,2005-06-17,"20:24:00",2005-06-23,"17:45:00"
2118,1261,103,1,2005-06-17,"20:28:29",2005-06-23,"22:47:29"
2119,2104,561,1,2005-06-17,"20:34:42",2005-06-22,"00:05:42"
2120,1498,182,2,2005-06-17,"20:36:50",2005-06-27,"01:18:50"
2121,141,467,2,2005-06-17,"20:38:54",2005-06-22,"23:06:54"
2122,2932,245,2,2005-06-17,"20:48:27",2005-06-23,"00:58:27"
2123,2497,545,2,2005-06-17,"20:48:30",2005-06-18,"19:17:30"
2124,1273,178,1,2005-06-17,"20:49:14",2005-06-23,"17:44:14"
2125,4303,473,2,2005-06-17,"20:53:42",2005-06-19,"01:53:42"
2126,4276,263,1,2005-06-17,"20:54:36",2005-06-27,"02:16:36"
2127,3757,187,2,2005-06-17,"20:54:48",2005-06-18,"16:28:48"
2128,352,2,2,2005-06-17,"20:54:58",2005-06-24,"00:41:58"
2129,1930,249,1,2005-06-17,"20:58:32",2005-06-23,"22:22:32"
2130,1369,413,2,2005-06-17,"21:00:44",2005-06-26,"00:05:44"
2131,4424,85,1,2005-06-17,"21:02:25",2005-06-25,"18:45:25"
2132,2636,186,1,2005-06-17,"21:05:06",2005-06-20,"18:10:06"
2133,932,268,1,2005-06-17,"21:10:05",2005-06-23,"22:41:05"
2134,1699,378,2,2005-06-17,"21:13:44",2005-06-26,"16:28:44"
2135,4091,39,1,2005-06-17,"21:14:02",2005-06-19,"00:59:02"
2136,2651,20,2,2005-06-17,"21:16:41",2005-06-24,"22:42:41"
2137,1158,581,1,2005-06-17,"21:18:28",2005-06-20,"21:05:28"
2138,512,254,2,2005-06-17,"21:28:14",2005-06-22,"01:16:14"
2139,807,236,1,2005-06-17,"21:29:34",2005-06-26,"21:05:34"
2140,2395,56,1,2005-06-17,"21:40:29",2005-06-19,"00:42:29"
2141,2176,86,1,2005-06-17,"21:41:34",2005-06-19,"00:15:34"
2142,1787,253,2,2005-06-17,"21:55:43",2005-06-26,"19:41:43"
2143,1257,507,2,2005-06-17,"21:58:13",2005-06-19,"23:59:13"
2144,3303,46,1,2005-06-17,"22:05:40",2005-06-21,"02:53:40"
2145,238,388,2,2005-06-17,"22:10:36",2005-06-18,"21:07:36"
2146,326,456,1,2005-06-17,"22:26:23",2005-06-26,"17:10:23"
2147,2752,279,1,2005-06-17,"22:28:13",2005-06-22,"20:50:13"
2148,315,338,1,2005-06-17,"22:44:35",2005-06-26,"19:43:35"
2149,3365,333,1,2005-06-17,"22:50:00",2005-06-26,"18:40:00"
2150,1910,406,1,2005-06-17,"22:50:36",2005-06-21,"19:33:36"
2151,407,329,1,2005-06-17,"22:52:37",2005-06-20,"22:00:37"
2152,2665,307,1,2005-06-17,"22:53:27",2005-06-23,"19:19:27"
2153,2440,357,2,2005-06-17,"22:58:04",2005-06-24,"19:38:04"
2154,1655,30,1,2005-06-17,"22:59:42",2005-06-24,"04:11:42"
2155,3640,227,2,2005-06-17,"23:07:29",2005-06-25,"03:23:29"
2156,623,237,2,2005-06-17,"23:08:12",2005-06-22,"19:44:12"
2157,1619,201,2,2005-06-17,"23:30:52",2005-06-24,"01:56:52"
2158,243,530,2,2005-06-17,"23:36:27",2005-06-19,"19:25:27"
2159,3095,465,2,2005-06-17,"23:37:29",2005-06-25,"00:18:29"
2160,1644,32,1,2005-06-17,"23:39:11",2005-06-22,"20:04:11"
2161,3149,75,2,2005-06-17,"23:39:50",2005-06-26,"23:28:50"
2162,1790,277,1,2005-06-17,"23:45:47",2005-06-21,"21:03:47"
2163,2600,130,2,2005-06-17,"23:46:16",2005-06-22,"22:48:16"
2164,3442,227,2,2005-06-17,"23:46:21",2005-06-24,"19:10:21"
2165,2392,471,1,2005-06-17,"23:51:10",2005-06-21,"23:54:10"
2166,4343,305,2,2005-06-17,"23:51:21",2005-06-27,"01:06:21"
2167,3796,307,2,2005-06-17,"23:51:28",2005-06-21,"00:43:28"
2168,802,308,1,2005-06-17,"23:53:24",2005-06-20,"01:11:24"
2169,785,120,2,2005-06-17,"23:57:23",2005-06-19,"20:14:23"
2170,3989,42,2,2005-06-17,"23:57:34",2005-06-22,"03:37:34"
2171,1768,147,2,2005-06-18,"00:06:04",2005-06-24,"18:09:04"
2172,2912,457,1,2005-06-18,"00:06:16",2005-06-26,"00:50:16"
2173,995,65,1,2005-06-18,"00:08:20",2005-06-25,"05:30:20"
2174,3279,520,1,2005-06-18,"00:09:01",2005-06-25,"23:14:01"
2175,4038,17,2,2005-06-18,"00:17:58",2005-06-22,"23:18:58"
2176,4201,282,1,2005-06-18,"00:29:51",2005-06-21,"01:41:51"
2177,492,340,1,2005-06-18,"00:34:45",2005-06-26,"18:40:45"
2178,2950,260,1,2005-06-18,"00:38:35",2005-06-21,"02:56:35"
2179,4334,338,1,2005-06-18,"00:41:36",2005-06-19,"02:17:36"
2180,3564,497,2,2005-06-18,"00:47:43",2005-06-25,"04:12:43"
2181,3481,176,2,2005-06-18,"00:48:31",2005-06-25,"06:43:31"
2182,3494,454,1,2005-06-18,"00:56:18",2005-06-26,"20:01:18"
2183,1776,340,1,2005-06-18,"01:06:01",2005-06-22,"01:20:01"
2184,3468,537,2,2005-06-18,"01:10:36",2005-06-21,"05:59:36"
2185,4326,198,1,2005-06-18,"01:12:22",2005-06-20,"20:41:22"
2186,2050,204,1,2005-06-18,"01:15:27",2005-06-21,"06:16:27"
2187,1385,477,1,2005-06-18,"01:17:27",2005-06-20,"22:18:27"
2188,712,183,2,2005-06-18,"01:19:04",2005-06-25,"03:59:04"
2189,249,500,1,2005-06-18,"01:20:26",2005-06-25,"00:30:26"
2190,4398,342,2,2005-06-18,"01:29:51",2005-06-26,"04:31:51"
2191,3369,58,1,2005-06-18,"01:33:09",2005-06-19,"20:18:09"
2192,1886,456,2,2005-06-18,"01:35:47",2005-06-23,"23:38:47"
2193,1013,112,1,2005-06-18,"01:38:45",2005-06-22,"19:51:45"
2194,1827,149,1,2005-06-18,"01:41:37",2005-06-25,"04:27:37"
2195,2247,286,1,2005-06-18,"01:44:46",2005-06-25,"20:50:46"
2196,1925,240,2,2005-06-18,"01:47:07",2005-06-26,"03:18:07"
2197,3350,103,2,2005-06-18,"01:50:27",2005-06-19,"01:31:27"
2198,1983,109,2,2005-06-18,"01:51:22",2005-06-26,"06:57:22"
2199,99,171,2,2005-06-18,"01:57:56",2005-06-23,"20:34:56"
2200,1085,229,2,2005-06-18,"01:59:16",2005-06-26,"23:25:16"
2201,1864,489,1,2005-06-18,"02:08:27",2005-06-23,"01:40:27"
2202,815,297,2,2005-06-18,"02:09:24",2005-06-26,"07:17:24"
2203,1347,46,2,2005-06-18,"02:10:42",2005-06-22,"06:25:42"
2204,1137,426,1,2005-06-18,"02:11:38",2005-06-24,"00:28:38"
2205,1245,593,1,2005-06-18,"02:14:34",2005-06-25,"05:11:34"
2206,3651,438,2,2005-06-18,"02:14:45",2005-06-24,"23:20:45"
2207,182,78,2,2005-06-18,"02:19:21",2005-06-24,"02:25:21"
2208,2345,132,2,2005-06-18,"02:22:07",2005-06-23,"07:24:07"
2209,2441,13,2,2005-06-18,"02:24:01",2005-06-22,"04:13:01"
2210,219,108,1,2005-06-18,"02:27:01",2005-06-21,"00:45:01"
2211,4114,166,1,2005-06-18,"02:29:10",2005-06-22,"02:02:10"
2212,2458,336,1,2005-06-18,"02:36:10",2005-06-19,"21:21:10"
2213,949,98,1,2005-06-18,"02:36:47",2005-06-23,"05:02:47"
2214,2430,366,2,2005-06-18,"02:44:37",2005-06-18,"23:37:37"
2215,2060,239,2,2005-06-18,"02:48:21",2005-06-22,"01:03:21"
2216,1428,320,1,2005-06-18,"03:08:17",2005-06-19,"08:13:17"
2217,2260,118,1,2005-06-18,"03:12:29",2005-06-20,"06:08:29"
2218,3577,176,1,2005-06-18,"03:13:13",2005-06-18,"21:16:13"
2219,1881,393,1,2005-06-18,"03:16:54",2005-06-22,"01:29:54"
2220,320,587,2,2005-06-18,"03:21:36",2005-06-21,"07:45:36"
2221,3905,156,1,2005-06-18,"03:24:56",2005-06-22,"08:27:56"
2222,3834,10,2,2005-06-18,"03:26:23",2005-06-26,"08:50:23"
2223,4068,303,2,2005-06-18,"03:27:03",2005-06-27,"09:19:03"
2224,1336,153,1,2005-06-18,"03:33:58",2005-06-18,"22:10:58"
2225,2829,503,1,2005-06-18,"03:35:40",2005-06-23,"03:05:40"
2226,3487,225,2,2005-06-18,"03:39:56",2005-06-24,"07:26:56"
2227,3623,200,2,2005-06-18,"03:43:23",2005-06-19,"05:55:23"
2228,490,383,1,2005-06-18,"03:44:50",2005-06-23,"00:28:50"
2229,2840,35,2,2005-06-18,"03:50:18",2005-06-26,"07:16:18"
2230,833,256,2,2005-06-18,"03:50:49",2005-06-25,"01:12:49"
2231,2280,35,1,2005-06-18,"03:52:14",2005-06-23,"06:52:14"
2232,2463,52,1,2005-06-18,"03:54:31",2005-06-22,"07:29:31"
2233,3063,31,2,2005-06-18,"03:57:36",2005-06-21,"09:42:36"
2234,234,182,2,2005-06-18,"04:01:28",2005-06-24,"04:55:28"
2235,3463,21,1,2005-06-18,"04:08:50",2005-06-27,"07:58:50"
2236,4001,375,1,2005-06-18,"04:12:33",2005-06-23,"04:07:33"
2237,1821,205,1,2005-06-18,"04:17:44",2005-06-27,"09:08:44"
2238,2859,251,2,2005-06-18,"04:22:06",2005-06-27,"03:29:06"
2239,4419,437,2,2005-06-18,"04:23:54",2005-06-26,"00:12:54"
2240,1409,122,2,2005-06-18,"04:28:27",2005-06-22,"07:48:27"
2241,921,406,2,2005-06-18,"04:31:41",2005-06-24,"22:34:41"
2242,1995,146,2,2005-06-18,"04:32:28",2005-06-24,"03:26:28"
2243,1254,328,2,2005-06-18,"04:33:03",2005-06-23,"04:14:03"
2244,3629,233,1,2005-06-18,"04:46:33",2005-06-20,"04:28:33"
2245,1496,194,2,2005-06-18,"04:52:59",2005-06-24,"05:07:59"
2246,4287,414,1,2005-06-18,"04:54:29",2005-06-22,"09:14:29"
2248,1999,446,2,2005-06-18,"04:59:48",2005-06-19,"08:51:48"
2249,117,285,2,2005-06-18,"05:03:08",2005-06-26,"05:43:08"
2250,4042,7,2,2005-06-18,"05:03:36",2005-06-22,"02:25:36"
2251,1458,143,1,2005-06-18,"05:05:08",2005-06-23,"08:34:08"
2252,1987,383,1,2005-06-18,"05:05:18",2005-06-21,"08:19:18"
2253,3719,122,2,2005-06-18,"05:11:43",2005-06-25,"03:30:43"
2254,1084,281,2,2005-06-18,"05:15:14",2005-06-27,"04:10:14"
2255,24,410,1,2005-06-18,"05:21:12",2005-06-26,"09:19:12"
2256,1863,93,2,2005-06-18,"05:21:56",2005-06-27,"02:06:56"
2257,2846,34,1,2005-06-18,"05:29:52",2005-06-22,"00:19:52"
2258,4573,292,1,2005-06-18,"05:30:36",2005-06-24,"09:09:36"
2259,4103,491,1,2005-06-18,"05:37:45",2005-06-21,"01:51:45"
2260,2773,297,1,2005-06-18,"05:38:36",2005-06-20,"08:08:36"
2261,1763,570,1,2005-06-18,"05:46:15",2005-06-24,"05:06:15"
2262,4172,218,2,2005-06-18,"05:49:46",2005-06-20,"00:25:46"
2263,3259,452,1,2005-06-18,"05:57:47",2005-06-20,"06:13:47"
2264,150,240,1,2005-06-18,"05:58:45",2005-06-19,"00:57:45"
2265,3069,267,1,2005-06-18,"06:03:27",2005-06-20,"01:16:27"
2266,2596,452,1,2005-06-18,"06:05:02",2005-06-20,"06:54:02"
2267,2086,218,2,2005-06-18,"06:10:23",2005-06-20,"00:39:23"
2268,4380,21,2,2005-06-18,"06:13:41",2005-06-22,"08:53:41"
2269,3088,431,2,2005-06-18,"06:20:54",2005-06-25,"04:51:54"
2270,3447,588,2,2005-06-18,"06:29:01",2005-06-26,"07:21:01"
2271,2416,145,2,2005-06-18,"06:29:52",2005-06-21,"09:46:52"
2272,1364,599,1,2005-06-18,"06:29:53",2005-06-23,"10:58:53"
2273,4456,327,1,2005-06-18,"06:30:02",2005-06-20,"07:07:02"
2274,3021,347,2,2005-06-18,"06:31:15",2005-06-21,"01:24:15"
2275,2805,354,2,2005-06-18,"06:31:29",2005-06-24,"10:04:29"
2276,1145,594,2,2005-06-18,"06:33:48",2005-06-25,"00:50:48"
2277,3770,224,1,2005-06-18,"06:35:03",2005-06-19,"01:26:03"
2278,1166,450,1,2005-06-18,"06:37:57",2005-06-22,"10:57:57"
2279,1953,554,1,2005-06-18,"06:38:22",2005-06-27,"07:16:22"
2280,4568,548,2,2005-06-18,"06:46:54",2005-06-26,"09:48:54"
2281,4212,431,2,2005-06-18,"06:47:29",2005-06-20,"10:27:29"
2282,4388,113,2,2005-06-18,"06:48:23",2005-06-24,"11:04:23"
2283,2056,507,2,2005-06-18,"06:56:06",2005-06-19,"05:11:06"
2284,2682,228,2,2005-06-18,"06:59:51",2005-06-24,"04:58:51"
2285,755,447,2,2005-06-18,"07:00:54",2005-06-25,"08:58:54"
2286,618,287,1,2005-06-18,"07:02:32",2005-06-27,"12:33:32"
2287,1473,317,2,2005-06-18,"07:04:36",2005-06-27,"03:00:36"
2288,877,247,2,2005-06-18,"07:23:17",2005-06-26,"07:44:17"
2289,2030,392,2,2005-06-18,"07:29:43",2005-06-24,"11:16:43"
2290,200,513,1,2005-06-18,"07:34:37",2005-06-26,"11:45:37"
2291,3949,436,2,2005-06-18,"07:36:46",2005-06-26,"04:57:46"
2292,173,130,2,2005-06-18,"07:37:48",2005-06-20,"02:45:48"
2293,3209,178,1,2005-06-18,"07:45:03",2005-06-24,"08:12:03"
2294,2096,72,2,2005-06-18,"07:46:34",2005-06-22,"12:34:34"
2295,3250,106,1,2005-06-18,"07:56:18",2005-06-21,"07:10:18"
2296,4558,481,2,2005-06-18,"08:10:42",2005-06-20,"12:26:42"
2297,2262,111,2,2005-06-18,"08:17:41",2005-06-26,"05:08:41"
2298,1227,497,1,2005-06-18,"08:18:29",2005-06-24,"11:51:29"
2299,4339,28,1,2005-06-18,"08:18:52",2005-06-26,"11:48:52"
2300,1617,291,2,2005-06-18,"08:22:34",2005-06-24,"04:51:34"
2301,869,273,2,2005-06-18,"08:24:03",2005-06-25,"10:31:03"
2302,1852,42,2,2005-06-18,"08:27:33",2005-06-22,"02:46:33"
2303,1524,329,1,2005-06-18,"08:27:59",2005-06-22,"10:58:59"
2304,3543,327,1,2005-06-18,"08:30:15",2005-06-23,"06:17:15"
2305,622,149,2,2005-06-18,"08:31:18",2005-06-24,"06:18:18"
2306,208,477,2,2005-06-18,"08:33:23",2005-06-27,"10:01:23"
2307,4576,47,1,2005-06-18,"08:34:59",2005-06-23,"04:42:59"
2308,197,1,2,2005-06-18,"08:41:48",2005-06-22,"03:36:48"
2309,611,576,1,2005-06-18,"08:43:24",2005-06-20,"03:56:24"
2310,2590,409,2,2005-06-18,"08:45:59",2005-06-26,"05:06:59"
2311,4506,236,1,2005-06-18,"08:51:29",2005-06-25,"07:51:29"
2312,402,184,2,2005-06-18,"08:55:46",2005-06-24,"04:34:46"
2313,3134,379,2,2005-06-18,"08:56:45",2005-06-26,"10:30:45"
2314,2157,160,1,2005-06-18,"09:03:19",2005-06-19,"12:14:19"
2315,2766,372,1,2005-06-18,"09:03:39",2005-06-22,"11:18:39"
2316,372,289,2,2005-06-18,"09:04:59",2005-06-20,"09:39:59"
2317,1602,326,2,2005-06-18,"09:12:18",2005-06-21,"05:50:18"
2318,2328,383,1,2005-06-18,"09:13:54",2005-06-23,"07:19:54"
2319,1521,393,2,2005-06-18,"09:24:22",2005-06-26,"14:12:22"
2320,597,552,1,2005-06-18,"09:24:50",2005-06-24,"07:59:50"
2321,1160,565,1,2005-06-18,"09:42:42",2005-06-25,"14:28:42"
2322,1893,213,1,2005-06-18,"09:44:21",2005-06-25,"09:29:21"
2323,207,54,1,2005-06-18,"09:55:02",2005-06-23,"07:19:02"
2324,2987,268,1,2005-06-18,"10:00:33",2005-06-23,"14:10:33"
2325,752,406,1,2005-06-18,"10:08:07",2005-06-21,"15:07:07"
2326,3829,174,2,2005-06-18,"10:14:22",2005-06-24,"07:01:22"
2327,1351,571,1,2005-06-18,"10:16:40",2005-06-20,"15:06:40"
2328,2304,441,1,2005-06-18,"10:17:21",2005-06-21,"04:18:21"
2329,4156,587,2,2005-06-18,"10:22:52",2005-06-20,"12:03:52"
2330,4285,390,1,2005-06-18,"10:41:19",2005-06-25,"10:48:19"
2331,1546,221,1,2005-06-18,"10:50:09",2005-06-25,"14:30:09"
2332,2152,140,2,2005-06-18,"10:53:51",2005-06-24,"12:06:51"
2333,2323,283,2,2005-06-18,"10:55:54",2005-06-25,"07:09:54"
2334,3076,223,2,2005-06-18,"10:56:24",2005-06-22,"10:38:24"
2335,3968,446,2,2005-06-18,"10:59:36",2005-06-26,"06:42:36"
2336,3888,124,2,2005-06-18,"11:00:05",2005-06-25,"06:02:05"
2337,4522,582,2,2005-06-18,"11:15:27",2005-06-26,"06:59:27"
2338,3165,316,1,2005-06-18,"11:24:54",2005-06-19,"07:34:54"
2339,313,297,1,2005-06-18,"11:29:22",2005-06-21,"10:29:22"
2340,1913,157,1,2005-06-18,"11:30:56",2005-06-23,"06:00:56"
2341,638,31,2,2005-06-18,"11:35:30",2005-06-27,"11:56:30"
2342,2169,146,1,2005-06-18,"11:42:40",2005-06-20,"14:40:40"
2343,4554,20,2,2005-06-18,"11:46:26",2005-06-22,"11:37:26"
2344,2015,498,2,2005-06-18,"12:01:47",2005-06-19,"11:56:47"
2345,1818,6,2,2005-06-18,"12:03:23",2005-06-22,"14:25:23"
2346,2575,308,1,2005-06-18,"12:08:16",2005-06-27,"15:02:16"
2347,4516,194,1,2005-06-18,"12:12:29",2005-06-23,"14:03:29"
2348,3622,449,2,2005-06-18,"12:15:43",2005-06-24,"14:03:43"
2349,1536,495,2,2005-06-18,"12:25:14",2005-06-19,"11:24:14"
2350,1179,471,1,2005-06-18,"12:25:29",2005-06-23,"11:35:29"
2351,2942,216,1,2005-06-18,"12:27:57",2005-06-23,"16:14:57"
2352,2141,590,2,2005-06-18,"12:40:15",2005-06-22,"07:07:15"
2353,3223,361,1,2005-06-18,"12:53:25",2005-06-19,"13:53:25"
2354,2793,77,2,2005-06-18,"12:54:18",2005-06-26,"07:23:18"
2355,3613,125,1,2005-06-18,"12:57:06",2005-06-26,"07:32:06"
2356,2207,455,2,2005-06-18,"12:59:23",2005-06-21,"10:12:23"
2357,1323,561,1,2005-06-18,"12:59:41",2005-06-26,"16:40:41"
2358,1728,478,1,2005-06-18,"13:00:51",2005-06-26,"12:58:51"
2359,3087,201,1,2005-06-18,"13:04:42",2005-06-25,"11:52:42"
2360,37,57,2,2005-06-18,"13:11:13",2005-06-23,"15:32:13"
2361,3547,546,1,2005-06-18,"13:19:05",2005-06-23,"07:59:05"
2362,2815,514,1,2005-06-18,"13:31:15",2005-06-19,"12:35:15"
2363,3497,1,1,2005-06-18,"13:33:59",2005-06-19,"17:40:59"
2364,2856,512,1,2005-06-18,"13:37:32",2005-06-23,"14:18:32"
2365,3109,493,2,2005-06-18,"13:45:34",2005-06-21,"12:12:34"
2366,1413,162,2,2005-06-18,"13:46:39",2005-06-23,"18:49:39"
2367,4086,566,2,2005-06-18,"14:00:31",2005-06-22,"14:45:31"
2368,1058,99,1,2005-06-18,"14:10:27",2005-06-23,"10:49:27"
2369,1515,44,2,2005-06-18,"14:25:29",2005-06-23,"18:45:29"
2370,2656,489,1,2005-06-18,"14:29:54",2005-06-24,"10:23:54"
2371,178,248,2,2005-06-18,"14:35:29",2005-06-22,"09:38:29"
2372,1567,96,2,2005-06-18,"14:37:37",2005-06-21,"08:40:37"
2373,2780,544,2,2005-06-18,"14:37:57",2005-06-23,"19:29:57"
2374,2634,71,1,2005-06-18,"14:44:06",2005-06-22,"17:14:06"
2375,2175,259,2,2005-06-18,"14:47:29",2005-06-26,"13:52:29"
2376,3664,479,1,2005-06-18,"14:55:30",2005-06-25,"17:40:30"
2377,3568,193,1,2005-06-18,"14:56:23",2005-06-27,"12:36:23"
2378,2796,384,2,2005-06-18,"14:57:49",2005-06-26,"18:23:49"
2379,2708,597,2,2005-06-18,"14:59:39",2005-06-24,"13:26:39"
2380,4413,256,2,2005-06-18,"15:00:04",2005-06-24,"13:29:04"
2381,1491,167,1,2005-06-18,"15:00:30",2005-06-22,"11:38:30"
2382,915,568,2,2005-06-18,"15:03:52",2005-06-20,"10:16:52"
2383,2459,149,2,2005-06-18,"15:17:59",2005-06-26,"18:42:59"
2384,3378,132,1,2005-06-18,"15:18:49",2005-06-21,"18:10:49"
2385,1641,298,1,2005-06-18,"15:22:40",2005-06-26,"10:02:40"
2386,1361,293,1,2005-06-18,"15:22:51",2005-06-22,"20:01:51"
2387,692,289,2,2005-06-18,"15:24:19",2005-06-25,"17:41:19"
2388,2923,53,1,2005-06-18,"15:26:30",2005-06-20,"20:24:30"
2389,731,382,1,2005-06-18,"15:27:47",2005-06-21,"12:26:47"
2390,2748,239,1,2005-06-18,"15:29:26",2005-06-23,"17:50:26"
2391,2850,491,1,2005-06-18,"15:33:30",2005-06-25,"14:30:30"
2392,2213,261,1,2005-06-18,"15:34:18",2005-06-19,"16:22:18"
2393,3143,21,1,2005-06-18,"15:37:55",2005-06-25,"17:11:55"
2394,2669,60,1,2005-06-18,"15:42:30",2005-06-26,"16:12:30"
2395,899,544,2,2005-06-18,"15:45:15",2005-06-27,"19:11:15"
2396,1986,31,2,2005-06-18,"15:49:48",2005-06-27,"20:31:48"
2397,2895,76,1,2005-06-18,"15:51:25",2005-06-24,"15:52:25"
2398,3001,526,2,2005-06-18,"15:56:53",2005-06-27,"14:25:53"
2399,2492,577,2,2005-06-18,"16:06:14",2005-06-26,"16:56:14"
2400,3194,410,1,2005-06-18,"16:10:46",2005-06-25,"20:34:46"
2401,85,359,2,2005-06-18,"16:22:03",2005-06-19,"13:49:03"
2402,2833,360,1,2005-06-18,"16:24:45",2005-06-27,"14:39:45"
2403,2697,536,1,2005-06-18,"16:33:22",2005-06-23,"19:25:22"
2404,4138,456,2,2005-06-18,"16:33:48",2005-06-23,"20:39:48"
2405,3604,356,1,2005-06-18,"16:36:38",2005-06-21,"19:15:38"
2406,1321,497,1,2005-06-18,"16:39:37",2005-06-23,"12:04:37"
2407,2547,421,2,2005-06-18,"16:50:41",2005-06-24,"15:29:41"
2408,258,87,1,2005-06-18,"16:50:44",2005-06-19,"20:11:44"
2409,656,84,1,2005-06-18,"16:53:33",2005-06-20,"18:23:33"
2410,265,381,2,2005-06-18,"16:55:08",2005-06-20,"12:40:08"
2411,3302,558,1,2005-06-18,"16:55:54",2005-06-25,"12:44:54"
2412,1946,127,1,2005-06-18,"16:58:58",2005-06-27,"22:57:58"
2413,1851,170,2,2005-06-18,"16:59:34",2005-06-27,"16:10:34"
2414,4500,275,1,2005-06-18,"17:01:55",2005-06-20,"17:42:55"
2415,3105,434,2,2005-06-18,"17:02:42",2005-06-25,"13:16:42"
2416,2868,26,1,2005-06-18,"17:07:34",2005-06-24,"19:16:34"
2417,1956,219,1,2005-06-18,"17:12:01",2005-06-26,"13:32:01"
2418,2756,381,1,2005-06-18,"17:14:42",2005-06-26,"16:33:42"
2419,1255,102,1,2005-06-18,"17:21:24",2005-06-26,"18:25:24"
2420,241,502,1,2005-06-18,"17:22:28",2005-06-23,"17:45:28"
2421,3524,26,2,2005-06-18,"17:25:05",2005-06-23,"21:09:05"
2422,3170,527,1,2005-06-18,"17:28:57",2005-06-23,"15:22:57"
2423,1744,231,1,2005-06-18,"17:32:08",2005-06-21,"11:58:08"
2424,1884,233,1,2005-06-18,"17:35:08",2005-06-23,"15:33:08"
2425,2630,579,2,2005-06-18,"17:37:45",2005-06-27,"18:40:45"
2426,474,543,2,2005-06-18,"17:40:44",2005-06-22,"14:30:44"
2427,4278,176,2,2005-06-18,"17:45:00",2005-06-27,"20:07:00"
2428,3892,241,2,2005-06-18,"17:47:34",2005-06-19,"14:39:34"
2429,3238,583,1,2005-06-18,"17:48:28",2005-06-27,"15:52:28"
2430,1984,434,1,2005-06-18,"17:51:46",2005-06-23,"19:17:46"
2431,1383,295,2,2005-06-18,"17:53:03",2005-06-25,"15:08:03"
2432,4420,250,2,2005-06-18,"17:59:18",2005-06-25,"15:19:18"
2433,937,356,2,2005-06-18,"18:10:17",2005-06-23,"14:46:17"
2434,3739,12,2,2005-06-18,"18:11:51",2005-06-23,"12:52:51"
2435,3548,173,2,2005-06-18,"18:12:26",2005-06-22,"13:43:26"
2436,3328,534,2,2005-06-18,"18:13:32",2005-06-21,"13:33:32"
2437,1799,454,1,2005-06-18,"18:30:26",2005-06-21,"18:36:26"
2438,184,31,1,2005-06-18,"18:34:21",2005-06-19,"16:50:21"
2439,909,39,2,2005-06-18,"18:35:04",2005-06-21,"19:47:04"
2440,2866,380,1,2005-06-18,"18:41:09",2005-06-22,"12:46:09"
2441,3148,593,1,2005-06-18,"18:45:11",2005-06-20,"00:42:11"
2442,4045,364,1,2005-06-18,"18:49:18",2005-06-22,"16:18:18"
2443,1622,233,1,2005-06-18,"18:52:30",2005-06-24,"21:27:30"
2444,2233,576,1,2005-06-18,"18:58:12",2005-06-27,"20:48:12"
2445,2887,98,1,2005-06-18,"19:02:11",2005-06-23,"22:25:11"
2446,1283,466,2,2005-06-18,"19:04:41",2005-06-27,"17:10:41"
2447,2353,523,1,2005-06-18,"19:10:55",2005-06-27,"16:35:55"
2448,1642,308,1,2005-06-18,"19:13:45",2005-06-27,"14:43:45"
2449,3630,498,1,2005-06-18,"19:18:36",2005-06-27,"23:49:36"
2450,863,230,1,2005-06-18,"19:25:47",2005-06-27,"15:54:47"
2451,835,24,1,2005-06-18,"19:28:02",2005-06-23,"16:41:02"
2452,4318,77,1,2005-06-18,"19:29:21",2005-06-26,"22:27:21"
2453,2562,588,1,2005-06-18,"19:30:53",2005-06-20,"17:22:53"
2454,314,253,2,2005-06-18,"19:32:51",2005-06-24,"20:03:51"
2455,870,241,1,2005-06-18,"19:33:06",2005-06-21,"15:21:06"
2456,553,147,1,2005-06-18,"19:36:50",2005-06-23,"22:48:50"
2457,1277,91,1,2005-06-18,"19:38:20",2005-06-26,"20:48:20"
2458,599,572,2,2005-06-18,"19:39:05",2005-06-21,"13:54:05"
2459,1024,185,2,2005-06-18,"19:44:08",2005-06-23,"19:14:08"
2460,3933,553,2,2005-06-18,"19:54:13",2005-06-27,"22:36:13"
2461,78,343,2,2005-06-18,"19:58:12",2005-06-28,"01:35:12"
2462,2151,468,2,2005-06-18,"20:00:15",2005-06-21,"21:54:15"
2463,1186,194,2,2005-06-18,"20:01:43",2005-06-25,"15:04:43"
2464,463,380,1,2005-06-18,"20:06:05",2005-06-20,"19:22:05"
2465,3783,160,1,2005-06-18,"20:07:02",2005-06-25,"20:55:02"
2466,1356,427,1,2005-06-18,"20:18:42",2005-06-20,"01:32:42"
2467,4387,177,1,2005-06-18,"20:20:05",2005-06-20,"17:01:05"
2468,1833,382,1,2005-06-18,"20:23:52",2005-06-23,"14:34:52"
2469,1993,137,1,2005-06-18,"20:24:23",2005-06-27,"15:39:23"
2470,4319,40,1,2005-06-18,"20:28:31",2005-06-25,"18:48:31"
2471,3399,183,2,2005-06-18,"20:31:00",2005-06-24,"18:01:00"
2472,4556,70,2,2005-06-18,"20:32:40",2005-06-20,"00:40:40"
2473,3876,221,1,2005-06-18,"20:42:45",2005-06-19,"20:17:45"
2474,3450,151,1,2005-06-18,"20:51:34",2005-06-25,"01:39:34"
2475,889,336,2,2005-06-18,"20:52:46",2005-06-21,"19:40:46"
2476,3998,334,1,2005-06-18,"20:57:12",2005-06-20,"15:42:12"
2477,2510,206,1,2005-06-18,"20:58:46",2005-06-22,"21:49:46"
2478,2798,241,1,2005-06-18,"21:01:21",2005-06-24,"00:20:21"
2479,1624,408,1,2005-06-18,"21:03:08",2005-06-22,"16:49:08"
2480,4078,310,1,2005-06-18,"21:04:09",2005-06-22,"16:24:09"
2481,800,322,2,2005-06-18,"21:08:30",2005-06-23,"02:35:30"
2482,452,122,1,2005-06-18,"21:10:44",2005-06-19,"20:39:44"
2483,4225,88,1,2005-06-18,"21:22:23",2005-06-25,"01:14:23"
2484,1511,515,2,2005-06-18,"21:25:23",2005-06-24,"16:03:23"
2485,1562,56,2,2005-06-18,"21:26:03",2005-06-21,"22:09:03"
2486,268,15,1,2005-06-18,"21:26:56",2005-06-22,"23:42:56"
2487,3683,374,2,2005-06-18,"21:32:54",2005-06-23,"21:11:54"
2488,1338,403,2,2005-06-18,"21:38:26",2005-06-24,"02:08:26"
2489,4012,382,2,2005-06-18,"22:00:44",2005-06-22,"02:06:44"
2490,1934,402,2,2005-06-18,"22:00:50",2005-06-19,"23:45:50"
2491,1779,316,1,2005-06-18,"22:01:31",2005-06-26,"02:46:31"
2492,2858,237,1,2005-06-18,"22:04:15",2005-06-23,"21:58:15"
2493,4121,269,1,2005-06-18,"22:12:09",2005-06-27,"23:44:09"
2494,1313,434,1,2005-06-18,"22:15:09",2005-06-25,"17:23:09"
2495,3826,338,1,2005-06-18,"22:15:42",2005-06-21,"23:21:42"
2496,646,527,2,2005-06-18,"22:20:11",2005-06-20,"03:08:11"
2497,2327,171,1,2005-06-18,"22:50:40",2005-06-26,"22:39:40"
2498,2291,74,1,2005-06-18,"22:56:26",2005-06-22,"20:02:26"
2499,3172,348,2,2005-06-18,"23:01:36",2005-06-20,"21:50:36"
2500,4241,12,1,2005-06-18,"23:07:12",2005-06-26,"17:27:12"
2501,1185,450,2,2005-06-18,"23:10:11",2005-06-24,"18:40:11"
2502,2622,325,2,2005-06-18,"23:12:13",2005-06-20,"04:19:13"
2503,2486,176,2,2005-06-18,"23:17:19",2005-06-23,"03:57:19"
2504,1684,452,2,2005-06-18,"23:19:53",2005-06-21,"04:43:53"
2505,1670,519,1,2005-06-18,"23:28:27",2005-06-26,"01:36:27"
2506,2308,82,2,2005-06-18,"23:29:53",2005-06-25,"18:11:53"
2507,3121,325,1,2005-06-18,"23:39:22",2005-06-21,"19:23:22"
2508,4322,476,2,2005-06-18,"23:43:58",2005-06-20,"19:26:58"
2509,4469,213,2,2005-06-18,"23:44:08",2005-06-20,"01:36:08"
2510,3827,384,1,2005-06-18,"23:44:21",2005-06-24,"00:31:21"
2511,1824,234,2,2005-06-18,"23:45:30",2005-06-24,"01:21:30"
2512,4515,27,2,2005-06-18,"23:48:47",2005-06-21,"04:58:47"
2513,3379,515,2,2005-06-18,"23:53:15",2005-06-24,"21:16:15"
2514,2559,382,1,2005-06-18,"23:56:44",2005-06-23,"21:10:44"
2515,3213,188,2,2005-06-18,"23:57:31",2005-06-22,"05:31:31"
2516,2678,87,2,2005-06-19,"00:03:28",2005-06-21,"00:30:28"
2517,53,74,1,2005-06-19,"00:11:26",2005-06-25,"02:19:26"
2518,3503,86,2,2005-06-19,"00:16:23",2005-06-25,"19:28:23"
2519,1172,128,1,2005-06-19,"00:19:21",2005-06-25,"01:46:21"
2520,4181,446,1,2005-06-19,"00:29:00",2005-06-28,"04:36:00"
2521,132,92,1,2005-06-19,"00:41:08",2005-06-22,"00:40:08"
2522,550,579,1,2005-06-19,"00:43:42",2005-06-28,"04:26:42"
2523,460,89,2,2005-06-19,"00:45:56",2005-06-21,"00:54:56"
2524,441,465,2,2005-06-19,"00:48:11",2005-06-25,"01:46:11"
2525,1307,365,2,2005-06-19,"00:48:22",2005-06-24,"19:10:22"
2526,3309,500,1,2005-06-19,"01:03:07",2005-06-28,"06:57:07"
2527,387,463,2,2005-06-19,"01:10:31",2005-06-20,"05:37:31"
2528,1836,331,2,2005-06-19,"01:14:12",2005-06-26,"05:08:12"
2529,2306,478,1,2005-06-19,"01:18:27",2005-06-24,"00:26:27"
2530,4166,31,1,2005-06-19,"01:20:00",2005-06-23,"04:10:00"
2531,768,368,2,2005-06-19,"01:20:49",2005-06-22,"01:50:49"
2532,1870,26,1,2005-06-19,"01:27:46",2005-06-20,"02:15:46"
2533,4564,187,1,2005-06-19,"01:34:26",2005-06-22,"20:19:26"
2534,2540,517,1,2005-06-19,"01:38:39",2005-06-23,"00:16:39"
2535,901,130,2,2005-06-19,"01:39:04",2005-06-28,"01:33:04"
2536,4232,163,1,2005-06-19,"01:41:34",2005-06-27,"03:11:34"
2537,3499,388,1,2005-06-19,"01:52:21",2005-06-26,"02:09:21"
2538,1287,472,2,2005-06-19,"01:56:59",2005-06-25,"00:54:59"
2539,4474,527,2,2005-06-19,"01:58:39",2005-06-19,"22:17:39"
2540,4305,363,2,2005-06-19,"02:04:48",2005-06-20,"22:42:48"
2541,129,360,1,2005-06-19,"02:08:10",2005-06-23,"23:32:10"
2542,1446,67,1,2005-06-19,"02:08:39",2005-06-26,"20:25:39"
2543,1729,58,2,2005-06-19,"02:14:11",2005-06-21,"00:40:11"
2544,1465,558,1,2005-06-19,"02:16:17",2005-06-22,"21:45:17"
2545,3237,413,2,2005-06-19,"02:23:36",2005-06-20,"03:17:36"
2546,971,272,2,2005-06-19,"02:39:39",2005-06-23,"03:56:39"
2547,4560,162,2,2005-06-19,"02:44:17",2005-06-24,"08:01:17"
2548,4292,561,2,2005-06-19,"02:45:35",2005-06-22,"06:52:35"
2549,3854,495,2,2005-06-19,"02:46:39",2005-06-26,"22:30:39"
2550,1370,38,1,2005-06-19,"02:49:55",2005-06-24,"01:37:55"
2551,2007,444,1,2005-06-19,"02:51:04",2005-06-28,"05:02:04"
2552,664,389,1,2005-06-19,"03:01:29",2005-06-28,"04:13:29"
2553,923,473,2,2005-06-19,"03:04:59",2005-06-26,"02:36:59"
2554,3916,322,1,2005-06-19,"03:05:38",2005-06-25,"23:03:38"
2555,260,191,2,2005-06-19,"03:07:02",2005-06-25,"05:25:02"
2556,125,377,1,2005-06-19,"03:07:32",2005-06-23,"23:09:32"
2557,4546,257,1,2005-06-19,"03:08:51",2005-06-20,"07:59:51"
2558,2920,361,1,2005-06-19,"03:09:16",2005-06-24,"05:29:16"
2559,4433,414,1,2005-06-19,"03:09:46",2005-06-28,"07:49:46"
2560,3340,309,1,2005-06-19,"03:12:42",2005-06-28,"02:28:42"
2561,4128,256,2,2005-06-19,"03:14:52",2005-06-21,"02:42:52"
2562,51,265,2,2005-06-19,"03:15:05",2005-06-21,"08:26:05"
2563,1935,41,2,2005-06-19,"03:24:17",2005-06-23,"04:08:17"
2564,4008,408,1,2005-06-19,"03:41:10",2005-06-24,"03:10:10"
2565,2347,128,2,2005-06-19,"03:44:03",2005-06-24,"01:26:03"
2566,495,486,2,2005-06-19,"03:45:39",2005-06-25,"08:43:39"
2567,216,496,2,2005-06-19,"04:04:46",2005-06-19,"23:39:46"
2568,3032,190,1,2005-06-19,"04:09:03",2005-06-24,"23:24:03"
2569,30,213,1,2005-06-19,"04:19:04",2005-06-26,"04:31:04"
2570,1105,5,1,2005-06-19,"04:20:13",2005-06-25,"07:00:13"
2571,1800,66,2,2005-06-19,"04:20:14",2005-06-21,"07:28:14"
2572,2449,159,2,2005-06-19,"04:21:26",2005-06-23,"09:22:26"
2573,3354,563,1,2005-06-19,"04:23:18",2005-06-23,"06:04:18"
2574,3320,143,1,2005-06-19,"04:23:52",2005-06-20,"05:24:52"
2575,354,336,1,2005-06-19,"04:32:52",2005-06-24,"09:37:52"
2576,2928,559,2,2005-06-19,"04:34:15",2005-06-28,"10:02:15"
2577,447,66,2,2005-06-19,"04:36:03",2005-06-28,"00:38:03"
2578,1695,267,2,2005-06-19,"04:40:06",2005-06-26,"09:37:06"
2579,3836,493,1,2005-06-19,"04:40:44",2005-06-22,"09:22:44"
2580,2527,219,1,2005-06-19,"04:44:30",2005-06-23,"04:15:30"
2581,376,456,2,2005-06-19,"04:54:13",2005-06-23,"23:28:13"
2582,201,267,2,2005-06-19,"04:56:27",2005-06-26,"08:56:27"
2583,3999,523,1,2005-06-19,"05:01:40",2005-06-28,"00:04:40"
2584,3733,90,2,2005-06-19,"05:02:36",2005-06-28,"04:52:36"
2585,91,406,1,2005-06-19,"05:05:03",2005-06-20,"09:28:03"
2586,4104,537,1,2005-06-19,"05:05:11",2005-06-27,"00:23:11"
2587,2188,331,2,2005-06-19,"05:06:14",2005-06-24,"10:50:14"
2588,3626,143,2,2005-06-19,"05:20:31",2005-06-22,"04:20:31"
2589,225,164,2,2005-06-19,"05:21:27",2005-06-21,"09:55:27"
2590,3572,324,2,2005-06-19,"05:31:40",2005-06-20,"07:58:40"
2591,4481,438,1,2005-06-19,"05:32:22",2005-06-25,"23:42:22"
2592,282,208,1,2005-06-19,"05:36:54",2005-06-21,"08:44:54"
2593,2031,556,1,2005-06-19,"05:40:11",2005-06-28,"08:11:11"
2594,829,123,2,2005-06-19,"05:43:43",2005-06-25,"03:41:43"
2595,3197,122,1,2005-06-19,"05:43:55",2005-06-25,"10:20:55"
2596,2229,80,1,2005-06-19,"05:48:26",2005-06-24,"10:16:26"
2597,2278,407,1,2005-06-19,"05:53:46",2005-06-20,"05:14:46"
2598,2079,265,2,2005-06-19,"05:59:57",2005-06-24,"11:44:57"
2599,461,171,1,2005-06-19,"06:06:07",2005-06-27,"01:10:07"
2600,469,423,2,2005-06-19,"06:07:25",2005-06-28,"03:37:25"
2601,2898,98,1,2005-06-19,"06:09:44",2005-06-20,"08:03:44"
2602,4124,173,2,2005-06-19,"06:10:08",2005-06-24,"00:39:08"
2603,587,222,1,2005-06-19,"06:21:25",2005-06-26,"03:19:25"
2604,2889,28,2,2005-06-19,"06:30:10",2005-06-25,"11:16:10"
2605,2342,38,1,2005-06-19,"06:48:01",2005-06-25,"07:00:01"
2606,4133,364,2,2005-06-19,"06:51:32",2005-06-21,"03:15:32"
2607,3922,340,2,2005-06-19,"06:55:01",2005-06-25,"03:21:01"
2608,1618,132,1,2005-06-19,"07:10:36",2005-06-24,"13:09:36"
2609,2254,383,2,2005-06-19,"07:13:12",2005-06-28,"12:30:12"
2610,3845,542,2,2005-06-19,"07:16:20",2005-06-25,"09:39:20"
2611,3682,301,1,2005-06-19,"07:18:17",2005-06-21,"10:19:17"
2612,1691,287,1,2005-06-19,"07:19:41",2005-06-25,"11:10:41"
2613,3830,179,1,2005-06-19,"07:25:50",2005-06-21,"03:04:50"
2614,4147,145,1,2005-06-19,"07:28:11",2005-06-22,"12:33:11"
2615,3810,578,1,2005-06-19,"07:29:13",2005-06-27,"12:50:13"
2616,581,478,1,2005-06-19,"07:33:00",2005-06-28,"03:05:00"
2617,204,313,1,2005-06-19,"07:48:31",2005-06-27,"11:56:31"
2618,2465,310,2,2005-06-19,"08:03:01",2005-06-24,"03:23:01"
2619,1848,350,2,2005-06-19,"08:03:12",2005-06-21,"05:02:12"
2620,3183,94,1,2005-06-19,"08:06:29",2005-06-24,"11:42:29"
2621,1746,439,1,2005-06-19,"08:07:31",2005-06-28,"05:36:31"
2622,1393,573,2,2005-06-19,"08:10:41",2005-06-28,"10:44:41"
2623,4477,12,2,2005-06-19,"08:11:51",2005-06-26,"12:28:51"
2624,3071,32,1,2005-06-19,"08:22:09",2005-06-27,"11:13:09"
2625,3946,25,2,2005-06-19,"08:23:11",2005-06-26,"09:52:11"
2626,2816,450,1,2005-06-19,"08:28:44",2005-06-24,"03:58:44"
2627,2779,592,2,2005-06-19,"08:32:00",2005-06-24,"04:31:00"
2628,3917,3,2,2005-06-19,"08:34:53",2005-06-28,"04:19:53"
2629,1810,458,2,2005-06-19,"08:42:12",2005-06-28,"03:38:12"
2630,3904,236,1,2005-06-19,"08:47:21",2005-06-25,"09:31:21"
2631,3471,39,1,2005-06-19,"08:49:53",2005-06-26,"03:25:53"
2632,2274,574,2,2005-06-19,"08:51:47",2005-06-23,"07:13:47"
2633,3462,68,1,2005-06-19,"08:53:10",2005-06-20,"07:56:10"
2634,3687,318,2,2005-06-19,"08:55:17",2005-06-20,"11:44:17"
2635,3332,105,1,2005-06-19,"09:08:45",2005-06-26,"09:20:45"
2636,2102,253,2,2005-06-19,"09:13:06",2005-06-25,"07:47:06"
2637,2736,327,2,2005-06-19,"09:20:56",2005-06-27,"10:09:56"
2638,2944,295,1,2005-06-19,"09:23:30",2005-06-26,"14:56:30"
2639,3971,116,2,2005-06-19,"09:24:02",2005-06-21,"14:16:02"
2640,721,540,1,2005-06-19,"09:26:13",2005-06-20,"14:38:13"
2641,231,374,1,2005-06-19,"09:38:33",2005-06-22,"09:55:33"
2642,2065,4,1,2005-06-19,"09:39:01",2005-06-25,"08:33:01"
2643,1928,318,2,2005-06-19,"09:39:27",2005-06-26,"10:27:27"
2644,1923,309,2,2005-06-19,"09:42:30",2005-06-27,"07:23:30"
2645,2284,181,2,2005-06-19,"09:50:35",2005-06-28,"06:47:35"
2646,3511,275,2,2005-06-19,"09:56:01",2005-06-21,"04:15:01"
2647,1954,54,1,2005-06-19,"09:57:56",2005-06-22,"15:55:56"
2648,1620,31,2,2005-06-19,"10:06:20",2005-06-21,"04:30:20"
2649,98,153,1,2005-06-19,"10:20:09",2005-06-21,"10:05:09"
2650,4211,209,1,2005-06-19,"10:21:45",2005-06-21,"08:01:45"
2651,2181,576,1,2005-06-19,"10:22:56",2005-06-27,"13:37:56"
2652,3108,589,1,2005-06-19,"10:35:26",2005-06-28,"08:03:26"
2653,3528,340,1,2005-06-19,"10:36:53",2005-06-26,"15:15:53"
2654,3697,405,2,2005-06-19,"10:37:54",2005-06-27,"11:44:54"
2655,1649,29,1,2005-06-19,"10:38:42",2005-06-23,"14:20:42"
2656,559,280,2,2005-06-19,"10:42:33",2005-06-24,"08:31:33"
2657,3595,19,1,2005-06-19,"10:42:59",2005-06-28,"12:37:59"
2658,3281,156,1,2005-06-19,"10:43:42",2005-06-24,"16:23:42"
2659,66,139,1,2005-06-19,"10:47:42",2005-06-23,"14:03:42"
2660,4341,221,1,2005-06-19,"10:50:02",2005-06-28,"12:49:02"
2661,3652,452,2,2005-06-19,"10:50:52",2005-06-25,"08:44:52"
2662,3936,68,1,2005-06-19,"10:53:42",2005-06-20,"11:41:42"
2663,1012,583,1,2005-06-19,"10:54:00",2005-06-20,"16:48:00"
2664,3496,299,2,2005-06-19,"11:11:23",2005-06-28,"08:30:23"
2665,4531,133,2,2005-06-19,"11:12:35",2005-06-26,"11:55:35"
2666,1872,454,1,2005-06-19,"11:17:12",2005-06-28,"12:47:12"
2667,1028,200,2,2005-06-19,"11:28:46",2005-06-27,"11:48:46"
2668,3127,568,2,2005-06-19,"11:28:47",2005-06-24,"10:12:47"
2669,2734,523,1,2005-06-19,"11:28:52",2005-06-20,"16:43:52"
2670,3518,457,2,2005-06-19,"11:30:16",2005-06-21,"17:25:16"
2671,2164,451,2,2005-06-19,"11:33:11",2005-06-26,"14:30:11"
2672,1164,420,2,2005-06-19,"11:42:04",2005-06-25,"09:14:04"
2673,2487,29,1,2005-06-19,"11:42:20",2005-06-23,"07:16:20"
2674,3744,585,1,2005-06-19,"11:47:59",2005-06-20,"08:09:59"
2675,3078,230,1,2005-06-19,"11:52:15",2005-06-23,"16:45:15"
2676,3938,477,2,2005-06-19,"11:54:57",2005-06-24,"15:34:57"
2677,4384,428,2,2005-06-19,"12:01:59",2005-06-21,"06:15:59"
2678,4230,258,2,2005-06-19,"12:12:23",2005-06-21,"16:28:23"
2679,1994,109,1,2005-06-19,"12:12:30",2005-06-27,"08:27:30"
2680,865,114,1,2005-06-19,"12:13:37",2005-06-27,"15:15:37"
2681,2704,196,2,2005-06-19,"12:15:27",2005-06-21,"16:48:27"
2682,3609,538,1,2005-06-19,"12:18:17",2005-06-28,"14:09:17"
2683,2860,241,2,2005-06-19,"12:27:19",2005-06-21,"16:26:19"
2684,1225,17,2,2005-06-19,"12:29:08",2005-06-28,"08:50:08"
2685,1170,283,1,2005-06-19,"12:35:21",2005-06-22,"16:58:21"
2686,2686,68,1,2005-06-19,"12:44:20",2005-06-20,"16:00:20"
2687,3152,254,2,2005-06-19,"12:46:52",2005-06-23,"06:58:52"
2688,4281,309,2,2005-06-19,"12:50:56",2005-06-28,"17:58:56"
2689,2478,567,1,2005-06-19,"12:58:53",2005-06-24,"17:35:53"
2690,1381,391,1,2005-06-19,"13:00:02",2005-06-27,"14:29:02"
2691,3469,242,1,2005-06-19,"13:06:50",2005-06-26,"15:56:50"
2692,3162,388,1,2005-06-19,"13:08:19",2005-06-21,"16:45:19"
2693,2570,107,1,2005-06-19,"13:11:47",2005-06-27,"11:17:47"
2694,380,368,1,2005-06-19,"13:17:21",2005-06-24,"15:09:21"
2695,190,208,2,2005-06-19,"13:25:53",2005-06-24,"17:12:53"
2696,2110,597,2,2005-06-19,"13:28:42",2005-06-28,"14:06:42"
2697,2271,448,1,2005-06-19,"13:29:08",2005-06-23,"13:21:08"
2698,3900,420,2,2005-06-19,"13:29:11",2005-06-20,"07:31:11"
2699,72,267,2,2005-06-19,"13:29:28",2005-06-24,"11:15:28"
2700,928,180,1,2005-06-19,"13:31:52",2005-06-27,"19:30:52"
2701,1623,29,2,2005-06-19,"13:33:06",2005-06-28,"15:11:06"
2702,1736,329,2,2005-06-19,"13:35:56",2005-06-20,"14:07:56"
2703,4080,319,2,2005-06-19,"13:36:06",2005-06-28,"08:26:06"
2704,2026,246,2,2005-06-19,"13:50:10",2005-06-26,"18:25:10"
2705,1191,562,1,2005-06-19,"13:54:30",2005-06-20,"12:31:30"
2706,373,559,2,2005-06-19,"13:56:51",2005-06-21,"17:23:51"
2707,4486,589,2,2005-06-19,"13:57:08",2005-06-27,"11:09:08"
2708,2659,541,2,2005-06-19,"13:59:05",2005-06-24,"10:02:05"
2709,2877,7,2,2005-06-19,"14:00:26",2005-06-23,"14:56:26"
2710,2965,446,1,2005-06-19,"14:03:56",2005-06-21,"16:15:56"
2711,3944,313,1,2005-06-19,"14:12:22",2005-06-21,"09:29:22"
2712,3132,411,1,2005-06-19,"14:20:13",2005-06-22,"19:08:13"
2713,3979,378,1,2005-06-19,"14:23:09",2005-06-20,"17:55:09"
2714,2853,81,2,2005-06-19,"14:26:09",2005-06-23,"17:24:09"
2715,2082,404,2,2005-06-19,"14:29:35",2005-06-26,"08:44:35"
2716,944,252,2,2005-06-19,"14:40:17",2005-06-27,"17:45:17"
2717,140,200,1,2005-06-19,"14:46:10",2005-06-22,"20:17:10"
2718,4443,139,1,2005-06-19,"14:49:42",2005-06-26,"19:37:42"
2719,1200,336,2,2005-06-19,"14:50:19",2005-06-20,"14:33:19"
2720,3597,504,1,2005-06-19,"14:51:55",2005-06-27,"13:06:55"
2721,3786,358,2,2005-06-19,"14:53:24",2005-06-21,"18:22:24"
2722,952,45,2,2005-06-19,"14:55:17",2005-06-25,"13:11:17"
2723,4317,277,1,2005-06-19,"14:55:23",2005-06-20,"14:28:23"
2724,3879,103,2,2005-06-19,"14:57:54",2005-06-22,"16:31:54"
2725,63,246,1,2005-06-19,"15:01:23",2005-06-22,"09:08:23"
2726,2970,420,1,2005-06-19,"15:02:20",2005-06-21,"15:38:20"
2727,3261,129,1,2005-06-19,"15:02:39",2005-06-28,"17:49:39"
2728,775,408,2,2005-06-19,"15:04:04",2005-06-22,"12:22:04"
2729,4449,510,2,2005-06-19,"15:06:15",2005-06-27,"17:58:15"
2730,1264,30,1,2005-06-19,"15:10:09",2005-06-28,"13:05:09"
2731,4218,138,2,2005-06-19,"15:14:55",2005-06-27,"14:30:55"
2732,610,386,2,2005-06-19,"15:19:39",2005-06-25,"19:39:39"
2733,1535,188,2,2005-06-19,"15:21:53",2005-06-23,"11:58:53"
2734,794,204,2,2005-06-19,"15:36:27",2005-06-20,"13:44:27"
2735,4550,29,1,2005-06-19,"15:42:07",2005-06-22,"17:28:07"
2736,4510,359,1,2005-06-19,"15:43:20",2005-06-21,"13:03:20"
2737,3131,513,2,2005-06-19,"15:48:33",2005-06-26,"18:44:33"
2738,350,75,2,2005-06-19,"15:56:30",2005-06-20,"16:14:30"
2739,213,212,2,2005-06-19,"15:58:38",2005-06-27,"15:01:38"
2740,1534,92,2,2005-06-19,"15:59:04",2005-06-28,"12:18:04"
2741,1662,36,1,2005-06-19,"16:05:41",2005-06-20,"20:48:41"
2742,4154,187,1,2005-06-19,"16:05:47",2005-06-26,"21:34:47"
2743,2611,35,1,2005-06-19,"16:15:56",2005-06-23,"12:30:56"
2744,4511,368,2,2005-06-19,"16:20:40",2005-06-22,"11:44:40"
2745,1253,26,2,2005-06-19,"16:21:19",2005-06-21,"22:07:19"
2746,933,562,2,2005-06-19,"16:21:40",2005-06-28,"11:56:40"
2747,1374,422,1,2005-06-19,"16:22:07",2005-06-24,"19:28:07"
2748,511,473,1,2005-06-19,"16:22:26",2005-06-21,"21:55:26"
2749,1540,358,2,2005-06-19,"16:27:35",2005-06-25,"21:06:35"
2750,3775,197,2,2005-06-19,"16:37:24",2005-06-20,"13:55:24"
2751,1291,148,1,2005-06-19,"16:39:23",2005-06-25,"13:57:23"
2752,386,149,2,2005-06-19,"16:44:18",2005-06-22,"12:40:18"
2753,2408,23,1,2005-06-19,"16:44:35",2005-06-24,"13:45:35"
2754,1761,267,1,2005-06-19,"16:55:59",2005-06-26,"18:11:59"
2755,946,506,2,2005-06-19,"16:56:31",2005-06-27,"12:02:31"
2756,3264,144,2,2005-06-19,"16:57:42",2005-06-26,"15:30:42"
2757,3814,243,1,2005-06-19,"17:01:14",2005-06-28,"11:38:14"
2758,3558,423,2,2005-06-19,"17:04:35",2005-06-26,"14:45:35"
2759,687,351,2,2005-06-19,"17:10:24",2005-06-24,"21:56:24"
2760,2602,192,1,2005-06-19,"17:16:33",2005-06-26,"14:58:33"
2761,2134,431,2,2005-06-19,"17:22:17",2005-06-20,"20:20:17"
2762,3431,457,2,2005-06-19,"17:22:31",2005-06-25,"22:43:31"
2763,3096,276,2,2005-06-19,"17:23:34",2005-06-21,"21:37:34"
2764,1718,479,2,2005-06-19,"17:27:25",2005-06-28,"17:18:25"
2765,1017,478,1,2005-06-19,"17:34:39",2005-06-27,"23:26:39"
2766,3421,345,2,2005-06-19,"17:45:15",2005-06-23,"20:11:15"
2767,4052,596,1,2005-06-19,"17:46:35",2005-06-24,"22:42:35"
2768,3018,129,1,2005-06-19,"17:46:52",2005-06-25,"21:49:52"
2769,1222,354,2,2005-06-19,"17:52:14",2005-06-26,"20:30:14"
2770,3042,533,2,2005-06-19,"17:54:22",2005-06-26,"23:09:22"
2771,40,262,1,2005-06-19,"17:54:48",2005-06-27,"17:14:48"
2772,1221,520,1,2005-06-19,"17:59:27",2005-06-23,"17:52:27"
2773,4155,505,1,2005-06-19,"18:04:18",2005-06-28,"23:52:18"
2774,2809,299,2,2005-06-19,"18:05:11",2005-06-21,"16:21:11"
2775,672,590,1,2005-06-19,"18:14:20",2005-06-26,"19:52:20"
2776,1726,551,2,2005-06-19,"18:16:24",2005-06-26,"14:43:24"
2777,4092,230,2,2005-06-19,"18:16:26",2005-06-20,"13:43:26"
2778,3357,422,1,2005-06-19,"18:18:12",2005-06-28,"21:43:12"
2779,1020,376,2,2005-06-19,"18:19:07",2005-06-23,"18:25:07"
2780,1513,360,1,2005-06-19,"18:19:33",2005-06-28,"22:29:33"
2781,1230,197,2,2005-06-19,"18:24:42",2005-06-27,"17:02:42"
2782,3644,156,1,2005-06-19,"18:25:07",2005-06-22,"14:10:07"
2783,2778,113,1,2005-06-19,"18:29:10",2005-06-21,"22:09:10"
2784,2305,289,1,2005-06-19,"18:40:29",2005-06-28,"15:27:29"
2785,826,137,2,2005-06-19,"18:43:57",2005-06-24,"15:36:57"
2786,2255,594,1,2005-06-19,"18:46:43",2005-06-22,"16:52:43"
2787,3371,307,2,2005-06-19,"18:47:00",2005-06-22,"20:22:00"
2788,1457,171,1,2005-06-19,"18:48:11",2005-06-21,"13:32:11"
2789,2398,514,1,2005-06-19,"18:48:21",2005-06-21,"21:50:21"
2790,202,97,1,2005-06-19,"18:49:45",2005-06-21,"00:13:45"
2791,2174,299,2,2005-06-19,"18:51:27",2005-06-22,"19:35:27"
2792,3057,437,1,2005-06-19,"18:52:25",2005-06-23,"17:39:25"
2793,732,419,2,2005-06-19,"18:52:37",2005-06-25,"19:45:37"
2794,1957,85,1,2005-06-19,"18:53:05",2005-06-22,"13:15:05"
2795,3694,129,1,2005-06-19,"18:58:53",2005-06-28,"18:56:53"
2796,2337,209,2,2005-06-19,"19:00:37",2005-06-25,"17:18:37"
2797,3222,486,1,2005-06-19,"19:04:32",2005-06-20,"22:43:32"
2798,1343,180,2,2005-06-19,"19:07:48",2005-06-23,"00:09:48"
2799,4579,576,1,2005-06-19,"19:15:21",2005-06-21,"21:35:21"
2800,183,146,1,2005-06-19,"19:15:56",2005-06-23,"00:15:56"
2801,4572,29,2,2005-06-19,"19:18:09",2005-06-20,"20:11:09"
2802,4067,489,2,2005-06-19,"19:18:17",2005-06-21,"17:58:17"
2803,103,120,1,2005-06-19,"19:18:27",2005-06-27,"21:48:27"
2804,88,426,2,2005-06-19,"19:24:54",2005-06-25,"01:19:54"
2805,2153,80,2,2005-06-19,"19:29:17",2005-06-27,"23:14:17"
2806,2114,510,2,2005-06-19,"19:30:48",2005-06-20,"19:42:48"
2807,2825,194,2,2005-06-19,"19:32:53",2005-06-25,"00:30:53"
2808,65,325,1,2005-06-19,"19:34:45",2005-06-27,"14:49:45"
2809,1786,44,2,2005-06-19,"19:40:27",2005-06-27,"15:28:27"
2810,2558,67,2,2005-06-19,"19:44:12",2005-06-20,"19:41:12"
2811,3890,457,2,2005-06-19,"19:53:30",2005-06-22,"23:21:30"
2812,3016,211,1,2005-06-19,"19:58:16",2005-06-26,"15:26:16"
2813,3420,284,1,2005-06-19,"20:01:47",2005-06-27,"01:51:47"
2814,1783,10,2,2005-06-19,"20:01:59",2005-06-26,"01:28:59"
2815,3046,27,2,2005-06-19,"20:03:29",2005-06-25,"22:50:29"
2816,2180,94,2,2005-06-19,"20:04:23",2005-06-20,"21:09:23"
2817,3476,510,1,2005-06-19,"20:05:22",2005-06-24,"23:29:22"
2818,2376,497,2,2005-06-19,"20:05:52",2005-06-22,"01:01:52"
2819,4100,82,1,2005-06-19,"20:13:33",2005-06-26,"16:44:33"
2820,851,316,1,2005-06-19,"20:20:33",2005-06-26,"20:32:33"
2821,2551,532,1,2005-06-19,"20:26:52",2005-06-27,"23:48:52"
2822,3599,48,1,2005-06-19,"20:29:24",2005-06-23,"02:21:24"
2823,3566,260,1,2005-06-19,"20:30:21",2005-06-26,"17:58:21"
2824,2878,506,2,2005-06-19,"20:31:45",2005-06-29,"00:40:45"
2825,2601,418,1,2005-06-19,"20:32:19",2005-06-22,"22:32:19"
2826,2980,125,1,2005-06-19,"20:41:35",2005-06-25,"17:23:35"
2827,2745,23,2,2005-06-19,"20:50:01",2005-06-20,"18:54:01"
2828,3230,526,1,2005-06-19,"20:51:33",2005-06-25,"17:38:33"
2829,2047,341,1,2005-06-19,"21:11:30",2005-06-24,"18:10:30"
2830,2080,21,1,2005-06-19,"21:14:33",2005-06-21,"17:46:33"
2831,4089,468,2,2005-06-19,"21:17:06",2005-06-22,"16:56:06"
2832,828,593,1,2005-06-19,"21:21:53",2005-06-28,"23:00:53"
2833,1976,232,1,2005-06-19,"21:34:54",2005-06-28,"16:21:54"
2834,2876,122,1,2005-06-19,"21:41:46",2005-06-24,"20:47:46"
2835,4411,89,2,2005-06-19,"21:44:11",2005-06-26,"16:46:11"
2836,1453,306,2,2005-06-19,"21:58:21",2005-06-27,"00:41:21"
2837,417,371,1,2005-06-19,"22:03:50",2005-06-20,"21:24:50"
2838,143,292,1,2005-06-19,"22:06:06",2005-06-25,"22:30:06"
2839,3856,256,2,2005-06-19,"22:07:24",2005-06-23,"16:37:24"
2840,1102,236,2,2005-06-19,"22:17:44",2005-06-26,"00:36:44"
2841,614,193,1,2005-06-19,"22:21:06",2005-06-28,"00:56:06"
2842,4183,217,2,2005-06-19,"22:34:20",2005-06-22,"03:46:20"
2843,1520,148,2,2005-06-19,"22:36:39",2005-06-26,"22:33:39"
2844,4452,178,2,2005-06-19,"22:40:12",2005-06-24,"03:58:12"
2845,3948,583,1,2005-06-19,"22:46:37",2005-06-23,"03:31:37"
2846,651,193,1,2005-06-19,"22:52:14",2005-06-22,"17:12:14"
2847,1247,148,2,2005-06-19,"22:54:01",2005-06-27,"23:05:01"
2848,3449,19,1,2005-06-19,"22:55:37",2005-06-25,"23:10:37"
2849,3628,283,1,2005-06-19,"23:06:00",2005-06-25,"18:36:00"
2850,206,262,2,2005-06-19,"23:06:28",2005-06-28,"03:30:28"
2851,2168,361,1,2005-06-19,"23:07:03",2005-06-22,"17:26:03"
2852,2695,453,1,2005-06-19,"23:08:50",2005-06-26,"04:00:50"
2853,2578,453,2,2005-06-19,"23:09:41",2005-06-28,"00:51:41"
2854,4453,81,2,2005-06-19,"23:11:48",2005-06-23,"19:37:48"
2855,3495,483,1,2005-06-19,"23:11:49",2005-06-26,"21:52:49"
2856,1859,210,1,2005-06-19,"23:13:04",2005-06-23,"22:47:04"
2857,2886,364,2,2005-06-19,"23:15:15",2005-06-25,"04:24:15"
2858,2628,268,1,2005-06-19,"23:17:11",2005-06-21,"19:07:11"
2859,126,147,1,2005-06-19,"23:18:42",2005-06-20,"22:38:42"
2860,3045,107,1,2005-06-19,"23:20:40",2005-06-21,"04:59:40"
2861,1489,116,1,2005-06-19,"23:21:34",2005-06-26,"17:32:34"
2862,4260,52,2,2005-06-19,"23:47:24",2005-06-23,"03:39:24"
2863,2410,228,2,2005-06-19,"23:58:38",2005-06-23,"23:27:38"
2864,1056,493,2,2005-06-20,"00:00:52",2005-06-26,"04:21:52"
2865,1569,10,1,2005-06-20,"00:00:55",2005-06-21,"02:20:55"
2866,2718,44,1,2005-06-20,"00:01:36",2005-06-20,"21:39:36"
2867,95,483,1,2005-06-20,"00:08:38",2005-06-23,"19:35:38"
2868,1213,214,2,2005-06-20,"00:08:58",2005-06-25,"21:23:58"
2869,1331,155,2,2005-06-20,"00:09:25",2005-06-24,"04:40:25"
2870,214,467,1,2005-06-20,"00:17:46",2005-06-28,"20:21:46"
2871,1731,443,1,2005-06-20,"00:27:49",2005-06-29,"01:36:49"
2872,3779,240,1,2005-06-20,"00:38:21",2005-06-26,"19:56:21"
2873,3321,160,1,2005-06-20,"00:41:25",2005-06-25,"02:06:25"
2874,331,166,2,2005-06-20,"00:42:26",2005-06-28,"01:37:26"
2875,3012,186,2,2005-06-20,"00:47:18",2005-06-25,"18:54:18"
2876,3117,39,1,2005-06-20,"01:06:34",2005-06-23,"04:55:34"
2877,485,267,1,2005-06-20,"01:07:16",2005-06-24,"01:05:16"
2878,4120,88,2,2005-06-20,"01:09:14",2005-06-21,"21:40:14"
2879,1920,583,2,2005-06-20,"01:24:10",2005-06-28,"20:12:10"
2880,1700,193,2,2005-06-20,"01:24:54",2005-06-23,"02:42:54"
2881,1391,307,1,2005-06-20,"01:26:18",2005-06-26,"23:42:18"
2882,205,152,1,2005-06-20,"01:26:26",2005-06-21,"19:33:26"
2883,585,320,1,2005-06-20,"01:29:10",2005-06-28,"06:12:10"
2884,3384,319,2,2005-06-20,"01:31:16",2005-06-21,"04:03:16"
2885,2701,330,1,2005-06-20,"01:33:42",2005-06-22,"22:23:42"
2886,1755,154,2,2005-06-20,"01:38:39",2005-06-23,"04:28:39"
2887,1073,453,2,2005-06-20,"01:39:43",2005-06-25,"05:22:43"
2888,468,7,2,2005-06-20,"01:50:56",2005-06-22,"05:05:56"
2889,151,213,1,2005-06-20,"01:54:08",2005-06-23,"06:33:08"
2890,3437,392,1,2005-06-20,"02:00:45",2005-06-27,"21:12:45"
2891,343,32,1,2005-06-20,"02:02:05",2005-06-25,"02:45:05"
2892,2993,430,2,2005-06-20,"02:06:39",2005-06-21,"02:50:39"
2893,397,153,2,2005-06-20,"02:22:08",2005-06-26,"21:01:08"
2894,4316,76,1,2005-06-20,"02:22:42",2005-06-22,"00:38:42"
2895,4445,141,2,2005-06-20,"02:26:31",2005-06-27,"23:42:31"
2896,1086,40,2,2005-06-20,"02:33:42",2005-06-26,"05:29:42"
2897,3464,107,1,2005-06-20,"02:34:23",2005-06-25,"05:29:23"
2898,3106,178,2,2005-06-20,"02:38:06",2005-06-29,"08:18:06"
2899,1919,459,1,2005-06-20,"02:39:21",2005-06-23,"06:47:21"
2900,3407,294,2,2005-06-20,"02:40:04",2005-06-27,"20:47:04"
2901,667,25,2,2005-06-20,"02:41:28",2005-06-23,"04:43:28"
2902,2787,304,1,2005-06-20,"02:45:35",2005-06-26,"07:51:35"
2903,3580,53,2,2005-06-20,"02:49:01",2005-06-25,"05:03:01"
2904,2195,55,2,2005-06-20,"02:54:06",2005-06-21,"06:57:06"
2905,3898,189,2,2005-06-20,"02:56:16",2005-06-24,"23:51:16"
2906,1087,58,2,2005-06-20,"03:04:56",2005-06-23,"05:57:56"
2907,2516,208,2,2005-06-20,"03:15:09",2005-06-20,"21:56:09"
2908,517,91,1,2005-06-20,"03:16:52",2005-06-22,"08:46:52"
2909,1701,451,2,2005-06-20,"03:19:10",2005-06-25,"06:06:10"
2910,630,57,1,2005-06-20,"03:31:18",2005-06-28,"00:35:18"
2911,3645,502,1,2005-06-20,"03:32:37",2005-06-22,"22:06:37"
2912,1076,196,1,2005-06-20,"03:32:45",2005-06-21,"23:32:45"
2913,3456,402,1,2005-06-20,"03:42:27",2005-06-23,"04:47:27"
2914,2419,342,2,2005-06-20,"03:43:18",2005-06-25,"03:44:18"
2915,1293,262,2,2005-06-20,"03:57:17",2005-06-24,"05:59:17"
2916,3086,590,2,2005-06-20,"04:01:04",2005-06-27,"22:40:04"
2917,647,451,1,2005-06-20,"04:08:35",2005-06-24,"01:17:35"
2918,1985,215,1,2005-06-20,"04:09:04",2005-06-21,"10:07:04"
2919,2835,509,1,2005-06-20,"04:10:16",2005-06-27,"06:34:16"
2920,487,588,2,2005-06-20,"04:12:46",2005-06-26,"23:34:46"
2921,1785,59,1,2005-06-20,"04:13:04",2005-06-28,"01:28:04"
2922,1671,176,2,2005-06-20,"04:13:47",2005-06-22,"04:38:47"
2923,109,29,1,2005-06-20,"04:16:07",2005-06-21,"05:04:07"
2924,580,132,1,2005-06-20,"04:20:14",2005-06-21,"01:13:14"
2925,804,301,2,2005-06-20,"04:23:49",2005-06-22,"04:37:49"
2926,1055,379,1,2005-06-20,"04:37:45",2005-06-26,"02:17:45"
2927,393,403,1,2005-06-20,"04:41:41",2005-06-23,"01:59:41"
2928,1265,104,2,2005-06-20,"04:43:45",2005-06-21,"06:58:45"
2929,3389,333,2,2005-06-20,"04:47:39",2005-06-25,"23:16:39"
2930,3615,585,2,2005-06-20,"04:50:29",2005-06-28,"06:00:29"
2931,3122,258,1,2005-06-20,"04:50:45",2005-06-29,"09:18:45"
2932,4418,526,1,2005-06-20,"04:51:19",2005-06-29,"08:31:19"
2933,4483,323,2,2005-06-20,"04:52:23",2005-06-26,"07:12:23"
2934,697,228,1,2005-06-20,"05:05:53",2005-06-22,"02:44:53"
2935,2735,384,2,2005-06-20,"05:07:24",2005-06-28,"09:17:24"
2936,2675,330,2,2005-06-20,"05:09:27",2005-06-26,"10:16:27"
2937,1998,15,1,2005-06-20,"05:15:37",2005-06-27,"02:45:37"
2938,1795,504,1,2005-06-20,"05:17:22",2005-06-26,"09:38:22"
2939,2638,203,1,2005-06-20,"05:18:16",2005-06-26,"06:56:16"
2940,2504,73,2,2005-06-20,"05:20:01",2005-06-28,"06:11:01"
2941,3632,135,2,2005-06-20,"05:22:18",2005-06-26,"07:40:18"
2942,999,242,1,2005-06-20,"05:27:31",2005-06-29,"00:35:31"
2943,2591,418,1,2005-06-20,"05:43:05",2005-06-25,"04:31:05"
2944,1550,474,2,2005-06-20,"05:43:42",2005-06-29,"09:40:42"
2945,4193,153,1,2005-06-20,"05:49:27",2005-06-26,"09:48:27"
2946,3737,213,2,2005-06-20,"05:50:40",2005-06-21,"00:42:40"
2947,4302,151,2,2005-06-20,"06:00:21",2005-06-23,"10:04:21"
2948,4254,289,2,2005-06-20,"06:02:35",2005-06-29,"09:12:35"
2949,375,78,2,2005-06-20,"06:05:53",2005-06-29,"03:19:53"
2950,1438,561,2,2005-06-20,"06:08:36",2005-06-27,"07:45:36"
2951,2903,404,2,2005-06-20,"06:23:01",2005-06-24,"00:26:01"
2952,3759,13,1,2005-06-20,"06:26:57",2005-06-22,"11:51:57"
2953,1829,540,1,2005-06-20,"06:39:11",2005-06-26,"06:19:11"
2954,377,336,1,2005-06-20,"06:45:00",2005-06-23,"11:43:00"
2955,2312,244,2,2005-06-20,"06:46:35",2005-06-25,"05:34:35"
2956,2684,533,2,2005-06-20,"06:47:23",2005-06-22,"07:24:23"
2957,4034,542,2,2005-06-20,"06:53:47",2005-06-29,"09:21:47"
2958,1380,260,2,2005-06-20,"06:56:20",2005-06-29,"02:33:20"
2959,4185,372,1,2005-06-20,"07:07:54",2005-06-27,"03:31:54"
2960,3970,16,2,2005-06-20,"07:10:09",2005-06-26,"08:14:09"
2961,4539,399,1,2005-06-20,"07:29:15",2005-06-24,"08:05:15"
2962,2978,364,1,2005-06-20,"07:31:55",2005-06-26,"04:43:55"
2963,1444,24,1,2005-06-20,"07:33:09",2005-06-28,"09:23:09"
2964,1201,590,1,2005-06-20,"07:33:29",2005-06-29,"12:48:29"
2965,27,46,1,2005-06-20,"07:33:38",2005-06-29,"11:45:38"
2966,3483,511,1,2005-06-20,"07:39:33",2005-06-29,"07:48:33"
2967,4243,311,2,2005-06-20,"07:40:35",2005-06-29,"05:50:35"
2968,4415,252,1,2005-06-20,"07:41:47",2005-06-23,"04:27:47"
2969,1748,418,2,2005-06-20,"07:44:27",2005-06-22,"06:12:27"
2970,1167,449,2,2005-06-20,"07:51:51",2005-06-28,"10:14:51"
2971,1585,410,2,2005-06-20,"07:56:00",2005-06-27,"11:38:00"
2972,2232,531,1,2005-06-20,"07:57:54",2005-06-21,"12:48:54"
2973,2626,96,1,2005-06-20,"07:59:27",2005-06-24,"12:31:27"
2974,2322,472,2,2005-06-20,"08:00:24",2005-06-25,"05:10:24"
2975,4534,46,1,2005-06-20,"08:06:18",2005-06-21,"08:01:18"
2976,4210,55,1,2005-06-20,"08:09:11",2005-06-21,"10:45:11"
2977,2645,571,2,2005-06-20,"08:15:27",2005-06-29,"04:30:27"
2978,4364,548,1,2005-06-20,"08:25:16",2005-06-23,"05:42:16"
2979,3961,589,1,2005-06-20,"08:31:05",2005-06-27,"12:25:05"
2980,310,343,2,2005-06-20,"08:35:03",2005-06-29,"07:57:03"
2981,522,387,1,2005-06-20,"08:35:17",2005-06-28,"09:14:17"
2982,2574,130,1,2005-06-20,"08:38:29",2005-06-28,"13:21:29"
2983,1349,322,2,2005-06-20,"08:41:42",2005-06-29,"04:02:42"
2984,1819,435,2,2005-06-20,"08:43:44",2005-06-22,"03:08:44"
2985,122,154,2,2005-06-20,"08:45:08",2005-06-22,"04:26:08"
2986,478,556,2,2005-06-20,"08:50:28",2005-06-26,"05:24:28"
2987,1531,349,2,2005-06-20,"08:55:50",2005-06-28,"13:02:50"
2988,3160,557,2,2005-06-20,"08:59:08",2005-06-28,"04:31:08"
2989,1586,56,2,2005-06-20,"08:59:37",2005-06-22,"03:27:37"
2990,4559,18,2,2005-06-20,"09:02:51",2005-06-29,"13:19:51"
2991,4308,472,1,2005-06-20,"09:10:43",2005-06-23,"13:04:43"
2992,3347,439,1,2005-06-20,"09:11:51",2005-06-24,"05:59:51"
2993,1527,40,2,2005-06-20,"09:12:12",2005-06-22,"13:36:12"
2994,1290,163,1,2005-06-20,"09:17:05",2005-06-29,"04:41:05"
2995,4544,573,1,2005-06-20,"09:18:22",2005-06-26,"14:31:22"
2996,4064,500,1,2005-06-20,"09:20:29",2005-06-27,"09:18:29"
2997,1449,519,1,2005-06-20,"09:23:45",2005-06-29,"08:15:45"
2998,1288,380,2,2005-06-20,"09:30:22",2005-06-24,"06:31:22"
2999,735,295,2,2005-06-20,"09:30:34",2005-06-26,"05:51:34"
3000,549,50,1,2005-06-20,"09:32:33",2005-06-22,"07:45:33"
3001,2941,393,2,2005-06-20,"09:50:16",2005-06-28,"05:13:16"
3002,2749,266,2,2005-06-20,"09:56:12",2005-06-24,"12:15:12"
3003,616,38,2,2005-06-20,"10:00:51",2005-06-22,"06:28:51"
3004,2836,113,2,2005-06-20,"10:04:36",2005-06-23,"07:38:36"
3005,286,598,2,2005-06-20,"10:10:29",2005-06-28,"15:48:29"
3006,1677,133,2,2005-06-20,"10:10:29",2005-06-22,"07:26:29"
3007,1950,7,2,2005-06-20,"10:11:53",2005-06-25,"04:51:53"
3008,3383,202,2,2005-06-20,"10:23:25",2005-06-26,"11:00:25"
3009,2721,280,1,2005-06-20,"10:24:44",2005-06-23,"13:39:44"
3010,1298,567,1,2005-06-20,"10:29:59",2005-06-27,"06:52:59"
3011,4376,147,2,2005-06-20,"10:39:10",2005-06-28,"07:02:10"
3012,1392,206,2,2005-06-20,"10:43:13",2005-06-28,"10:07:13"
3013,4146,290,1,2005-06-20,"10:45:09",2005-06-26,"04:55:09"
3014,2179,434,1,2005-06-20,"10:45:20",2005-06-23,"06:29:20"
3015,1311,23,2,2005-06-20,"10:48:56",2005-06-26,"11:30:56"
3016,3514,558,1,2005-06-20,"10:55:08",2005-06-24,"14:05:08"
3017,2513,151,1,2005-06-20,"11:08:56",2005-06-28,"16:26:56"
3018,4150,112,2,2005-06-20,"11:10:35",2005-06-25,"07:17:35"
3019,491,144,2,2005-06-20,"11:11:52",2005-06-27,"08:30:52"
3020,4363,74,2,2005-06-20,"11:12:04",2005-06-27,"07:31:04"
3021,120,62,2,2005-06-20,"11:13:01",2005-06-28,"16:15:01"
3022,3745,466,2,2005-06-20,"11:17:20",2005-06-26,"13:15:20"
3023,4304,106,1,2005-06-20,"11:18:11",2005-06-21,"12:43:11"
3024,1966,328,2,2005-06-20,"11:29:17",2005-06-27,"12:51:17"
3025,1309,293,1,2005-06-20,"11:46:48",2005-06-22,"08:43:48"
3026,4032,347,2,2005-06-20,"11:48:00",2005-06-21,"12:51:00"
3027,4028,397,2,2005-06-20,"11:50:30",2005-06-25,"15:58:30"
3028,886,264,2,2005-06-20,"11:50:52",2005-06-21,"11:05:52"
3029,327,317,1,2005-06-20,"11:51:30",2005-06-25,"16:42:30"
3030,1543,395,1,2005-06-20,"11:51:59",2005-06-24,"10:51:59"
3031,1184,491,1,2005-06-20,"11:52:49",2005-06-22,"07:00:49"
3032,3734,172,1,2005-06-20,"11:58:30",2005-06-24,"09:49:30"
3033,4422,107,1,2005-06-20,"12:02:05",2005-06-26,"15:58:05"
3034,2755,296,2,2005-06-20,"12:15:50",2005-06-24,"06:21:50"
3035,1223,62,2,2005-06-20,"12:17:03",2005-06-26,"17:42:03"
3036,4463,399,1,2005-06-20,"12:18:31",2005-06-29,"09:52:31"
3037,2033,434,1,2005-06-20,"12:28:03",2005-06-21,"08:21:03"
3038,2919,27,1,2005-06-20,"12:28:59",2005-06-25,"07:48:59"
3039,4098,186,1,2005-06-20,"12:32:30",2005-06-21,"07:38:30"
3040,2568,162,1,2005-06-20,"12:34:13",2005-06-21,"12:33:13"
3041,2676,459,2,2005-06-20,"12:35:44",2005-06-23,"18:28:44"
3042,3103,291,1,2005-06-20,"12:38:27",2005-06-26,"11:18:27"
3043,633,599,2,2005-06-20,"12:38:35",2005-06-29,"14:16:35"
3044,3216,424,1,2005-06-20,"12:38:49",2005-06-25,"07:49:49"
3045,3065,459,2,2005-06-20,"12:42:00",2005-06-23,"10:49:00"
3046,471,559,2,2005-06-20,"12:42:59",2005-06-26,"17:40:59"
3047,624,13,2,2005-06-20,"12:45:33",2005-06-29,"13:09:33"
3048,4389,482,1,2005-06-20,"12:49:55",2005-06-26,"11:06:55"
3049,518,403,1,2005-06-20,"12:51:01",2005-06-29,"10:53:01"
3050,2397,557,1,2005-06-20,"13:03:03",2005-06-29,"07:22:03"
3051,1408,65,2,2005-06-20,"13:06:52",2005-06-25,"13:03:52"
3052,2359,329,2,2005-06-20,"13:09:19",2005-06-29,"11:55:19"
3053,818,329,2,2005-06-20,"13:10:30",2005-06-25,"17:22:30"
3054,2817,322,2,2005-06-20,"13:16:41",2005-06-28,"13:45:41"
3055,1510,23,1,2005-06-20,"13:19:58",2005-06-27,"14:54:58"
3056,2010,95,2,2005-06-20,"13:20:58",2005-06-26,"08:35:58"
3057,1101,307,2,2005-06-20,"13:22:48",2005-06-26,"17:22:48"
3058,938,137,2,2005-06-20,"13:28:35",2005-06-28,"13:57:35"
3059,2911,266,2,2005-06-20,"13:38:41",2005-06-21,"10:13:41"
3060,2075,446,2,2005-06-20,"13:47:20",2005-06-25,"16:00:20"
3061,4202,330,2,2005-06-20,"13:48:21",2005-06-22,"17:36:21"
3062,591,75,1,2005-06-20,"13:50:00",2005-06-27,"08:18:00"
3063,3954,515,2,2005-06-20,"13:52:03",2005-06-28,"13:36:03"
3064,2624,276,2,2005-06-20,"13:53:13",2005-06-25,"16:33:13"
3065,1687,227,1,2005-06-20,"13:53:53",2005-06-24,"11:31:53"
3066,1116,268,2,2005-06-20,"13:55:41",2005-06-26,"09:38:41"
3067,3094,349,2,2005-06-20,"13:59:21",2005-06-28,"19:09:21"
3068,1958,516,2,2005-06-20,"14:02:22",2005-06-22,"12:52:22"
3069,1952,237,1,2005-06-20,"14:13:00",2005-06-28,"10:57:00"
3070,3860,543,2,2005-06-20,"14:15:39",2005-06-25,"12:52:39"
3071,1198,582,1,2005-06-20,"14:20:42",2005-06-24,"19:01:42"
3072,4131,423,2,2005-06-20,"14:21:31",2005-06-27,"18:46:31"
3073,3164,471,2,2005-06-20,"14:33:26",2005-06-26,"08:42:26"
3074,1441,299,1,2005-06-20,"14:41:41",2005-06-21,"15:56:41"
3075,4346,161,2,2005-06-20,"14:52:19",2005-06-28,"18:48:19"
3076,1344,109,2,2005-06-20,"15:01:19",2005-06-28,"16:53:19"
3077,1675,303,2,2005-06-20,"15:05:18",2005-06-26,"20:52:18"
3078,3642,367,1,2005-06-20,"15:09:48",2005-06-24,"16:54:48"
3079,2135,350,1,2005-06-20,"15:13:40",2005-06-21,"12:03:40"
3080,118,377,1,2005-06-20,"15:22:32",2005-06-24,"11:08:32"
3081,2071,342,2,2005-06-20,"15:29:13",2005-06-24,"21:00:13"
3082,4431,164,1,2005-06-20,"15:32:11",2005-06-28,"13:08:11"
3083,2896,257,2,2005-06-20,"15:33:47",2005-06-26,"16:14:47"
3084,3578,514,1,2005-06-20,"15:35:24",2005-06-23,"19:11:24"
3085,4282,166,2,2005-06-20,"15:42:33",2005-06-21,"16:51:33"
3086,4437,377,1,2005-06-20,"15:42:40",2005-06-25,"19:21:40"
3087,1305,111,2,2005-06-20,"15:53:59",2005-06-27,"10:54:59"
3088,3049,384,1,2005-06-20,"15:56:05",2005-06-29,"13:02:05"
3089,539,151,2,2005-06-20,"15:57:01",2005-06-25,"13:15:01"
3090,3301,267,1,2005-06-20,"16:00:19",2005-06-23,"14:55:19"
3091,854,383,2,2005-06-20,"16:02:59",2005-06-22,"21:30:59"
3092,4344,347,1,2005-06-20,"16:04:42",2005-06-27,"19:54:42"
3093,2534,556,2,2005-06-20,"16:06:14",2005-06-22,"13:22:14"
3094,2048,114,1,2005-06-20,"16:06:51",2005-06-24,"13:23:51"
3095,3937,298,2,2005-06-20,"16:16:53",2005-06-22,"10:35:53"
3096,3851,79,2,2005-06-20,"16:17:56",2005-06-24,"10:17:56"
3097,4337,280,1,2005-06-20,"16:26:14",2005-06-23,"14:46:14"
3098,3409,498,1,2005-06-20,"16:37:01",2005-06-22,"22:24:01"
3099,3756,380,2,2005-06-20,"16:44:33",2005-06-27,"12:17:33"
3100,2428,487,1,2005-06-20,"16:47:57",2005-06-26,"16:59:57"
3101,1738,384,2,2005-06-20,"16:48:58",2005-06-27,"18:13:58"
3102,1144,522,1,2005-06-20,"16:55:55",2005-06-29,"13:49:55"
3103,1877,553,1,2005-06-20,"16:58:19",2005-06-25,"21:18:19"
3104,1490,196,2,2005-06-20,"17:06:46",2005-06-28,"13:18:46"
3105,130,385,2,2005-06-20,"17:11:46",2005-06-21,"11:48:46"
3106,2637,201,2,2005-06-20,"17:18:06",2005-06-24,"14:50:06"
3107,4527,303,1,2005-06-20,"17:26:05",2005-06-25,"12:36:05"
3108,2218,189,1,2005-06-20,"17:28:43",2005-06-27,"21:23:43"
3109,977,93,1,2005-06-20,"17:33:55",2005-06-22,"23:09:55"
3110,2008,333,1,2005-06-20,"17:40:12",2005-06-24,"17:09:12"
3111,4494,579,1,2005-06-20,"17:46:47",2005-06-29,"19:45:47"
3112,3725,35,1,2005-06-20,"17:53:30",2005-06-26,"16:03:30"
3113,3620,517,1,2005-06-20,"17:56:40",2005-06-23,"14:45:40"
3114,2388,8,2,2005-06-20,"17:57:47",2005-06-21,"19:18:47"
3115,2193,457,1,2005-06-20,"17:59:05",2005-06-26,"13:28:05"
3116,276,108,2,2005-06-20,"18:04:55",2005-06-21,"12:12:55"
3117,2184,31,1,2005-06-20,"18:05:15",2005-06-26,"17:28:15"
3118,1258,125,1,2005-06-20,"18:05:57",2005-06-23,"23:01:57"
3119,683,296,2,2005-06-20,"18:11:44",2005-06-27,"16:14:44"
3120,2530,107,1,2005-06-20,"18:19:29",2005-06-23,"23:40:29"
3121,797,132,1,2005-06-20,"18:23:30",2005-06-21,"20:36:30"
3122,2720,87,1,2005-06-20,"18:25:57",2005-06-29,"16:08:57"
3123,1656,289,1,2005-06-20,"18:26:14",2005-06-29,"17:17:14"
3124,3342,113,1,2005-06-20,"18:28:19",2005-06-28,"21:08:19"
3125,3293,382,1,2005-06-20,"18:31:58",2005-06-21,"15:03:58"
3126,1183,5,1,2005-06-20,"18:38:22",2005-06-26,"00:00:22"
3127,1292,461,1,2005-06-20,"18:39:43",2005-06-28,"17:55:43"
3128,189,543,2,2005-06-20,"18:41:47",2005-06-24,"20:54:47"
3129,1789,495,1,2005-06-20,"18:57:48",2005-06-28,"13:45:48"
3130,2569,341,2,2005-06-20,"19:03:22",2005-06-29,"18:05:22"
3131,3678,146,2,2005-06-20,"19:08:00",2005-06-24,"20:59:00"
3132,711,90,1,2005-06-20,"19:09:46",2005-06-24,"19:42:46"
3133,4529,120,2,2005-06-20,"19:18:32",2005-06-26,"17:54:32"
3134,1389,537,2,2005-06-20,"19:29:09",2005-06-29,"19:31:09"
3135,1122,12,1,2005-06-20,"19:33:52",2005-06-29,"18:20:52"
3136,3349,377,2,2005-06-20,"19:39:08",2005-06-22,"23:35:08"
3137,786,505,1,2005-06-20,"19:41:28",2005-06-28,"00:32:28"
3138,2265,570,1,2005-06-20,"19:43:45",2005-06-26,"20:41:45"
3139,3474,354,1,2005-06-20,"19:44:45",2005-06-23,"16:24:45"
3140,2936,53,1,2005-06-20,"19:47:12",2005-06-24,"23:24:12"
3141,1806,398,1,2005-06-20,"19:55:47",2005-06-30,"00:31:47"
3142,3926,9,2,2005-06-20,"19:59:28",2005-06-28,"19:51:28"
3143,1355,215,2,2005-06-20,"20:01:52",2005-06-26,"19:26:52"
3144,1300,114,1,2005-06-20,"20:14:20",2005-06-30,"01:46:20"
3145,2211,144,1,2005-06-20,"20:21:17",2005-06-22,"14:44:17"
3146,2249,339,2,2005-06-20,"20:21:48",2005-06-29,"22:57:48"
3147,615,390,2,2005-06-20,"20:25:17",2005-06-28,"20:22:17"
3148,4490,202,2,2005-06-20,"20:27:18",2005-06-24,"20:30:18"
3149,3295,55,1,2005-06-20,"20:34:55",2005-06-21,"18:51:55"
3150,94,34,1,2005-06-20,"20:35:28",2005-06-26,"01:01:28"
3151,2976,77,1,2005-06-20,"20:36:53",2005-06-25,"18:56:53"
3152,1022,246,1,2005-06-20,"20:42:41",2005-06-28,"21:12:41"
3153,659,430,1,2005-06-20,"20:44:15",2005-06-23,"16:04:15"
3154,3195,550,1,2005-06-20,"20:44:40",2005-06-23,"19:10:40"
3155,458,450,1,2005-06-20,"21:02:38",2005-06-27,"19:34:38"
3156,2217,365,2,2005-06-20,"21:03:46",2005-06-21,"23:32:46"
3157,1899,245,1,2005-06-20,"21:07:54",2005-06-23,"16:01:54"
3158,3461,592,1,2005-06-20,"21:08:19",2005-06-29,"18:59:19"
3159,33,388,2,2005-06-20,"21:11:50",2005-06-29,"19:35:50"
3160,4333,561,2,2005-06-20,"21:20:51",2005-06-29,"18:06:51"
3161,1326,373,2,2005-06-20,"21:21:01",2005-06-21,"18:22:01"
3162,3220,113,1,2005-06-20,"21:21:15",2005-06-29,"18:42:15"
3163,2632,391,2,2005-06-20,"21:22:13",2005-06-26,"15:22:13"
3164,155,270,1,2005-06-20,"21:29:00",2005-06-27,"15:50:00"
3165,796,85,1,2005-06-20,"21:29:17",2005-06-22,"18:03:17"
3166,1850,424,1,2005-06-20,"21:32:32",2005-06-27,"20:29:32"
3167,353,464,2,2005-06-20,"21:42:29",2005-06-22,"00:36:29"
3168,2407,446,1,2005-06-20,"21:46:01",2005-06-22,"20:40:01"
3169,2437,50,1,2005-06-20,"21:55:54",2005-06-25,"19:45:54"
3170,1306,421,2,2005-06-20,"22:02:54",2005-06-29,"00:41:54"
3171,2838,140,1,2005-06-20,"22:15:47",2005-06-24,"18:14:47"
3172,1758,31,2,2005-06-20,"22:19:25",2005-06-24,"17:18:25"
3173,4306,33,2,2005-06-20,"22:21:10",2005-06-27,"19:41:10"
3174,3331,107,2,2005-06-20,"22:24:00",2005-06-22,"21:22:00"
3175,4093,249,2,2005-06-20,"22:30:23",2005-06-30,"03:28:23"
3176,1982,371,1,2005-06-20,"22:31:54",2005-06-25,"02:58:54"
3177,2546,300,1,2005-06-20,"22:32:44",2005-06-22,"23:01:44"
3178,3517,79,1,2005-06-20,"22:35:12",2005-06-23,"19:39:12"
3179,2214,163,2,2005-06-20,"22:37:59",2005-06-26,"22:26:59"
3180,3997,162,1,2005-06-20,"22:48:44",2005-06-21,"21:25:44"
3181,3473,238,1,2005-06-20,"22:51:02",2005-06-27,"21:21:02"
3182,4017,15,2,2005-06-20,"22:52:18",2005-06-21,"21:00:18"
3183,4397,129,1,2005-06-20,"22:55:55",2005-06-23,"17:22:55"
3184,3179,457,1,2005-06-20,"22:57:44",2005-06-29,"20:57:44"
3185,601,234,1,2005-06-20,"22:58:01",2005-06-27,"00:26:01"
3186,3198,406,2,2005-06-20,"23:04:20",2005-06-29,"02:56:20"
3187,4357,150,2,2005-06-20,"23:06:07",2005-06-27,"01:14:07"
3188,2471,522,2,2005-06-20,"23:10:27",2005-06-25,"19:37:27"
3189,1502,538,1,2005-06-20,"23:19:33",2005-06-24,"17:46:33"
3190,351,200,2,2005-06-20,"23:27:15",2005-06-28,"01:22:15"
3191,4358,522,2,2005-06-20,"23:46:39",2005-06-25,"03:21:39"
3192,3713,11,1,2005-06-20,"23:49:12",2005-06-24,"03:00:12"
3193,3176,260,1,2005-06-20,"23:52:30",2005-06-22,"21:21:30"
3194,1835,432,1,2005-06-20,"23:59:57",2005-06-24,"19:21:57"
3195,2383,165,2,2005-06-21,"00:02:10",2005-06-21,"23:11:10"
3196,1575,52,1,2005-06-21,"00:02:28",2005-06-22,"23:08:28"
3197,1811,362,2,2005-06-21,"00:07:23",2005-06-23,"00:53:23"
3198,1626,295,2,2005-06-21,"00:08:54",2005-06-29,"02:11:54"
3199,3824,234,1,2005-06-21,"00:12:40",2005-06-27,"23:26:40"
3200,4117,221,2,2005-06-21,"00:22:47",2005-06-27,"05:52:47"
3201,6,597,1,2005-06-21,"00:30:26",2005-06-28,"03:42:26"
3202,2725,273,2,2005-06-21,"00:33:47",2005-06-24,"04:05:47"
3203,442,158,1,2005-06-21,"00:34:56",2005-06-29,"23:30:56"
3204,2848,336,1,2005-06-21,"00:37:50",2005-06-22,"23:46:50"
3205,2964,31,1,2005-06-21,"00:38:47",2005-06-21,"22:49:47"
3206,2196,350,1,2005-06-21,"00:39:39",2005-06-22,"05:12:39"
3207,4020,86,1,2005-06-21,"00:43:16",2005-06-24,"22:13:16"
3208,3169,229,2,2005-06-21,"00:50:03",2005-06-24,"06:15:03"
3209,287,307,2,2005-06-21,"00:51:06",2005-06-22,"21:49:06"
3210,467,75,2,2005-06-21,"01:00:25",2005-06-23,"06:10:25"
3211,1150,415,1,2005-06-21,"01:01:29",2005-06-23,"04:05:29"
3212,4178,21,2,2005-06-21,"01:04:35",2005-06-30,"00:10:35"
3213,3832,534,2,2005-06-21,"01:05:19",2005-06-27,"21:55:19"
3214,776,142,2,2005-06-21,"01:08:26",2005-06-23,"03:24:26"
3215,4140,279,1,2005-06-21,"01:11:32",2005-06-26,"19:42:32"
3216,719,534,2,2005-06-21,"01:19:37",2005-06-29,"06:45:37"
3217,1027,463,2,2005-06-21,"01:28:12",2005-06-25,"02:51:12"
3218,1828,117,1,2005-06-21,"01:38:09",2005-06-23,"02:00:09"
3219,3024,129,2,2005-06-21,"01:43:26",2005-06-28,"23:50:26"
3220,1880,574,2,2005-06-21,"01:46:25",2005-06-26,"07:44:25"
3221,245,454,1,2005-06-21,"01:49:47",2005-06-25,"06:31:47"
3222,4023,501,2,2005-06-21,"01:50:29",2005-06-27,"00:52:29"
3223,1033,299,2,2005-06-21,"02:06:45",2005-06-22,"07:16:45"
3224,3318,173,1,2005-06-21,"02:11:36",2005-06-23,"21:17:36"
3225,1003,448,2,2005-06-21,"02:16:55",2005-06-27,"05:39:55"
3226,4079,576,2,2005-06-21,"02:18:14",2005-06-26,"22:32:14"
3227,1156,568,1,2005-06-21,"02:18:25",2005-06-27,"00:59:25"
3228,2489,535,2,2005-06-21,"02:20:24",2005-06-29,"00:50:24"
3229,2301,81,1,2005-06-21,"02:20:41",2005-06-26,"00:39:41"
3230,215,83,2,2005-06-21,"02:23:16",2005-06-22,"01:37:16"
3231,237,28,2,2005-06-21,"02:25:00",2005-06-23,"05:46:00"
3232,1972,555,1,2005-06-21,"02:30:37",2005-06-29,"03:10:37"
3233,3542,353,2,2005-06-21,"02:39:31",2005-06-28,"05:23:31"
3234,3252,459,1,2005-06-21,"02:39:44",2005-06-29,"07:27:44"
3235,212,49,1,2005-06-21,"02:46:17",2005-06-22,"20:58:17"
3236,1492,550,2,2005-06-21,"02:47:43",2005-06-29,"08:04:43"
3237,4399,466,2,2005-06-21,"02:47:56",2005-06-27,"03:16:56"
3238,2732,77,1,2005-06-21,"02:48:21",2005-06-23,"04:43:21"
3239,3402,328,2,2005-06-21,"02:48:40",2005-06-22,"02:49:40"
3240,2938,405,2,2005-06-21,"02:53:17",2005-06-30,"03:25:17"
3241,1442,499,2,2005-06-21,"02:54:32",2005-06-26,"21:56:32"
3242,1421,562,2,2005-06-21,"02:56:24",2005-06-29,"21:41:24"
3243,2556,426,1,2005-06-21,"03:00:11",2005-06-25,"21:53:11"
3244,291,53,2,2005-06-21,"03:01:10",2005-06-24,"06:59:10"
3245,2057,358,2,2005-06-21,"03:06:11",2005-06-25,"08:06:11"
3246,4432,41,1,2005-06-21,"03:10:01",2005-06-28,"00:46:01"
3247,1406,277,1,2005-06-21,"03:12:15",2005-06-27,"00:44:15"
3248,3656,78,2,2005-06-21,"03:12:21",2005-06-28,"03:54:21"
3249,703,410,2,2005-06-21,"03:13:19",2005-06-29,"04:04:19"
3250,736,467,2,2005-06-21,"03:16:36",2005-06-29,"00:53:36"
3251,1414,317,2,2005-06-21,"03:20:37",2005-06-23,"04:54:37"
3252,2009,213,2,2005-06-21,"03:25:26",2005-06-24,"00:38:26"
3253,1906,405,2,2005-06-21,"03:25:37",2005-06-27,"02:46:37"
3254,3893,472,2,2005-06-21,"03:27:10",2005-06-22,"22:01:10"
3255,2564,482,1,2005-06-21,"03:39:52",2005-06-24,"04:02:52"
3256,1235,319,2,2005-06-21,"03:45:42",2005-06-30,"02:51:42"
3257,3975,263,2,2005-06-21,"03:47:19",2005-06-28,"01:24:19"
3258,4417,241,2,2005-06-21,"03:53:58",2005-06-22,"22:49:58"
3259,2751,478,1,2005-06-21,"03:57:15",2005-06-24,"03:32:15"
3260,3627,380,1,2005-06-21,"03:59:13",2005-06-23,"03:29:13"
3261,2029,169,2,2005-06-21,"04:07:41",2005-06-24,"06:25:41"
3262,3773,9,1,2005-06-21,"04:08:43",2005-06-28,"02:55:43"
3263,3491,118,2,2005-06-21,"04:15:52",2005-06-24,"02:19:52"
3264,1666,340,1,2005-06-21,"04:19:03",2005-06-23,"01:29:03"
3265,3637,437,1,2005-06-21,"04:23:13",2005-06-28,"03:37:13"
3266,2533,175,2,2005-06-21,"04:49:07",2005-06-26,"05:19:07"
3267,1118,134,1,2005-06-21,"04:55:21",2005-06-29,"23:46:21"
3268,4366,329,2,2005-06-21,"04:55:49",2005-06-30,"00:23:49"
3269,3828,17,2,2005-06-21,"05:06:30",2005-06-27,"09:26:30"
3270,1578,86,2,2005-06-21,"05:07:31",2005-06-22,"07:45:31"
3271,4191,196,1,2005-06-21,"05:16:10",2005-06-27,"10:46:10"
3272,1090,550,1,2005-06-21,"05:18:27",2005-06-30,"02:51:27"
3273,3538,104,2,2005-06-21,"05:24:17",2005-06-23,"01:21:17"
3274,2156,277,1,2005-06-21,"05:30:36",2005-06-24,"05:12:36"
3275,2320,368,2,2005-06-21,"05:33:04",2005-06-30,"00:37:04"
3276,1890,425,2,2005-06-21,"05:35:52",2005-06-29,"03:26:52"
3277,1330,229,1,2005-06-21,"05:36:37",2005-06-29,"10:54:37"
3278,2832,554,1,2005-06-21,"05:41:30",2005-06-22,"03:43:30"
3279,1672,462,1,2005-06-21,"06:05:53",2005-06-25,"09:40:53"
3280,661,229,1,2005-06-21,"06:08:12",2005-06-24,"09:34:12"
3281,4006,363,1,2005-06-21,"06:08:47",2005-06-24,"11:22:47"
3282,1676,224,1,2005-06-21,"06:18:42",2005-06-28,"09:18:42"
3283,3988,372,2,2005-06-21,"06:19:07",2005-06-26,"10:59:07"
3284,4566,1,1,2005-06-21,"06:24:45",2005-06-28,"03:28:45"
3285,948,481,2,2005-06-21,"06:30:13",2005-06-23,"10:31:13"
3286,742,577,2,2005-06-21,"06:31:29",2005-06-25,"00:46:29"
3287,4406,62,2,2005-06-21,"06:32:39",2005-06-24,"09:29:39"
3288,1961,299,1,2005-06-21,"06:36:59",2005-06-30,"06:50:59"
3289,2248,115,1,2005-06-21,"06:41:48",2005-06-30,"00:54:48"
3290,2727,293,1,2005-06-21,"06:45:34",2005-06-28,"09:44:34"
3291,3866,274,1,2005-06-21,"06:55:36",2005-06-29,"03:41:36"
3292,3288,412,1,2005-06-21,"06:59:11",2005-06-23,"07:11:11"
3293,4407,481,2,2005-06-21,"06:59:33",2005-06-25,"06:54:33"
3294,2390,439,2,2005-06-21,"07:03:23",2005-06-30,"02:22:23"
3295,1703,573,1,2005-06-21,"07:04:17",2005-06-29,"01:52:17"
3296,2453,284,1,2005-06-21,"07:04:53",2005-06-25,"08:36:53"
3297,3969,193,2,2005-06-21,"07:08:19",2005-06-28,"11:53:19"
3298,444,492,2,2005-06-21,"07:09:44",2005-06-30,"11:26:44"
3299,3427,199,1,2005-06-21,"07:23:34",2005-06-27,"04:02:34"
3300,2505,565,1,2005-06-21,"07:25:01",2005-06-25,"01:47:01"
3301,503,444,2,2005-06-21,"07:32:25",2005-06-28,"06:26:25"
3302,562,594,1,2005-06-21,"07:33:40",2005-06-29,"06:02:40"
3303,1565,361,2,2005-06-21,"07:34:14",2005-06-26,"13:18:14"
3304,2154,431,2,2005-06-21,"07:43:40",2005-06-27,"08:06:40"
3305,2811,578,1,2005-06-21,"07:46:57",2005-06-27,"06:16:57"
3306,1669,406,2,2005-06-21,"07:46:58",2005-06-26,"11:22:58"
3307,462,85,2,2005-06-21,"07:52:30",2005-06-25,"02:36:30"
3308,3129,96,2,2005-06-21,"07:58:36",2005-06-23,"05:23:36"
3309,248,463,2,2005-06-21,"08:00:49",2005-06-29,"04:11:49"
3310,1717,395,2,2005-06-21,"08:04:51",2005-06-22,"04:20:51"
3311,3438,518,2,2005-06-21,"08:05:27",2005-06-22,"06:51:27"
3312,1008,554,2,2005-06-21,"08:05:32",2005-06-27,"03:34:32"
3313,4267,213,2,2005-06-21,"08:11:18",2005-06-23,"04:28:18"
3314,4332,185,2,2005-06-21,"08:17:00",2005-06-22,"06:00:00"
3315,4108,438,1,2005-06-21,"08:17:04",2005-06-24,"11:04:04"
3316,3271,451,1,2005-06-21,"08:20:18",2005-06-28,"07:44:18"
3317,4095,584,2,2005-06-21,"08:22:32",2005-06-26,"14:18:32"
3318,1111,414,2,2005-06-21,"08:23:05",2005-06-27,"14:07:05"
3319,2482,461,2,2005-06-21,"08:25:46",2005-06-27,"03:54:46"
3320,860,47,2,2005-06-21,"08:29:41",2005-06-29,"13:54:41"
3321,1750,144,2,2005-06-21,"08:33:26",2005-06-24,"10:09:26"
3322,4324,458,1,2005-06-21,"08:42:37",2005-06-22,"13:17:37"
3323,2252,272,2,2005-06-21,"08:45:33",2005-06-28,"08:17:33"
3324,2830,29,1,2005-06-21,"08:49:16",2005-06-22,"12:31:16"
3325,1720,185,1,2005-06-21,"08:51:44",2005-06-27,"06:16:44"
3326,1025,347,2,2005-06-21,"09:04:50",2005-06-30,"12:10:50"
3327,3083,62,1,2005-06-21,"09:04:50",2005-06-30,"05:45:50"
3328,2462,292,1,2005-06-21,"09:08:44",2005-06-30,"12:28:44"
3329,3506,335,2,2005-06-21,"09:20:31",2005-06-22,"10:00:31"
3330,299,294,2,2005-06-21,"09:22:37",2005-06-23,"07:16:37"
3331,2913,352,2,2005-06-21,"09:37:53",2005-06-26,"04:01:53"
3332,1975,82,2,2005-06-21,"09:55:12",2005-06-25,"08:32:12"
3333,3688,111,2,2005-06-21,"10:01:36",2005-06-25,"10:27:36"
3334,2491,66,2,2005-06-21,"10:04:33",2005-06-29,"06:09:33"
3335,3033,339,1,2005-06-21,"10:09:08",2005-06-27,"11:33:08"
3336,2122,173,1,2005-06-21,"10:14:27",2005-06-22,"09:29:27"
3337,1176,318,1,2005-06-21,"10:24:35",2005-06-22,"13:51:35"
3338,2097,171,2,2005-06-21,"10:27:31",2005-06-30,"14:15:31"
3339,312,526,2,2005-06-21,"10:37:11",2005-06-30,"05:04:11"
3340,2962,540,2,2005-06-21,"10:37:23",2005-06-26,"07:21:23"
3341,2189,591,1,2005-06-21,"10:37:25",2005-06-26,"15:38:25"
3342,2884,196,2,2005-06-21,"10:46:36",2005-06-23,"09:46:36"
3343,2038,466,1,2005-06-21,"10:56:59",2005-06-25,"16:41:59"
3344,4401,277,1,2005-06-21,"10:57:27",2005-06-28,"10:53:27"
3345,4442,71,2,2005-06-21,"11:05:07",2005-06-26,"15:14:07"
3346,4393,189,2,2005-06-21,"11:06:53",2005-06-22,"15:19:53"
3347,4330,448,1,2005-06-21,"11:08:32",2005-06-28,"09:59:32"
3348,2945,16,2,2005-06-21,"11:16:42",2005-06-27,"13:50:42"
3349,3885,336,2,2005-06-21,"11:17:35",2005-06-22,"12:51:35"
3350,3221,20,2,2005-06-21,"11:21:38",2005-06-28,"15:37:38"
3351,1591,386,2,2005-06-21,"11:21:39",2005-06-23,"07:23:39"
3352,578,510,1,2005-06-21,"11:26:29",2005-06-28,"07:26:29"
3353,3984,236,1,2005-06-21,"11:29:23",2005-06-27,"15:06:23"
3354,1083,529,2,2005-06-21,"11:29:49",2005-06-25,"07:39:49"
3355,1960,275,1,2005-06-21,"11:30:47",2005-06-23,"06:04:47"
3356,4532,403,1,2005-06-21,"11:38:45",2005-06-26,"17:18:45"
3357,2528,57,2,2005-06-21,"11:55:42",2005-06-22,"07:19:42"
3358,1772,69,2,2005-06-21,"11:56:40",2005-06-26,"08:28:40"
3359,3825,67,2,2005-06-21,"12:08:18",2005-06-25,"16:35:18"
3360,2792,498,1,2005-06-21,"12:12:41",2005-06-26,"06:32:41"
3361,2671,268,2,2005-06-21,"12:14:23",2005-06-26,"10:01:23"
3362,1284,454,2,2005-06-21,"12:19:54",2005-06-23,"06:59:54"
3363,538,261,2,2005-06-21,"12:25:07",2005-06-27,"11:52:07"
3364,2329,201,2,2005-06-21,"12:37:46",2005-06-28,"07:18:46"
3365,657,133,2,2005-06-21,"12:55:48",2005-06-23,"13:38:48"
3366,2584,511,1,2005-06-21,"13:03:37",2005-06-26,"16:29:37"
3367,2442,80,2,2005-06-21,"13:08:21",2005-06-26,"08:43:21"
3368,548,438,1,2005-06-21,"13:18:38",2005-06-23,"11:13:38"
3369,303,431,2,2005-06-21,"13:20:31",2005-06-30,"13:45:31"
3370,1573,559,1,2005-06-21,"13:27:01",2005-06-25,"09:27:01"
3371,2526,595,2,2005-06-21,"13:27:22",2005-06-29,"14:04:22"
3372,4169,346,2,2005-06-21,"13:34:19",2005-06-27,"08:41:19"
3373,2219,316,1,2005-06-21,"13:35:32",2005-06-30,"12:03:32"
3374,1067,279,2,2005-06-21,"13:36:30",2005-06-23,"15:10:30"
3375,912,279,2,2005-06-21,"13:37:18",2005-06-22,"11:26:18"
3376,3055,318,1,2005-06-21,"13:43:02",2005-06-28,"18:07:02"
3377,1845,428,1,2005-06-21,"13:51:12",2005-06-22,"18:16:12"
3378,35,387,1,2005-06-21,"13:51:28",2005-06-25,"09:21:28"
3379,2022,566,2,2005-06-21,"13:54:58",2005-06-23,"13:43:58"
3380,3212,483,1,2005-06-21,"13:58:46",2005-06-30,"09:29:46"
3381,1373,183,2,2005-06-21,"14:02:59",2005-06-29,"18:11:59"
3382,131,341,2,2005-06-21,"14:05:23",2005-06-29,"19:13:23"
3383,2968,239,2,2005-06-21,"14:07:19",2005-06-29,"17:00:19"
3384,409,91,1,2005-06-21,"14:07:35",2005-06-26,"16:34:35"
3385,2810,514,2,2005-06-21,"14:16:48",2005-06-24,"10:32:48"
3386,1224,190,2,2005-06-21,"14:21:06",2005-06-24,"08:32:06"
3387,2709,305,2,2005-06-21,"14:21:49",2005-06-24,"16:46:49"
3388,556,119,1,2005-06-21,"14:34:51",2005-06-28,"18:19:51"
3389,727,395,1,2005-06-21,"14:37:55",2005-06-28,"18:13:55"
3390,2034,151,1,2005-06-21,"15:10:50",2005-06-26,"12:38:50"
3391,26,45,1,2005-06-21,"15:11:02",2005-06-25,"14:12:02"
3392,3343,38,1,2005-06-21,"15:12:44",2005-06-29,"18:19:44"
3393,1631,362,2,2005-06-21,"15:14:27",2005-06-25,"19:54:27"
3394,3393,295,2,2005-06-21,"15:17:39",2005-06-30,"13:55:39"
3395,3764,66,2,2005-06-21,"15:19:19",2005-06-29,"14:23:19"
3396,2744,371,1,2005-06-21,"15:23:08",2005-06-23,"10:25:08"
3397,602,552,1,2005-06-21,"15:30:11",2005-06-22,"21:12:11"
3398,221,599,1,2005-06-21,"15:34:38",2005-06-29,"11:23:38"
3399,619,98,1,2005-06-21,"15:47:48",2005-06-26,"13:46:48"
3400,1697,298,1,2005-06-21,"15:50:30",2005-06-25,"18:07:30"
3401,3423,577,2,2005-06-21,"15:52:43",2005-06-30,"21:09:43"
3402,596,187,1,2005-06-21,"15:54:37",2005-06-30,"13:43:37"
3403,1741,264,1,2005-06-21,"15:55:06",2005-06-27,"12:34:06"
3404,2005,424,2,2005-06-21,"15:57:52",2005-06-24,"20:58:52"
3405,2344,155,1,2005-06-21,"15:58:25",2005-06-23,"10:58:25"
3406,2049,203,1,2005-06-21,"16:00:18",2005-06-23,"18:25:18"
3407,3919,343,2,2005-06-21,"16:14:02",2005-06-24,"15:38:02"
3408,3453,282,1,2005-06-21,"16:15:11",2005-06-27,"14:55:11"
3409,3374,429,1,2005-06-21,"16:17:38",2005-06-22,"14:16:38"
3410,1197,321,2,2005-06-21,"16:20:47",2005-06-24,"19:09:47"
3411,4250,12,2,2005-06-21,"16:31:27",2005-06-28,"12:27:27"
3412,3036,501,2,2005-06-21,"16:44:31",2005-06-28,"16:15:31"
3413,666,322,2,2005-06-21,"16:57:07",2005-06-30,"12:03:07"
3414,2929,226,1,2005-06-21,"16:58:50",2005-06-24,"17:26:50"
3415,3540,444,1,2005-06-21,"16:59:49",2005-06-27,"17:19:49"
3416,1215,76,2,2005-06-21,"17:05:29",2005-06-23,"17:58:29"
3417,874,282,2,2005-06-21,"17:06:20",2005-06-23,"17:00:20"
3418,4115,85,1,2005-06-21,"17:06:38",2005-06-25,"19:43:38"
3419,4022,22,1,2005-06-21,"17:18:01",2005-06-22,"15:08:01"
3420,2523,27,1,2005-06-21,"17:22:36",2005-06-28,"12:34:36"
3421,3930,346,1,2005-06-21,"17:22:58",2005-06-24,"18:57:58"
3422,2724,251,2,2005-06-21,"17:24:40",2005-06-29,"13:59:40"
3423,3612,19,1,2005-06-21,"17:38:02",2005-06-23,"19:47:02"
3424,1279,583,2,2005-06-21,"17:42:51",2005-06-24,"23:22:51"
3425,4548,381,2,2005-06-21,"18:07:07",2005-06-27,"22:59:07"
3426,3019,95,1,2005-06-21,"18:12:10",2005-06-23,"18:22:10"
3427,560,561,2,2005-06-21,"18:31:09",2005-06-22,"14:18:09"
3428,1959,40,2,2005-06-21,"18:39:34",2005-06-22,"18:23:34"
3429,456,599,1,2005-06-21,"18:46:05",2005-06-30,"17:28:05"
3430,1613,503,2,2005-06-21,"18:46:08",2005-06-22,"13:49:08"
3431,133,516,1,2005-06-21,"18:46:48",2005-06-26,"23:08:48"
3432,1814,216,2,2005-06-21,"19:02:03",2005-06-25,"00:57:03"
3433,1077,228,2,2005-06-21,"19:07:19",2005-06-29,"18:01:19"
3434,2295,141,1,2005-06-21,"19:08:28",2005-06-23,"14:25:28"
3435,451,591,1,2005-06-21,"19:14:58",2005-06-24,"19:58:58"
3436,2740,137,2,2005-06-21,"19:16:09",2005-06-30,"13:58:09"
3437,1798,211,2,2005-06-21,"19:20:17",2005-07-01,"01:09:17"
3438,1757,556,1,2005-06-21,"19:31:40",2005-06-30,"19:08:40"
3439,1529,46,2,2005-06-21,"19:36:15",2005-06-23,"14:54:15"
3440,853,491,1,2005-06-21,"19:58:18",2005-06-27,"22:08:18"
3441,2863,326,2,2005-06-21,"20:00:12",2005-06-24,"00:24:12"
3442,1896,255,2,2005-06-21,"20:06:51",2005-06-25,"17:35:51"
3443,1639,377,1,2005-06-21,"20:19:00",2005-06-30,"15:39:00"
3444,493,45,2,2005-06-21,"20:39:39",2005-06-25,"23:44:39"
3445,2381,74,2,2005-06-21,"20:40:28",2005-06-29,"00:47:28"
3446,1817,174,1,2005-06-21,"20:45:51",2005-06-26,"17:02:51"
3447,1146,25,2,2005-06-21,"20:53:31",2005-06-24,"02:20:31"
3448,592,476,1,2005-06-21,"20:59:20",2005-06-24,"15:40:20"
3449,210,181,1,2005-06-21,"21:01:27",2005-06-27,"21:20:27"
3450,2268,126,1,2005-06-21,"21:01:57",2005-06-25,"23:57:57"
3451,3489,558,2,2005-06-21,"21:10:39",2005-06-30,"19:03:39"
3452,2646,293,1,2005-06-21,"21:11:27",2005-06-24,"16:31:27"
3453,842,278,2,2005-06-21,"21:12:11",2005-06-23,"17:39:11"
3454,3009,524,1,2005-06-21,"21:12:13",2005-06-25,"23:23:13"
3455,4403,340,1,2005-06-21,"21:17:51",2005-06-23,"17:22:51"
3456,1119,150,2,2005-06-21,"21:19:47",2005-06-28,"18:18:47"
3457,883,312,2,2005-06-21,"21:42:33",2005-06-30,"19:54:33"
3458,2136,338,1,2005-06-21,"21:42:49",2005-06-29,"01:26:49"
3459,3080,97,1,2005-06-21,"21:45:47",2005-06-25,"00:46:47"
3460,1765,236,1,2005-06-21,"21:46:56",2005-06-29,"20:08:56"
3461,1715,23,1,2005-06-21,"21:49:18",2005-06-26,"19:51:18"
3462,547,568,1,2005-06-21,"21:52:52",2005-06-28,"21:41:52"
3463,3436,96,2,2005-06-21,"22:00:00",2005-06-22,"19:22:00"
3464,2698,251,2,2005-06-21,"22:08:58",2005-06-26,"16:23:58"
3465,1488,510,1,2005-06-21,"22:10:01",2005-06-30,"21:35:01"
3466,371,226,2,2005-06-21,"22:13:33",2005-06-25,"21:01:33"
3467,729,543,2,2005-06-21,"22:19:25",2005-06-27,"00:03:25"
3468,2899,100,1,2005-06-21,"22:43:45",2005-06-30,"01:49:45"
3469,4087,181,1,2005-06-21,"22:48:59",2005-06-28,"19:32:59"
3470,883,565,1,2005-07-05,"22:49:24",2005-07-07,"19:36:24"
3471,1724,242,2,2005-07-05,"22:51:44",2005-07-13,"01:38:44"
3472,841,37,2,2005-07-05,"22:56:33",2005-07-13,"17:18:33"
3473,2735,60,1,2005-07-05,"22:57:34",2005-07-12,"23:53:34"
3474,97,594,1,2005-07-05,"22:59:53",2005-07-08,"20:32:53"
3475,2189,8,2,2005-07-05,"23:01:21",2005-07-13,"23:07:21"
3476,3011,490,2,2005-07-05,"23:02:37",2005-07-10,"22:17:37"
3477,4289,476,2,2005-07-05,"23:05:17",2005-07-15,"02:20:17"
3478,2528,322,2,2005-07-05,"23:05:44",2005-07-07,"00:14:44"
3479,2277,298,1,2005-07-05,"23:08:53",2005-07-11,"21:42:53"
3480,1488,382,2,2005-07-05,"23:11:43",2005-07-12,"02:01:43"
3481,3575,138,2,2005-07-05,"23:13:07",2005-07-07,"20:36:07"
3482,1291,520,2,2005-07-05,"23:13:22",2005-07-12,"19:02:22"
3483,79,536,1,2005-07-05,"23:13:51",2005-07-13,"18:31:51"
3484,1934,114,2,2005-07-05,"23:23:11",2005-07-11,"00:27:11"
3485,117,111,1,2005-07-05,"23:25:54",2005-07-09,"17:38:54"
3486,4067,296,1,2005-07-05,"23:29:55",2005-07-13,"19:54:55"
3487,1575,586,1,2005-07-05,"23:30:36",2005-07-11,"04:00:36"
3488,898,349,2,2005-07-05,"23:32:49",2005-07-15,"02:01:49"
3489,2936,397,2,2005-07-05,"23:33:40",2005-07-15,"02:15:40"
3490,3041,369,1,2005-07-05,"23:37:13",2005-07-12,"22:07:13"
3491,1835,421,1,2005-07-05,"23:41:08",2005-07-13,"21:53:08"
3492,980,142,1,2005-07-05,"23:44:37",2005-07-14,"03:54:37"
3493,473,169,1,2005-07-05,"23:46:19",2005-07-15,"02:31:19"
3494,3149,348,1,2005-07-05,"23:47:30",2005-07-11,"18:10:30"
3495,2306,553,1,2005-07-05,"23:50:04",2005-07-10,"01:06:04"
3496,2430,295,2,2005-07-05,"23:59:15",2005-07-09,"19:39:15"
3497,1970,299,1,2005-07-06,"00:00:03",2005-07-09,"01:27:03"
3498,1869,444,1,2005-07-06,"00:02:08",2005-07-10,"00:19:08"
3499,1850,520,2,2005-07-06,"00:04:20",2005-07-14,"21:12:20"
3500,2447,32,2,2005-07-06,"00:11:13",2005-07-13,"19:01:13"
3501,2219,270,2,2005-07-06,"00:11:28",2005-07-10,"20:32:28"
3502,1026,126,1,2005-07-06,"00:15:06",2005-07-13,"01:35:06"
3503,2944,449,1,2005-07-06,"00:17:24",2005-07-08,"03:47:24"
3504,268,209,2,2005-07-06,"00:18:29",2005-07-10,"00:24:29"
3505,2630,331,2,2005-07-06,"00:19:32",2005-07-14,"20:14:32"
3506,19,459,1,2005-07-06,"00:22:29",2005-07-07,"22:15:29"
3507,166,480,1,2005-07-06,"00:23:43",2005-07-15,"04:19:43"
3508,2381,34,2,2005-07-06,"00:24:25",2005-07-10,"05:38:25"
3509,4394,182,2,2005-07-06,"00:24:57",2005-07-09,"18:48:57"
3510,2250,443,2,2005-07-06,"00:27:41",2005-07-14,"23:20:41"
3511,2128,494,1,2005-07-06,"00:42:01",2005-07-09,"23:08:01"
3512,371,291,2,2005-07-06,"00:43:06",2005-07-12,"06:18:06"
3513,4225,223,2,2005-07-06,"00:45:57",2005-07-11,"19:04:57"
3514,4546,536,1,2005-07-06,"00:46:54",2005-07-09,"05:47:54"
3515,3220,131,1,2005-07-06,"00:48:55",2005-07-09,"00:15:55"
3516,385,338,2,2005-07-06,"00:50:30",2005-07-09,"19:12:30"
3517,2762,314,2,2005-07-06,"00:52:35",2005-07-08,"20:10:35"
3518,2502,167,1,2005-07-06,"00:56:03",2005-07-14,"02:27:03"
3519,4314,320,2,2005-07-06,"00:57:29",2005-07-10,"21:12:29"
3520,2872,102,1,2005-07-06,"00:58:27",2005-07-14,"05:56:27"
3521,1440,262,2,2005-07-06,"01:00:11",2005-07-11,"19:15:11"
3522,4522,469,1,2005-07-06,"01:00:21",2005-07-11,"01:18:21"
3523,2171,549,2,2005-07-06,"01:01:38",2005-07-10,"20:24:38"
3524,1626,88,2,2005-07-06,"01:01:51",2005-07-11,"19:52:51"
3525,208,51,1,2005-07-06,"01:02:39",2005-07-14,"02:27:39"
3526,3871,469,2,2005-07-06,"01:03:29",2005-07-15,"01:22:29"
3527,4537,389,1,2005-07-06,"01:11:08",2005-07-08,"01:21:08"
3528,1954,201,2,2005-07-06,"01:13:27",2005-07-06,"23:45:27"
3529,4316,350,1,2005-07-06,"01:15:26",2005-07-07,"04:28:26"
3530,4542,168,1,2005-07-06,"01:22:45",2005-07-10,"03:23:45"
3531,1890,165,2,2005-07-06,"01:24:08",2005-07-11,"22:00:08"
3532,2635,274,2,2005-07-06,"01:24:38",2005-07-11,"06:42:38"
3533,2028,206,1,2005-07-06,"01:26:44",2005-07-14,"21:37:44"
3534,2055,283,1,2005-07-06,"01:32:27",2005-07-08,"23:14:27"
3535,4214,65,1,2005-07-06,"01:32:46",2005-07-11,"03:15:46"
3536,2328,339,2,2005-07-06,"01:36:11",2005-07-12,"20:00:11"
3537,4220,479,2,2005-07-06,"01:36:53",2005-07-13,"07:01:53"
3538,4361,228,2,2005-07-06,"01:37:07",2005-07-11,"06:02:07"
3539,4081,444,1,2005-07-06,"01:39:08",2005-07-07,"05:38:08"
3540,1295,97,2,2005-07-06,"01:47:20",2005-07-08,"23:48:20"
3541,1204,501,1,2005-07-06,"01:50:11",2005-07-12,"03:24:11"
3542,4391,593,1,2005-07-06,"01:51:42",2005-07-11,"03:29:42"
3543,3997,394,1,2005-07-06,"02:01:08",2005-07-07,"03:14:08"
3544,3098,115,2,2005-07-06,"02:06:32",2005-07-09,"04:35:32"
3545,3924,442,1,2005-07-06,"02:16:17",2005-07-11,"00:54:17"
3546,959,594,1,2005-07-06,"02:17:54",2005-07-07,"00:19:54"
3547,2730,239,1,2005-07-06,"02:18:06",2005-07-08,"05:24:06"
3548,4498,16,2,2005-07-06,"02:23:39",2005-07-08,"07:53:39"
3549,3921,19,2,2005-07-06,"02:24:55",2005-07-06,"21:40:55"
3550,2417,15,2,2005-07-06,"02:29:21",2005-07-13,"05:26:21"
3551,3602,111,1,2005-07-06,"02:33:48",2005-07-13,"04:38:48"
3552,1099,239,1,2005-07-06,"02:34:09",2005-07-12,"05:31:09"
3553,4510,422,2,2005-07-06,"02:35:41",2005-07-08,"06:38:41"
3554,793,538,1,2005-07-06,"02:37:10",2005-07-09,"01:58:10"
3555,869,537,1,2005-07-06,"02:45:35",2005-07-10,"07:17:35"
3556,3142,273,1,2005-07-06,"02:46:13",2005-07-06,"22:08:13"
3557,3832,292,2,2005-07-06,"02:48:39",2005-07-08,"22:52:39"
3558,1742,575,2,2005-07-06,"02:49:06",2005-07-15,"01:38:06"
3559,2211,483,1,2005-07-06,"02:49:42",2005-07-12,"04:44:42"
3560,888,592,2,2005-07-06,"02:51:37",2005-07-10,"01:35:37"
3561,213,231,2,2005-07-06,"02:54:33",2005-07-14,"07:44:33"
3562,1660,587,1,2005-07-06,"02:54:36",2005-07-11,"05:48:36"
3563,4261,210,2,2005-07-06,"02:57:01",2005-07-14,"02:25:01"
3564,1096,402,2,2005-07-06,"03:02:13",2005-07-13,"01:41:13"
3565,599,97,2,2005-07-06,"03:02:58",2005-07-13,"21:31:58"
3566,2774,392,1,2005-07-06,"03:08:51",2005-07-12,"05:04:51"
3567,27,355,1,2005-07-06,"03:09:36",2005-07-12,"02:15:36"
3568,2084,283,1,2005-07-06,"03:11:57",2005-07-15,"03:14:57"
3569,1929,496,1,2005-07-06,"03:17:23",2005-07-14,"03:58:23"
3570,1300,450,2,2005-07-06,"03:23:43",2005-07-14,"07:28:43"
3571,4166,580,1,2005-07-06,"03:32:31",2005-07-11,"06:15:31"
3572,1915,284,1,2005-07-06,"03:33:23",2005-07-08,"07:54:23"
3573,146,66,1,2005-07-06,"03:33:48",2005-07-07,"22:39:48"
3574,2799,225,2,2005-07-06,"03:36:01",2005-07-10,"01:29:01"
3575,3234,49,1,2005-07-06,"03:36:19",2005-07-08,"06:21:19"
3576,324,227,1,2005-07-06,"03:40:01",2005-07-15,"07:22:01"
3577,4390,152,2,2005-07-06,"03:40:36",2005-07-10,"05:54:36"
3578,2954,263,1,2005-07-06,"03:47:05",2005-07-08,"02:26:05"
3579,3309,485,2,2005-07-06,"03:47:47",2005-07-08,"02:16:47"
3580,3837,200,2,2005-07-06,"03:48:44",2005-07-13,"01:15:44"
3581,4520,235,2,2005-07-06,"03:57:35",2005-07-07,"08:07:35"
3582,1866,297,2,2005-07-06,"04:10:35",2005-07-11,"01:29:35"
3583,204,574,2,2005-07-06,"04:10:43",2005-07-14,"22:17:43"
3584,367,207,1,2005-07-06,"04:16:43",2005-07-13,"07:08:43"
3585,2726,266,2,2005-07-06,"04:22:36",2005-07-09,"06:16:36"
3586,616,493,1,2005-07-06,"04:24:42",2005-07-09,"02:37:42"
3587,462,110,1,2005-07-06,"04:27:52",2005-07-13,"08:19:52"
3588,3154,289,1,2005-07-06,"04:29:13",2005-07-07,"23:49:13"
3589,3740,137,1,2005-07-06,"04:30:18",2005-07-10,"09:18:18"
3590,1510,283,2,2005-07-06,"04:35:12",2005-07-10,"05:14:12"
3591,1241,53,1,2005-07-06,"04:37:10",2005-07-09,"23:32:10"
3592,1272,286,2,2005-07-06,"04:38:50",2005-07-15,"06:36:50"
3593,619,78,2,2005-07-06,"04:39:52",2005-07-11,"23:20:52"
3594,4566,522,1,2005-07-06,"04:42:47",2005-07-10,"00:49:47"
3595,1431,92,2,2005-07-06,"04:59:49",2005-07-15,"06:26:49"
3596,594,419,2,2005-07-06,"05:03:11",2005-07-07,"05:30:11"
3597,4080,35,2,2005-07-06,"05:03:59",2005-07-13,"06:49:59"
3598,1317,68,2,2005-07-06,"05:11:04",2005-07-09,"02:03:04"
3599,3262,577,2,2005-07-06,"05:16:36",2005-07-13,"07:14:36"
3600,2748,511,2,2005-07-06,"05:19:42",2005-07-11,"00:34:42"
3601,2806,205,1,2005-07-06,"05:20:25",2005-07-15,"03:13:25"
3602,2192,100,2,2005-07-06,"05:23:10",2005-07-15,"03:22:10"
3603,2442,330,1,2005-07-06,"05:25:03",2005-07-12,"08:14:03"
3604,1380,242,1,2005-07-06,"05:25:22",2005-07-07,"23:52:22"
3605,384,347,2,2005-07-06,"05:27:15",2005-07-10,"00:05:15"
3606,1737,166,1,2005-07-06,"05:28:02",2005-07-10,"04:51:02"
3607,542,335,2,2005-07-06,"05:30:09",2005-07-08,"01:36:09"
3608,3095,368,2,2005-07-06,"05:35:39",2005-07-10,"07:46:39"
3609,1064,373,1,2005-07-06,"05:36:22",2005-07-10,"05:55:22"
3610,1509,348,1,2005-07-06,"05:36:59",2005-07-13,"07:07:59"
3611,4502,86,1,2005-07-06,"05:37:18",2005-07-10,"05:14:18"
3612,2465,402,1,2005-07-06,"05:37:26",2005-07-14,"01:51:26"
3613,3776,331,1,2005-07-06,"05:45:53",2005-07-07,"10:02:53"
3614,853,502,2,2005-07-06,"05:46:05",2005-07-11,"01:24:05"
3615,711,49,1,2005-07-06,"05:47:47",2005-07-11,"05:01:47"
3616,557,571,1,2005-07-06,"05:52:13",2005-07-10,"10:24:13"
3617,1337,125,1,2005-07-06,"05:58:06",2005-07-13,"02:10:06"
3618,330,264,2,2005-07-06,"05:58:45",2005-07-15,"09:13:45"
3619,3350,526,2,2005-07-06,"05:59:44",2005-07-11,"08:58:44"
3620,1661,88,1,2005-07-06,"06:01:50",2005-07-08,"05:04:50"
3621,3132,171,2,2005-07-06,"06:03:55",2005-07-11,"09:25:55"
3622,3489,454,2,2005-07-06,"06:05:04",2005-07-12,"03:14:04"
3623,430,80,1,2005-07-06,"06:05:23",2005-07-07,"05:59:23"
3624,1778,115,2,2005-07-06,"06:06:27",2005-07-13,"08:30:27"
3625,1133,175,1,2005-07-06,"06:12:52",2005-07-12,"07:37:52"
3626,1599,337,2,2005-07-06,"06:15:35",2005-07-10,"10:18:35"
3627,1087,322,1,2005-07-06,"06:19:25",2005-07-11,"05:53:25"
3628,3509,588,1,2005-07-06,"06:19:43",2005-07-07,"02:23:43"
3629,4019,441,2,2005-07-06,"06:23:22",2005-07-08,"09:32:22"
3630,2448,102,1,2005-07-06,"06:27:15",2005-07-12,"10:36:15"
3631,4068,47,1,2005-07-06,"06:36:53",2005-07-07,"10:32:53"
3632,2583,366,1,2005-07-06,"06:38:21",2005-07-11,"03:19:21"
3633,2978,95,1,2005-07-06,"06:43:26",2005-07-10,"04:54:26"
3634,3688,245,1,2005-07-06,"06:51:14",2005-07-10,"02:30:14"
3635,421,250,2,2005-07-06,"06:55:36",2005-07-09,"07:57:36"
3636,3379,591,2,2005-07-06,"07:03:52",2005-07-08,"03:14:52"
3637,3823,380,2,2005-07-06,"07:06:31",2005-07-10,"02:11:31"
3638,190,452,1,2005-07-06,"07:08:17",2005-07-13,"12:30:17"
3639,2812,7,2,2005-07-06,"07:09:17",2005-07-15,"05:12:17"
3640,3432,271,2,2005-07-06,"07:12:26",2005-07-10,"04:54:26"
3641,3834,79,1,2005-07-06,"07:17:09",2005-07-11,"07:25:09"
3642,4204,166,1,2005-07-06,"07:18:20",2005-07-09,"01:37:20"
3643,845,176,1,2005-07-06,"07:20:08",2005-07-11,"07:01:08"
3644,4309,403,2,2005-07-06,"07:20:11",2005-07-11,"10:26:11"
3645,3390,236,1,2005-07-06,"07:22:09",2005-07-10,"11:45:09"
3646,3591,322,1,2005-07-06,"07:28:59",2005-07-11,"05:19:59"
3647,3762,145,1,2005-07-06,"07:29:17",2005-07-13,"08:32:17"
3648,2810,598,2,2005-07-06,"07:30:41",2005-07-10,"06:00:41"
3649,3564,24,1,2005-07-06,"07:32:42",2005-07-12,"09:37:42"
3650,3606,482,2,2005-07-06,"07:34:15",2005-07-08,"01:50:15"
3651,3323,170,2,2005-07-06,"07:40:31",2005-07-08,"03:39:31"
3652,1231,518,1,2005-07-06,"07:44:30",2005-07-08,"04:41:30"
3653,2513,148,2,2005-07-06,"07:45:13",2005-07-10,"11:51:13"
3654,1621,528,2,2005-07-06,"07:45:31",2005-07-12,"09:59:31"
3655,1540,493,2,2005-07-06,"07:52:54",2005-07-15,"10:49:54"
3656,4544,314,2,2005-07-06,"07:55:22",2005-07-13,"10:36:22"
3657,4134,113,1,2005-07-06,"07:55:30",2005-07-11,"07:18:30"
3658,3453,253,1,2005-07-06,"08:01:08",2005-07-15,"06:36:08"
3659,2271,330,1,2005-07-06,"08:03:14",2005-07-12,"09:50:14"
3660,1129,507,1,2005-07-06,"08:07:29",2005-07-14,"08:46:29"
3661,2600,442,1,2005-07-06,"08:10:02",2005-07-10,"10:17:02"
3662,3827,334,2,2005-07-06,"08:11:48",2005-07-09,"12:25:48"
3663,2646,566,1,2005-07-06,"08:15:47",2005-07-07,"08:57:47"
3664,3366,528,1,2005-07-06,"08:15:57",2005-07-08,"06:11:57"
3665,922,102,2,2005-07-06,"08:23:08",2005-07-13,"13:38:08"
3666,4212,347,2,2005-07-06,"08:27:43",2005-07-09,"07:37:43"
3667,447,373,2,2005-07-06,"08:36:34",2005-07-15,"04:25:34"
3668,269,514,1,2005-07-06,"08:36:48",2005-07-10,"11:31:48"
3669,1299,530,1,2005-07-06,"08:38:29",2005-07-10,"05:28:29"
3670,4271,268,1,2005-07-06,"08:56:43",2005-07-11,"09:11:43"
3671,2821,179,1,2005-07-06,"09:01:29",2005-07-15,"08:08:29"
3672,3883,283,1,2005-07-06,"09:01:56",2005-07-11,"14:18:56"
3673,1837,88,2,2005-07-06,"09:02:09",2005-07-15,"06:45:09"
3674,3686,559,1,2005-07-06,"09:03:13",2005-07-13,"08:43:13"
3675,3662,282,1,2005-07-06,"09:09:19",2005-07-12,"08:51:19"
3676,1967,137,1,2005-07-06,"09:10:37",2005-07-14,"08:24:37"
3677,600,5,2,2005-07-06,"09:11:58",2005-07-08,"10:50:58"
3678,3861,364,1,2005-07-06,"09:15:15",2005-07-10,"05:01:15"
3679,2186,547,1,2005-07-06,"09:15:57",2005-07-08,"03:20:57"
3680,2427,82,2,2005-07-06,"09:16:10",2005-07-08,"07:52:10"
3681,3325,294,1,2005-07-06,"09:19:30",2005-07-11,"09:40:30"
3682,2597,98,2,2005-07-06,"09:22:48",2005-07-14,"11:17:48"
3683,3020,43,1,2005-07-06,"09:25:56",2005-07-14,"12:10:56"
3684,3261,395,1,2005-07-06,"09:29:22",2005-07-12,"08:19:22"
3685,2015,58,2,2005-07-06,"09:30:45",2005-07-11,"15:16:45"
3686,376,548,2,2005-07-06,"09:37:50",2005-07-09,"10:15:50"
3687,2040,207,1,2005-07-06,"09:38:33",2005-07-14,"07:50:33"
3688,1102,380,2,2005-07-06,"09:41:53",2005-07-14,"10:30:53"
3689,3168,129,1,2005-07-06,"09:43:01",2005-07-11,"09:57:01"
3690,4405,435,1,2005-07-06,"09:46:03",2005-07-07,"12:12:03"
3691,1937,478,1,2005-07-06,"09:46:12",2005-07-07,"14:08:12"
3692,1237,286,2,2005-07-06,"09:54:12",2005-07-11,"09:42:12"
3693,2989,545,2,2005-07-06,"09:56:09",2005-07-15,"06:50:09"
3694,3848,419,2,2005-07-06,"10:01:23",2005-07-08,"11:44:23"
3695,2823,441,1,2005-07-06,"10:02:08",2005-07-09,"15:43:08"
3696,3244,497,2,2005-07-06,"10:04:55",2005-07-11,"15:58:55"
3697,1223,182,2,2005-07-06,"10:07:22",2005-07-13,"14:04:22"
3698,1263,461,1,2005-07-06,"10:09:20",2005-07-08,"15:49:20"
3699,418,262,1,2005-07-06,"10:11:25",2005-07-14,"05:18:25"
3700,343,72,2,2005-07-06,"10:12:19",2005-07-07,"14:21:19"
3701,3679,31,1,2005-07-06,"10:12:45",2005-07-09,"08:52:45"
3702,2204,428,1,2005-07-06,"10:13:56",2005-07-10,"08:12:56"
3703,4276,421,1,2005-07-06,"10:15:26",2005-07-13,"13:00:26"
3704,2687,323,2,2005-07-06,"10:16:45",2005-07-13,"12:44:45"
3705,65,223,1,2005-07-06,"10:17:59",2005-07-10,"15:31:59"
3706,681,132,2,2005-07-06,"10:18:01",2005-07-09,"09:07:01"
3707,1080,14,2,2005-07-06,"10:21:49",2005-07-12,"05:14:49"
3708,2105,201,1,2005-07-06,"10:23:27",2005-07-14,"09:26:27"
3709,4033,187,2,2005-07-06,"10:26:56",2005-07-15,"13:51:56"
3710,2596,228,2,2005-07-06,"10:28:53",2005-07-15,"06:17:53"
3711,1914,75,2,2005-07-06,"10:46:15",2005-07-07,"09:25:15"
3712,3741,504,1,2005-07-06,"10:47:35",2005-07-15,"09:39:35"
3713,1823,504,1,2005-07-06,"10:49:30",2005-07-13,"10:44:30"
3714,1985,276,2,2005-07-06,"10:51:28",2005-07-09,"13:57:28"
3715,4456,228,1,2005-07-06,"10:51:48",2005-07-11,"06:08:48"
3716,3271,92,2,2005-07-06,"10:52:32",2005-07-14,"08:45:32"
3717,1677,173,2,2005-07-06,"10:53:34",2005-07-07,"13:43:34"
3718,2624,56,1,2005-07-06,"10:57:56",2005-07-12,"12:54:56"
3719,3573,376,2,2005-07-06,"11:05:55",2005-07-11,"08:10:55"
3720,2958,96,1,2005-07-06,"11:06:57",2005-07-09,"14:16:57"
3721,2654,226,2,2005-07-06,"11:10:09",2005-07-11,"07:45:09"
3722,604,83,2,2005-07-06,"11:10:27",2005-07-13,"12:56:27"
3723,4554,501,2,2005-07-06,"11:12:02",2005-07-14,"16:45:02"
3724,3622,468,1,2005-07-06,"11:12:48",2005-07-14,"14:41:48"
3725,2789,126,1,2005-07-06,"11:15:04",2005-07-09,"06:39:04"
3726,742,363,2,2005-07-06,"11:15:49",2005-07-11,"05:54:49"
3727,2886,57,1,2005-07-06,"11:16:43",2005-07-07,"15:39:43"
3728,1798,298,1,2005-07-06,"11:29:00",2005-07-11,"06:28:00"
3729,3156,90,1,2005-07-06,"11:30:29",2005-07-12,"07:18:29"
3730,1665,355,1,2005-07-06,"11:31:24",2005-07-15,"06:53:24"
3731,4133,558,2,2005-07-06,"11:33:36",2005-07-15,"12:23:36"
3732,106,318,1,2005-07-06,"11:33:37",2005-07-08,"08:31:37"
3733,3242,586,2,2005-07-06,"11:33:55",2005-07-09,"10:08:55"
3734,4569,37,1,2005-07-06,"11:40:27",2005-07-14,"12:08:27"
3735,2262,534,2,2005-07-06,"11:42:04",2005-07-12,"14:33:04"
3736,1515,23,2,2005-07-06,"11:43:44",2005-07-13,"07:55:44"
3737,123,403,1,2005-07-06,"11:45:53",2005-07-13,"15:27:53"
3738,578,546,1,2005-07-06,"11:50:57",2005-07-09,"08:07:57"
3739,4333,157,1,2005-07-06,"11:54:18",2005-07-09,"10:48:18"
3740,1829,277,2,2005-07-06,"11:55:35",2005-07-14,"09:44:35"
3741,1449,584,2,2005-07-06,"12:00:18",2005-07-12,"09:02:18"
3742,2873,96,1,2005-07-06,"12:01:38",2005-07-15,"10:46:38"
3743,1012,456,2,2005-07-06,"12:03:54",2005-07-13,"10:56:54"
3744,3343,510,2,2005-07-06,"12:10:02",2005-07-08,"11:49:02"
3745,1518,171,1,2005-07-06,"12:10:32",2005-07-12,"15:20:32"
3746,3387,424,2,2005-07-06,"12:10:51",2005-07-07,"11:36:51"
3747,1093,437,2,2005-07-06,"12:11:14",2005-07-09,"17:14:14"
3748,2920,79,1,2005-07-06,"12:11:22",2005-07-12,"07:22:22"
3749,1531,170,1,2005-07-06,"12:18:03",2005-07-11,"07:25:03"
3750,2422,103,2,2005-07-06,"12:19:28",2005-07-14,"13:16:28"
3751,3652,128,1,2005-07-06,"12:23:41",2005-07-10,"06:58:41"
3752,4561,235,1,2005-07-06,"12:30:12",2005-07-13,"12:13:12"
3753,774,358,2,2005-07-06,"12:34:06",2005-07-07,"14:19:06"
3754,4042,83,1,2005-07-06,"12:35:44",2005-07-08,"16:28:44"
3755,3147,402,1,2005-07-06,"12:37:16",2005-07-13,"07:22:16"
3756,30,320,1,2005-07-06,"12:40:38",2005-07-11,"09:29:38"
3757,2816,66,1,2005-07-06,"12:42:26",2005-07-11,"10:30:26"
3758,2498,48,2,2005-07-06,"12:43:11",2005-07-14,"12:52:11"
3759,4165,378,1,2005-07-06,"12:46:38",2005-07-10,"11:31:38"
3760,1306,330,1,2005-07-06,"12:49:28",2005-07-09,"16:29:28"
3761,4304,464,1,2005-07-06,"12:52:44",2005-07-08,"17:22:44"
3762,1941,413,1,2005-07-06,"12:52:49",2005-07-12,"11:41:49"
3763,1573,189,1,2005-07-06,"12:56:31",2005-07-09,"14:49:31"
3764,3115,470,1,2005-07-06,"13:01:03",2005-07-13,"15:26:03"
3765,1805,547,1,2005-07-06,"13:01:47",2005-07-09,"07:10:47"
3766,4504,312,1,2005-07-06,"13:04:35",2005-07-07,"15:46:35"
3767,923,582,1,2005-07-06,"13:07:27",2005-07-08,"18:48:27"
3768,3995,573,2,2005-07-06,"13:07:30",2005-07-09,"16:26:30"
3769,467,567,2,2005-07-06,"13:11:33",2005-07-14,"17:54:33"
3770,3836,198,1,2005-07-06,"13:14:28",2005-07-13,"09:23:28"
3771,1373,56,2,2005-07-06,"13:19:34",2005-07-10,"10:27:34"
3772,434,338,2,2005-07-06,"13:22:53",2005-07-10,"11:54:53"
3773,2034,263,2,2005-07-06,"13:23:34",2005-07-08,"17:23:34"
3774,4044,439,2,2005-07-06,"13:25:07",2005-07-15,"12:56:07"
3775,3696,300,1,2005-07-06,"13:27:33",2005-07-09,"10:27:33"
3776,4387,278,2,2005-07-06,"13:31:37",2005-07-10,"10:53:37"
3777,2470,548,1,2005-07-06,"13:36:48",2005-07-11,"14:26:48"
3778,2181,122,2,2005-07-06,"13:44:48",2005-07-13,"09:31:48"
3779,634,583,2,2005-07-06,"13:46:36",2005-07-10,"15:49:36"
3780,1209,99,2,2005-07-06,"13:52:02",2005-07-15,"08:41:02"
3781,3894,23,1,2005-07-06,"13:53:41",2005-07-15,"10:03:41"
3782,3365,515,2,2005-07-06,"13:57:03",2005-07-09,"11:13:03"
3783,2345,386,2,2005-07-06,"13:57:31",2005-07-14,"10:44:31"
3784,2287,165,2,2005-07-06,"13:57:56",2005-07-14,"17:24:56"
3785,3279,577,2,2005-07-06,"14:00:13",2005-07-14,"10:13:13"
3786,4508,152,1,2005-07-06,"14:00:41",2005-07-13,"16:49:41"
3787,288,474,2,2005-07-06,"14:02:01",2005-07-09,"19:09:01"
3788,1363,379,1,2005-07-06,"14:02:02",2005-07-10,"18:24:02"
3789,3560,595,1,2005-07-06,"14:02:26",2005-07-14,"18:13:26"
3790,1711,10,1,2005-07-06,"14:13:45",2005-07-14,"13:35:45"
3791,3426,452,2,2005-07-06,"14:24:56",2005-07-14,"11:06:56"
3792,2651,312,1,2005-07-06,"14:26:38",2005-07-11,"16:34:38"
3793,4558,553,1,2005-07-06,"14:32:44",2005-07-08,"13:55:44"
3794,584,499,2,2005-07-06,"14:35:26",2005-07-11,"14:40:26"
3795,240,153,2,2005-07-06,"14:37:41",2005-07-11,"20:27:41"
3796,1649,228,2,2005-07-06,"14:45:22",2005-07-07,"11:01:22"
3797,1047,374,2,2005-07-06,"14:54:52",2005-07-10,"09:50:52"
3798,1942,479,2,2005-07-06,"14:57:53",2005-07-07,"10:48:53"
3799,4532,251,1,2005-07-06,"15:00:14",2005-07-10,"15:39:14"
3800,4004,100,2,2005-07-06,"15:01:27",2005-07-15,"11:12:27"
3801,4209,68,1,2005-07-06,"15:05:50",2005-07-12,"12:56:50"
3802,1017,91,2,2005-07-06,"15:06:09",2005-07-08,"09:33:09"
3803,2062,494,1,2005-07-06,"15:06:55",2005-07-08,"18:53:55"
3804,537,126,2,2005-07-06,"15:08:08",2005-07-15,"14:01:08"
3805,1716,418,1,2005-07-06,"15:08:42",2005-07-07,"14:34:42"
3806,3555,154,2,2005-07-06,"15:09:41",2005-07-14,"09:14:41"
3807,39,425,1,2005-07-06,"15:11:44",2005-07-10,"09:20:44"
3808,4339,314,1,2005-07-06,"15:15:35",2005-07-07,"16:10:35"
3809,2932,358,1,2005-07-06,"15:16:37",2005-07-09,"14:45:37"
3810,342,296,2,2005-07-06,"15:18:44",2005-07-12,"09:52:44"
3811,695,208,2,2005-07-06,"15:20:37",2005-07-08,"16:26:37"
3812,4490,381,1,2005-07-06,"15:22:19",2005-07-08,"13:04:19"
3813,4100,189,1,2005-07-06,"15:23:34",2005-07-08,"19:03:34"
3814,3826,306,2,2005-07-06,"15:23:56",2005-07-13,"20:51:56"
3815,4038,472,2,2005-07-06,"15:26:36",2005-07-11,"17:07:36"
3816,2941,489,1,2005-07-06,"15:27:04",2005-07-14,"13:12:04"
3817,2933,267,1,2005-07-06,"15:31:45",2005-07-11,"17:11:45"
3818,653,97,1,2005-07-06,"15:33:31",2005-07-11,"16:35:31"
3819,1814,74,1,2005-07-06,"15:35:06",2005-07-14,"19:08:06"
3820,4192,460,2,2005-07-06,"15:35:26",2005-07-11,"12:22:26"
3821,4385,354,1,2005-07-06,"15:36:20",2005-07-11,"20:04:20"
3822,1314,241,1,2005-07-06,"15:41:15",2005-07-07,"16:41:15"
3823,124,265,1,2005-07-06,"15:41:27",2005-07-09,"09:48:27"
3824,3107,107,2,2005-07-06,"15:43:15",2005-07-13,"16:05:15"
3825,630,132,1,2005-07-06,"15:50:03",2005-07-09,"19:20:03"
3826,73,451,1,2005-07-06,"15:51:58",2005-07-13,"12:35:58"
3827,2072,41,2,2005-07-06,"15:52:03",2005-07-08,"21:43:03"
3828,4493,498,2,2005-07-06,"15:57:30",2005-07-10,"12:17:30"
3829,4126,356,1,2005-07-06,"15:59:40",2005-07-11,"10:29:40"
3830,553,310,2,2005-07-06,"16:01:16",2005-07-15,"19:35:16"
3831,1338,206,2,2005-07-06,"16:06:35",2005-07-08,"15:14:35"
3832,4499,233,1,2005-07-06,"16:12:23",2005-07-12,"21:29:23"
3833,3232,416,2,2005-07-06,"16:18:28",2005-07-14,"20:09:28"
3834,3001,366,2,2005-07-06,"16:19:56",2005-07-13,"11:38:56"
3835,935,486,2,2005-07-06,"16:22:45",2005-07-11,"17:04:45"
3836,1148,351,1,2005-07-06,"16:26:04",2005-07-10,"15:08:04"
3837,3166,309,1,2005-07-06,"16:27:43",2005-07-07,"18:02:43"
3838,3404,565,1,2005-07-06,"16:29:43",2005-07-11,"20:50:43"
3839,3230,231,1,2005-07-06,"16:30:30",2005-07-11,"19:00:30"
3840,4384,468,2,2005-07-06,"16:30:59",2005-07-15,"22:08:59"
3841,4228,470,2,2005-07-06,"16:34:00",2005-07-08,"15:12:00"
3842,3119,583,2,2005-07-06,"16:34:32",2005-07-08,"11:55:32"
3843,3844,62,1,2005-07-06,"16:35:40",2005-07-07,"18:29:40"
3844,2814,179,2,2005-07-06,"16:37:58",2005-07-09,"19:54:58"
3845,4495,28,2,2005-07-06,"16:38:14",2005-07-09,"14:59:14"
3846,2829,88,2,2005-07-06,"16:43:10",2005-07-14,"11:09:10"
3847,782,206,2,2005-07-06,"16:44:41",2005-07-07,"21:54:41"
3848,2906,188,1,2005-07-06,"16:47:32",2005-07-14,"15:00:32"
3849,3660,60,1,2005-07-06,"16:49:43",2005-07-12,"17:20:43"
3850,1700,103,1,2005-07-06,"16:51:21",2005-07-12,"13:58:21"
3851,493,436,1,2005-07-06,"16:54:12",2005-07-11,"22:49:12"
3852,3329,511,1,2005-07-06,"16:57:49",2005-07-11,"17:11:49"
3853,1411,537,2,2005-07-06,"16:59:20",2005-07-07,"12:30:20"
3854,2054,243,2,2005-07-06,"17:02:33",2005-07-12,"17:32:33"
3855,2931,46,1,2005-07-06,"17:03:48",2005-07-12,"14:32:48"
3856,3083,498,2,2005-07-06,"17:04:46",2005-07-14,"19:23:46"
3857,1135,236,1,2005-07-06,"17:07:54",2005-07-07,"13:28:54"
3858,829,377,2,2005-07-06,"17:17:57",2005-07-10,"23:10:57"
3859,2548,553,1,2005-07-06,"17:18:15",2005-07-09,"16:48:15"
3860,144,514,1,2005-07-06,"17:20:24",2005-07-09,"22:33:24"
3861,4506,202,2,2005-07-06,"17:24:49",2005-07-15,"22:19:49"
3862,471,181,1,2005-07-06,"17:35:22",2005-07-15,"17:13:22"
3863,363,481,2,2005-07-06,"17:40:18",2005-07-07,"17:58:18"
3864,2811,68,1,2005-07-06,"17:41:42",2005-07-08,"14:17:42"
3865,3579,357,1,2005-07-06,"17:46:57",2005-07-12,"12:20:57"
3866,194,409,1,2005-07-06,"17:47:20",2005-07-15,"18:12:20"
3867,3620,580,1,2005-07-06,"17:52:19",2005-07-13,"21:48:19"
3868,1606,416,1,2005-07-06,"17:54:13",2005-07-10,"14:51:13"
3869,2540,183,1,2005-07-06,"17:56:46",2005-07-10,"20:44:46"
3870,3357,12,1,2005-07-06,"17:57:54",2005-07-13,"12:30:54"
3871,3114,331,2,2005-07-06,"17:58:51",2005-07-15,"22:18:51"
3872,1785,513,1,2005-07-06,"18:00:19",2005-07-07,"17:26:19"
3873,4148,394,2,2005-07-06,"18:03:16",2005-07-15,"23:58:16"
3874,1870,137,1,2005-07-06,"18:06:12",2005-07-12,"16:55:12"
3875,712,108,1,2005-07-06,"18:15:39",2005-07-11,"17:34:39"
3876,4039,295,2,2005-07-06,"18:21:13",2005-07-14,"16:57:13"
3877,2796,576,1,2005-07-06,"18:22:10",2005-07-07,"23:38:10"
3878,4022,385,2,2005-07-06,"18:27:09",2005-07-15,"20:13:09"
3879,1376,81,2,2005-07-06,"18:31:20",2005-07-09,"19:03:20"
3880,42,507,2,2005-07-06,"18:32:49",2005-07-07,"20:46:49"
3881,143,456,2,2005-07-06,"18:35:37",2005-07-10,"00:06:37"
3882,788,254,1,2005-07-06,"18:38:21",2005-07-09,"14:55:21"
3883,3238,69,2,2005-07-06,"18:39:38",2005-07-14,"15:59:38"
3884,1806,210,1,2005-07-06,"18:41:33",2005-07-07,"22:06:33"
3885,1820,282,2,2005-07-06,"18:43:43",2005-07-12,"19:48:43"
3886,2368,326,1,2005-07-06,"18:44:24",2005-07-08,"15:11:24"
3887,1695,530,1,2005-07-06,"18:46:34",2005-07-07,"13:15:34"
3888,1945,412,2,2005-07-06,"18:54:20",2005-07-12,"17:13:20"
3889,2005,576,2,2005-07-06,"18:56:25",2005-07-08,"21:22:25"
3890,2570,553,1,2005-07-06,"18:58:15",2005-07-10,"18:51:15"
3891,3216,553,2,2005-07-06,"18:58:25",2005-07-09,"23:20:25"
3892,778,549,1,2005-07-06,"18:58:58",2005-07-10,"19:29:58"
3893,1281,350,1,2005-07-06,"18:59:31",2005-07-12,"19:21:31"
3894,2087,149,2,2005-07-06,"19:01:39",2005-07-12,"21:35:39"
3895,145,584,2,2005-07-06,"19:04:24",2005-07-15,"17:48:24"
3896,1755,309,2,2005-07-06,"19:09:15",2005-07-16,"00:52:15"
3897,14,277,2,2005-07-06,"19:11:43",2005-07-11,"21:50:43"
3898,3858,53,1,2005-07-06,"19:12:37",2005-07-11,"15:50:37"
3899,4020,485,1,2005-07-06,"19:12:40",2005-07-13,"23:41:40"
3900,1497,129,2,2005-07-06,"19:21:28",2005-07-15,"21:06:28"
3901,3367,321,2,2005-07-06,"19:24:55",2005-07-14,"20:30:55"
3902,2868,192,2,2005-07-06,"19:25:18",2005-07-10,"17:42:18"
3903,3614,369,1,2005-07-06,"19:27:32",2005-07-08,"23:27:32"
3904,3600,485,2,2005-07-06,"19:30:57",2005-07-11,"18:47:57"
3905,3817,526,1,2005-07-06,"19:33:34",2005-07-15,"17:55:34"
3906,1383,293,1,2005-07-06,"19:35:55",2005-07-15,"22:35:55"
3907,2507,452,1,2005-07-06,"19:39:14",2005-07-11,"17:45:14"
3908,3980,116,1,2005-07-06,"19:47:26",2005-07-13,"19:59:26"
3909,3423,396,2,2005-07-06,"19:54:41",2005-07-15,"18:11:41"
3910,2085,248,1,2005-07-06,"20:05:18",2005-07-10,"18:51:18"
3911,4548,34,1,2005-07-06,"20:09:11",2005-07-08,"23:53:11"
3912,2449,154,2,2005-07-06,"20:10:03",2005-07-08,"18:39:03"
3913,752,494,1,2005-07-06,"20:11:00",2005-07-08,"14:42:00"
3914,4092,159,2,2005-07-06,"20:11:10",2005-07-14,"14:42:10"
3915,125,163,1,2005-07-06,"20:16:46",2005-07-10,"17:24:46"
3916,3198,46,1,2005-07-06,"20:18:50",2005-07-12,"21:56:50"
3917,2747,471,1,2005-07-06,"20:19:29",2005-07-11,"00:49:29"
3918,1111,435,1,2005-07-06,"20:26:15",2005-07-15,"20:32:15"
3919,2695,147,1,2005-07-06,"20:26:21",2005-07-15,"00:13:21"
3920,1551,321,2,2005-07-06,"20:26:40",2005-07-15,"15:00:40"
3921,949,531,1,2005-07-06,"20:29:48",2005-07-14,"01:44:48"
3922,2878,470,1,2005-07-06,"20:32:27",2005-07-14,"19:00:27"
3923,2039,63,1,2005-07-06,"20:34:10",2005-07-13,"19:20:10"
3924,187,114,2,2005-07-06,"20:38:02",2005-07-11,"23:35:02"
3925,2653,428,2,2005-07-06,"20:41:44",2005-07-15,"21:05:44"
3926,4241,500,2,2005-07-06,"20:42:35",2005-07-09,"16:30:35"
3927,2194,404,1,2005-07-06,"20:48:14",2005-07-10,"15:37:14"
3928,1960,411,1,2005-07-06,"20:52:09",2005-07-08,"18:51:09"
3929,1235,453,2,2005-07-06,"20:52:39",2005-07-12,"00:27:39"
3930,165,573,1,2005-07-06,"20:54:07",2005-07-10,"18:31:07"
3931,182,176,1,2005-07-06,"21:03:46",2005-07-16,"01:32:46"
3932,4396,490,2,2005-07-06,"21:06:17",2005-07-07,"19:25:17"
3933,1202,229,1,2005-07-06,"21:06:37",2005-07-08,"20:23:37"
3934,3187,576,2,2005-07-06,"21:07:23",2005-07-10,"18:20:23"
3935,3402,503,2,2005-07-06,"21:08:29",2005-07-15,"23:28:29"
3936,4258,129,2,2005-07-06,"21:15:03",2005-07-08,"17:45:03"
3937,2091,211,2,2005-07-06,"21:15:38",2005-07-15,"00:01:38"
3938,1991,341,2,2005-07-06,"21:15:45",2005-07-13,"20:02:45"
3939,3627,149,2,2005-07-06,"21:16:32",2005-07-11,"03:12:32"
3940,1502,116,2,2005-07-06,"21:16:59",2005-07-07,"19:17:59"
3941,382,560,2,2005-07-06,"21:20:37",2005-07-09,"01:35:37"
3942,677,553,1,2005-07-06,"21:21:34",2005-07-15,"02:34:34"
3943,1816,566,1,2005-07-06,"21:22:17",2005-07-07,"21:26:17"
3944,4213,436,2,2005-07-06,"21:34:11",2005-07-08,"23:46:11"
3945,754,86,2,2005-07-06,"21:35:00",2005-07-08,"00:31:00"
3946,294,13,1,2005-07-06,"21:39:24",2005-07-11,"16:10:24"
3947,4188,324,1,2005-07-06,"21:42:21",2005-07-08,"19:37:21"
3948,2254,161,2,2005-07-06,"21:45:53",2005-07-08,"19:24:53"
3949,1765,153,1,2005-07-06,"21:46:36",2005-07-11,"03:18:36"
3950,4153,598,1,2005-07-06,"21:48:44",2005-07-14,"02:25:44"
3951,2288,250,2,2005-07-06,"21:50:41",2005-07-12,"02:09:41"
3952,1719,417,1,2005-07-06,"21:51:31",2005-07-13,"15:54:31"
3953,3879,385,1,2005-07-06,"21:54:55",2005-07-09,"18:52:55"
3954,4250,558,2,2005-07-06,"21:57:44",2005-07-08,"02:37:44"
3955,2523,247,1,2005-07-06,"21:58:08",2005-07-08,"03:43:08"
3956,15,147,2,2005-07-06,"22:01:51",2005-07-12,"21:35:51"
3957,443,414,1,2005-07-06,"22:05:47",2005-07-16,"01:08:47"
3958,4117,288,2,2005-07-06,"22:07:33",2005-07-10,"19:31:33"
3959,40,448,1,2005-07-06,"22:07:58",2005-07-13,"02:30:58"
3960,2090,594,2,2005-07-06,"22:08:53",2005-07-07,"23:21:53"
3961,4320,364,1,2005-07-06,"22:11:43",2005-07-09,"03:14:43"
3962,379,307,2,2005-07-06,"22:13:45",2005-07-15,"00:22:45"
3963,3912,111,2,2005-07-06,"22:19:17",2005-07-15,"01:22:17"
3964,1853,30,1,2005-07-06,"22:23:02",2005-07-07,"22:21:02"
3965,2863,243,1,2005-07-06,"22:36:20",2005-07-09,"17:45:20"
3966,556,495,1,2005-07-06,"22:38:49",2005-07-07,"23:33:49"
3967,2510,31,2,2005-07-06,"22:45:10",2005-07-09,"23:54:10"
3968,558,235,1,2005-07-06,"22:47:09",2005-07-12,"21:01:09"
3969,383,587,1,2005-07-06,"22:47:59",2005-07-08,"02:11:59"
3970,701,381,1,2005-07-06,"22:48:17",2005-07-15,"19:07:17"
3971,4415,473,1,2005-07-06,"22:50:40",2005-07-08,"01:02:40"
3972,1895,598,1,2005-07-06,"22:53:57",2005-07-11,"01:32:57"
3973,2625,592,2,2005-07-06,"22:58:31",2005-07-16,"03:27:31"
3974,4282,318,1,2005-07-06,"22:59:16",2005-07-11,"22:30:16"
3975,4343,545,2,2005-07-06,"23:00:09",2005-07-10,"01:39:09"
3976,2424,329,2,2005-07-06,"23:00:20",2005-07-07,"21:51:20"
3977,1284,449,1,2005-07-06,"23:00:49",2005-07-15,"00:41:49"
3978,4341,343,2,2005-07-06,"23:04:33",2005-07-10,"17:45:33"
3979,794,550,2,2005-07-06,"23:04:35",2005-07-13,"01:38:35"
3980,1845,475,1,2005-07-06,"23:11:11",2005-07-14,"18:22:11"
3981,842,375,2,2005-07-06,"23:12:12",2005-07-13,"01:47:12"
3982,4327,64,2,2005-07-06,"23:14:16",2005-07-08,"21:21:16"
3983,1261,6,2,2005-07-06,"23:14:21",2005-07-12,"17:55:21"
3984,2205,570,2,2005-07-06,"23:22:36",2005-07-08,"21:40:36"
3985,2096,307,2,2005-07-06,"23:24:03",2005-07-10,"00:20:03"
3986,3737,122,2,2005-07-06,"23:25:13",2005-07-09,"21:26:13"
3987,3104,270,1,2005-07-06,"23:28:24",2005-07-15,"00:52:24"
3988,2981,421,2,2005-07-06,"23:30:42",2005-07-13,"03:06:42"
3989,2366,213,1,2005-07-06,"23:30:54",2005-07-12,"01:28:54"
3990,2009,558,2,2005-07-06,"23:32:44",2005-07-14,"01:35:44"
3991,587,583,1,2005-07-06,"23:33:41",2005-07-16,"01:31:41"
3992,3219,448,1,2005-07-06,"23:36:56",2005-07-15,"03:13:56"
3993,1061,525,1,2005-07-06,"23:37:06",2005-07-14,"19:31:06"
3994,902,487,1,2005-07-06,"23:39:01",2005-07-14,"00:33:01"
3995,3990,128,2,2005-07-06,"23:43:03",2005-07-13,"04:13:03"
3996,2857,551,2,2005-07-06,"23:46:43",2005-07-14,"22:34:43"
3997,3895,52,2,2005-07-06,"23:46:52",2005-07-14,"05:39:52"
3998,1245,566,1,2005-07-06,"23:49:20",2005-07-12,"20:39:20"
3999,707,390,1,2005-07-06,"23:50:54",2005-07-09,"22:09:54"
4000,2122,95,1,2005-07-06,"23:58:37",2005-07-08,"21:43:37"
4001,864,120,2,2005-07-07,"00:07:00",2005-07-13,"21:27:00"
4002,2790,308,2,2005-07-07,"00:08:18",2005-07-14,"01:29:18"
4003,4054,8,1,2005-07-07,"00:09:02",2005-07-08,"04:27:02"
4004,667,574,2,2005-07-07,"00:20:51",2005-07-11,"18:55:51"
4005,3677,190,2,2005-07-07,"00:22:26",2005-07-15,"04:34:26"
4006,397,473,2,2005-07-07,"00:25:29",2005-07-08,"05:30:29"
4007,2071,285,1,2005-07-07,"00:26:05",2005-07-15,"19:53:05"
4008,1107,505,2,2005-07-07,"00:26:43",2005-07-16,"03:58:43"
4009,3607,394,1,2005-07-07,"00:28:55",2005-07-10,"00:37:55"
4010,4509,476,2,2005-07-07,"00:47:00",2005-07-12,"06:23:00"
4011,2052,20,2,2005-07-07,"00:48:25",2005-07-13,"06:30:25"
4012,1400,104,1,2005-07-07,"00:56:09",2005-07-10,"21:49:09"
4013,2344,475,2,2005-07-07,"00:58:00",2005-07-15,"19:42:00"
4014,583,510,1,2005-07-07,"00:58:54",2005-07-12,"02:40:54"
4015,3032,233,2,2005-07-07,"00:59:46",2005-07-14,"03:16:46"
4016,3318,335,1,2005-07-07,"01:05:50",2005-07-09,"05:59:50"
4017,3117,595,2,2005-07-07,"01:08:18",2005-07-09,"01:47:18"
4018,906,207,2,2005-07-07,"01:10:33",2005-07-12,"20:54:33"
4019,3200,294,1,2005-07-07,"01:27:44",2005-07-10,"21:30:44"
4020,3760,471,1,2005-07-07,"01:42:22",2005-07-10,"00:53:22"
4021,1676,315,2,2005-07-07,"01:46:44",2005-07-12,"00:16:44"
4022,3914,390,2,2005-07-07,"01:50:06",2005-07-09,"21:47:06"
4023,274,573,2,2005-07-07,"01:55:25",2005-07-08,"02:43:25"
4024,3976,448,1,2005-07-07,"02:11:23",2005-07-11,"02:00:23"
4025,3908,114,1,2005-07-07,"02:13:24",2005-07-08,"00:47:24"
4026,4142,251,2,2005-07-07,"02:15:48",2005-07-14,"04:15:48"
4027,56,116,1,2005-07-07,"02:19:01",2005-07-10,"01:12:01"
4028,1651,344,2,2005-07-07,"02:19:14",2005-07-15,"08:09:14"
4029,4075,518,2,2005-07-07,"02:19:44",2005-07-15,"02:30:44"
4030,1734,300,2,2005-07-07,"02:25:42",2005-07-08,"22:53:42"
4031,3094,143,2,2005-07-07,"02:32:07",2005-07-14,"06:01:07"
4032,2628,335,1,2005-07-07,"02:34:13",2005-07-14,"22:43:13"
4033,203,453,1,2005-07-07,"02:35:46",2005-07-16,"01:12:46"
4034,1666,354,2,2005-07-07,"02:36:33",2005-07-09,"08:32:33"
4035,3611,539,1,2005-07-07,"02:45:02",2005-07-14,"01:41:02"
4036,500,397,1,2005-07-07,"02:48:00",2005-07-07,"22:46:00"
4037,3903,594,1,2005-07-07,"02:52:52",2005-07-16,"00:09:52"
4038,1264,27,2,2005-07-07,"02:52:53",2005-07-11,"22:32:53"
4039,4050,290,2,2005-07-07,"02:57:59",2005-07-12,"03:44:59"
4040,3046,103,2,2005-07-07,"03:02:40",2005-07-16,"06:05:40"
4041,2217,445,2,2005-07-07,"03:03:33",2005-07-09,"07:57:33"
4042,50,10,1,2005-07-07,"03:06:40",2005-07-10,"02:37:40"
4043,3427,204,2,2005-07-07,"03:09:50",2005-07-10,"07:49:50"
4044,3263,94,1,2005-07-07,"03:22:23",2005-07-13,"03:23:23"
4045,1422,529,1,2005-07-07,"03:26:14",2005-07-11,"06:52:14"
4046,3518,491,1,2005-07-07,"03:27:59",2005-07-14,"01:14:59"
4047,3475,364,2,2005-07-07,"03:28:49",2005-07-09,"02:42:49"
4048,659,474,2,2005-07-07,"03:30:52",2005-07-14,"05:05:52"
4049,4172,79,2,2005-07-07,"03:34:53",2005-07-15,"04:10:53"
4050,104,528,1,2005-07-07,"03:35:33",2005-07-15,"03:11:33"
4051,2715,331,1,2005-07-07,"03:37:28",2005-07-09,"01:40:28"
4052,206,442,2,2005-07-07,"03:38:22",2005-07-13,"02:56:22"
4053,2889,377,1,2005-07-07,"03:39:22",2005-07-09,"22:32:22"
4054,3885,260,1,2005-07-07,"03:42:07",2005-07-10,"03:22:07"
4055,2561,513,2,2005-07-07,"03:49:13",2005-07-11,"03:15:13"
4056,4211,360,2,2005-07-07,"03:57:36",2005-07-09,"08:53:36"
4057,2838,141,1,2005-07-07,"04:00:20",2005-07-12,"08:14:20"
4058,3877,442,2,2005-07-07,"04:02:50",2005-07-10,"04:30:50"
4059,292,401,1,2005-07-07,"04:04:26",2005-07-10,"22:35:26"
4060,2697,211,1,2005-07-07,"04:10:13",2005-07-13,"07:44:13"
4061,62,70,2,2005-07-07,"04:13:35",2005-07-10,"23:58:35"
4062,1323,410,1,2005-07-07,"04:22:27",2005-07-09,"03:27:27"
4063,1452,331,2,2005-07-07,"04:23:57",2005-07-14,"23:35:57"
4064,1402,47,2,2005-07-07,"04:29:20",2005-07-14,"05:48:20"
4065,1339,26,1,2005-07-07,"04:32:28",2005-07-12,"08:30:28"
4066,1975,368,1,2005-07-07,"04:34:09",2005-07-10,"23:54:09"
4067,2945,469,1,2005-07-07,"04:34:23",2005-07-16,"04:04:23"
4068,4152,206,2,2005-07-07,"04:34:38",2005-07-11,"09:16:38"
4069,3361,570,2,2005-07-07,"04:35:06",2005-07-10,"23:59:06"
4070,2926,496,2,2005-07-07,"04:37:09",2005-07-08,"04:19:09"
4071,2883,209,2,2005-07-07,"04:37:26",2005-07-13,"06:45:26"
4072,3130,310,2,2005-07-07,"04:48:02",2005-07-12,"10:32:02"
4073,647,290,2,2005-07-07,"04:49:13",2005-07-10,"03:20:13"
4074,2347,412,2,2005-07-07,"04:49:49",2005-07-12,"04:51:49"
4075,1989,593,2,2005-07-07,"04:51:44",2005-07-09,"03:07:44"
4076,3148,329,1,2005-07-07,"04:52:15",2005-07-13,"23:22:15"
4077,2445,377,2,2005-07-07,"04:53:40",2005-07-09,"09:56:40"
4078,1671,522,1,2005-07-07,"05:05:05",2005-07-10,"05:39:05"
4079,2202,84,1,2005-07-07,"05:06:27",2005-07-16,"08:46:27"
4080,1364,148,1,2005-07-07,"05:09:54",2005-07-11,"23:58:54"
4081,1138,284,1,2005-07-07,"05:10:08",2005-07-12,"00:47:08"
4082,2904,108,1,2005-07-07,"05:11:53",2005-07-12,"00:55:53"
4083,3454,490,1,2005-07-07,"05:13:15",2005-07-08,"09:11:15"
4084,2588,441,1,2005-07-07,"05:16:00",2005-07-15,"09:23:00"
4085,1683,573,1,2005-07-07,"05:25:39",2005-07-12,"04:30:39"
4086,253,494,2,2005-07-07,"05:26:06",2005-07-12,"00:45:06"
4087,3066,433,1,2005-07-07,"05:30:56",2005-07-16,"10:20:56"
4088,234,66,1,2005-07-07,"05:31:55",2005-07-15,"07:35:55"
4089,3431,102,2,2005-07-07,"05:45:59",2005-07-16,"07:34:59"
4090,3096,67,2,2005-07-07,"05:47:33",2005-07-08,"04:25:33"
4091,3928,337,2,2005-07-07,"05:53:38",2005-07-14,"03:12:38"
4092,1721,246,1,2005-07-07,"05:54:18",2005-07-16,"09:14:18"
4093,1534,337,1,2005-07-07,"05:54:50",2005-07-12,"00:34:50"
4094,2412,517,2,2005-07-07,"06:00:21",2005-07-10,"03:24:21"
4095,2900,33,2,2005-07-07,"06:01:48",2005-07-15,"02:52:48"
4096,3911,403,2,2005-07-07,"06:09:11",2005-07-08,"09:17:11"
4097,2454,56,1,2005-07-07,"06:10:55",2005-07-11,"02:45:55"
4098,2865,35,2,2005-07-07,"06:14:51",2005-07-14,"06:51:51"
4099,1930,76,1,2005-07-07,"06:20:33",2005-07-16,"08:39:33"
4100,2346,332,2,2005-07-07,"06:20:52",2005-07-15,"05:58:52"
4101,2891,588,2,2005-07-07,"06:25:11",2005-07-12,"07:44:11"
4102,3998,135,2,2005-07-07,"06:25:19",2005-07-11,"00:50:19"
4103,3632,91,1,2005-07-07,"06:25:28",2005-07-12,"11:18:28"
4104,1066,338,2,2005-07-07,"06:25:41",2005-07-13,"04:18:41"
4105,439,423,1,2005-07-07,"06:31:00",2005-07-09,"03:52:00"
4106,4083,563,1,2005-07-07,"06:33:35",2005-07-13,"04:03:35"
4107,4232,206,1,2005-07-07,"06:36:32",2005-07-14,"03:36:32"
4108,4535,66,1,2005-07-07,"06:38:31",2005-07-08,"10:44:31"
4109,532,517,1,2005-07-07,"06:39:43",2005-07-10,"06:30:43"
4110,226,486,2,2005-07-07,"06:44:27",2005-07-12,"05:43:27"
4111,1009,515,1,2005-07-07,"06:47:56",2005-07-13,"02:13:56"
4112,3284,533,2,2005-07-07,"06:49:09",2005-07-16,"06:53:09"
4113,915,170,1,2005-07-07,"06:49:52",2005-07-12,"04:00:52"
4114,4109,426,1,2005-07-07,"06:51:12",2005-07-15,"01:36:12"
4115,102,371,2,2005-07-07,"06:52:23",2005-07-14,"06:12:23"
4116,666,352,2,2005-07-07,"06:56:13",2005-07-11,"11:13:13"
4117,780,158,1,2005-07-07,"06:58:14",2005-07-16,"05:28:14"
4118,355,224,1,2005-07-07,"07:03:30",2005-07-08,"09:20:30"
4119,2078,319,2,2005-07-07,"07:06:03",2005-07-13,"01:56:03"
4120,987,559,1,2005-07-07,"07:07:03",2005-07-16,"04:07:03"
4121,2429,176,2,2005-07-07,"07:13:50",2005-07-13,"04:32:50"
4122,273,31,1,2005-07-07,"07:15:35",2005-07-14,"12:10:35"
4123,2707,469,1,2005-07-07,"07:16:19",2005-07-10,"05:23:19"
4124,2856,330,1,2005-07-07,"07:19:54",2005-07-11,"05:54:54"
4125,4131,269,2,2005-07-07,"07:20:29",2005-07-15,"06:41:29"
4126,3018,163,1,2005-07-07,"07:24:11",2005-07-15,"07:31:11"
4127,1774,15,2,2005-07-07,"07:26:19",2005-07-14,"07:50:19"
4128,3563,492,1,2005-07-07,"07:35:25",2005-07-14,"08:13:25"
4129,1413,592,1,2005-07-07,"07:37:03",2005-07-14,"13:31:03"
4130,4170,256,2,2005-07-07,"07:51:53",2005-07-11,"12:41:53"
4131,2621,58,1,2005-07-07,"07:53:18",2005-07-08,"04:48:18"
4132,993,154,1,2005-07-07,"08:06:07",2005-07-10,"14:04:07"
4133,3672,488,1,2005-07-07,"08:12:26",2005-07-16,"03:43:26"
4134,2917,183,1,2005-07-07,"08:14:24",2005-07-09,"10:42:24"
4135,3384,36,1,2005-07-07,"08:15:03",2005-07-11,"10:56:03"
4136,3461,203,2,2005-07-07,"08:15:52",2005-07-10,"04:22:52"
4137,2065,485,2,2005-07-07,"08:17:06",2005-07-11,"10:52:06"
4138,1588,317,2,2005-07-07,"08:17:13",2005-07-14,"05:18:13"
4139,2094,509,2,2005-07-07,"08:17:35",2005-07-14,"14:01:35"
4140,1897,190,2,2005-07-07,"08:19:10",2005-07-14,"07:27:10"
4141,1904,456,1,2005-07-07,"08:19:20",2005-07-11,"06:54:20"
4142,4045,492,1,2005-07-07,"08:19:45",2005-07-08,"13:55:45"
4143,597,238,1,2005-07-07,"08:22:07",2005-07-13,"11:42:07"
4144,550,431,2,2005-07-07,"08:25:44",2005-07-16,"13:10:44"
4145,3050,592,2,2005-07-07,"08:26:39",2005-07-16,"12:54:39"
4146,176,411,1,2005-07-07,"08:30:16",2005-07-12,"07:52:16"
4147,2776,274,2,2005-07-07,"08:32:12",2005-07-12,"10:10:12"
4148,260,59,1,2005-07-07,"08:36:58",2005-07-09,"05:51:58"
4149,3028,50,2,2005-07-07,"08:40:17",2005-07-10,"02:58:17"
4150,4424,188,2,2005-07-07,"08:43:22",2005-07-08,"05:21:22"
4151,4564,428,1,2005-07-07,"08:49:02",2005-07-11,"05:19:02"
4152,1761,89,2,2005-07-07,"08:50:33",2005-07-14,"10:56:33"
4153,2185,299,2,2005-07-07,"08:53:08",2005-07-11,"05:09:08"
4154,191,594,2,2005-07-07,"08:58:23",2005-07-14,"03:16:23"
4155,212,548,2,2005-07-07,"09:00:49",2005-07-13,"10:59:49"
4156,1259,585,2,2005-07-07,"09:03:51",2005-07-12,"09:46:51"
4157,304,183,1,2005-07-07,"09:04:26",2005-07-08,"09:55:26"
4158,291,433,1,2005-07-07,"09:05:42",2005-07-09,"04:28:42"
4159,3625,62,2,2005-07-07,"09:10:57",2005-07-09,"10:19:57"
4160,1909,326,2,2005-07-07,"09:13:17",2005-07-15,"11:50:17"
4161,4021,216,1,2005-07-07,"09:15:11",2005-07-15,"06:59:11"
4162,745,571,2,2005-07-07,"09:17:26",2005-07-15,"10:15:26"
4163,3176,376,2,2005-07-07,"09:19:28",2005-07-10,"06:47:28"
4164,3133,295,1,2005-07-07,"09:20:11",2005-07-14,"09:35:11"
4165,3845,66,1,2005-07-07,"09:23:27",2005-07-15,"06:00:27"
4166,3267,376,1,2005-07-07,"09:33:30",2005-07-16,"06:06:30"
4167,3771,175,2,2005-07-07,"09:37:08",2005-07-16,"06:16:08"
4168,1872,132,2,2005-07-07,"09:37:24",2005-07-09,"14:32:24"
4169,3360,580,1,2005-07-07,"09:39:18",2005-07-11,"13:43:18"
4170,2665,99,1,2005-07-07,"09:44:36",2005-07-13,"14:10:36"
4171,4199,476,2,2005-07-07,"09:49:04",2005-07-14,"03:58:04"
4172,1158,309,2,2005-07-07,"09:49:09",2005-07-11,"15:14:09"
4173,4272,320,1,2005-07-07,"09:57:26",2005-07-10,"04:05:26"
4174,3814,182,1,2005-07-07,"09:59:49",2005-07-11,"13:34:49"
4175,1979,8,2,2005-07-07,"10:02:03",2005-07-10,"06:09:03"
4176,2745,420,1,2005-07-07,"10:03:34",2005-07-16,"08:43:34"
4177,4106,317,2,2005-07-07,"10:12:36",2005-07-15,"15:48:36"
4178,2898,513,2,2005-07-07,"10:14:31",2005-07-12,"09:38:31"
4179,559,75,2,2005-07-07,"10:17:15",2005-07-10,"05:12:15"
4180,1704,3,1,2005-07-07,"10:23:25",2005-07-10,"13:18:25"
4181,3725,598,1,2005-07-07,"10:27:54",2005-07-13,"06:09:54"
4182,3080,256,1,2005-07-07,"10:28:00",2005-07-08,"12:50:00"
4183,3342,479,1,2005-07-07,"10:28:33",2005-07-15,"12:29:33"
4184,1022,468,1,2005-07-07,"10:30:08",2005-07-14,"12:56:08"
4185,2425,395,2,2005-07-07,"10:31:05",2005-07-13,"05:30:05"
4186,3910,185,1,2005-07-07,"10:32:25",2005-07-15,"06:22:25"
4187,2,161,1,2005-07-07,"10:41:31",2005-07-11,"06:25:31"
4188,3243,391,1,2005-07-07,"10:45:29",2005-07-16,"09:39:29"
4189,1492,386,2,2005-07-07,"10:51:07",2005-07-14,"14:46:07"
4190,826,349,1,2005-07-07,"10:52:39",2005-07-11,"13:19:39"
4191,2475,390,1,2005-07-07,"10:56:14",2005-07-11,"09:56:14"
4192,624,558,1,2005-07-07,"10:57:06",2005-07-13,"16:30:06"
4193,3791,445,2,2005-07-07,"10:57:21",2005-07-09,"07:33:21"
4194,1753,153,1,2005-07-07,"10:59:39",2005-07-15,"09:34:39"
4195,450,455,1,2005-07-07,"11:00:02",2005-07-14,"16:54:02"
4196,3407,564,1,2005-07-07,"11:06:33",2005-07-14,"13:46:33"
4197,2515,324,1,2005-07-07,"11:07:52",2005-07-10,"10:19:52"
4198,333,247,1,2005-07-07,"11:08:11",2005-07-16,"15:29:11"
4199,2120,259,1,2005-07-07,"11:13:07",2005-07-11,"07:17:07"
4200,1097,292,2,2005-07-07,"11:15:11",2005-07-11,"11:46:11"
4201,3682,145,1,2005-07-07,"11:19:51",2005-07-16,"08:48:51"
4202,2274,38,1,2005-07-07,"11:23:48",2005-07-16,"16:32:48"
4203,2743,189,1,2005-07-07,"11:24:14",2005-07-11,"16:26:14"
4204,1513,569,1,2005-07-07,"11:24:18",2005-07-15,"12:42:18"
4205,3922,486,1,2005-07-07,"11:25:39",2005-07-11,"06:12:39"
4206,1557,448,2,2005-07-07,"11:32:16",2005-07-14,"13:07:16"
4207,1119,588,2,2005-07-07,"11:32:45",2005-07-14,"05:49:45"
4208,3617,441,1,2005-07-07,"11:34:22",2005-07-09,"08:25:22"
4209,2010,100,1,2005-07-07,"11:35:08",2005-07-10,"10:58:08"
4210,1972,581,1,2005-07-07,"11:36:20",2005-07-16,"12:38:20"
4211,2001,214,2,2005-07-07,"11:50:41",2005-07-09,"13:58:41"
4212,1825,574,1,2005-07-07,"11:53:14",2005-07-09,"07:12:14"
4213,705,103,1,2005-07-07,"11:53:49",2005-07-13,"07:51:49"
4214,2534,484,2,2005-07-07,"11:54:33",2005-07-08,"10:49:33"
4215,1239,22,2,2005-07-07,"12:00:52",2005-07-11,"15:14:52"
4216,1216,467,1,2005-07-07,"12:01:34",2005-07-08,"09:59:34"
4217,3186,228,2,2005-07-07,"12:08:59",2005-07-11,"15:07:59"
4218,152,497,1,2005-07-07,"12:10:24",2005-07-15,"16:09:24"
4219,2800,16,1,2005-07-07,"12:11:22",2005-07-11,"11:05:22"
4220,821,513,1,2005-07-07,"12:12:36",2005-07-10,"13:37:36"
4221,4567,143,2,2005-07-07,"12:18:57",2005-07-12,"09:47:57"
4222,2053,467,2,2005-07-07,"12:20:21",2005-07-11,"11:09:21"
4223,2407,405,2,2005-07-07,"12:23:54",2005-07-10,"14:46:54"
4224,3659,419,1,2005-07-07,"12:24:21",2005-07-10,"11:48:21"
4225,1766,377,2,2005-07-07,"12:24:37",2005-07-12,"06:47:37"
4226,1692,57,2,2005-07-07,"12:37:56",2005-07-09,"08:48:56"
4227,4186,78,1,2005-07-07,"12:41:36",2005-07-15,"12:33:36"
4228,1020,38,1,2005-07-07,"12:42:02",2005-07-12,"10:52:02"
4229,953,106,2,2005-07-07,"12:43:23",2005-07-13,"15:00:23"
4230,353,205,1,2005-07-07,"12:46:47",2005-07-15,"06:52:47"
4231,3522,194,1,2005-07-07,"12:48:19",2005-07-13,"18:45:19"
4232,3841,347,1,2005-07-07,"12:49:12",2005-07-15,"16:45:12"
4233,1849,488,1,2005-07-07,"13:00:20",2005-07-13,"16:37:20"
4234,1179,195,1,2005-07-07,"13:01:35",2005-07-15,"13:05:35"
4235,3525,86,2,2005-07-07,"13:05:52",2005-07-10,"12:17:52"
4236,642,213,2,2005-07-07,"13:12:07",2005-07-08,"15:00:07"
4237,3773,477,1,2005-07-07,"13:16:55",2005-07-15,"16:33:55"
4238,3024,7,2,2005-07-07,"13:22:20",2005-07-10,"07:44:20"
4239,3866,122,1,2005-07-07,"13:23:17",2005-07-13,"17:49:17"
4240,1024,65,1,2005-07-07,"13:33:12",2005-07-13,"12:28:12"
4241,4154,595,2,2005-07-07,"13:39:00",2005-07-12,"17:49:00"
4242,3626,286,1,2005-07-07,"13:39:01",2005-07-12,"18:29:01"
4243,4559,339,1,2005-07-07,"13:39:58",2005-07-12,"19:27:58"
4244,592,581,2,2005-07-07,"13:41:58",2005-07-09,"15:32:58"
4245,3743,91,1,2005-07-07,"13:48:33",2005-07-10,"09:54:33"
4246,1141,411,1,2005-07-07,"13:49:03",2005-07-09,"13:01:03"
4247,808,539,2,2005-07-07,"13:51:54",2005-07-10,"09:43:54"
4248,773,161,2,2005-07-07,"13:59:20",2005-07-14,"15:18:20"
4249,4185,111,2,2005-07-07,"14:05:17",2005-07-10,"09:21:17"
4250,2556,423,2,2005-07-07,"14:08:11",2005-07-13,"08:09:11"
4251,3541,367,2,2005-07-07,"14:11:55",2005-07-16,"14:01:55"
4252,474,154,1,2005-07-07,"14:13:05",2005-07-09,"14:17:05"
4253,3355,157,2,2005-07-07,"14:13:13",2005-07-16,"18:55:13"
4254,3957,529,2,2005-07-07,"14:13:52",2005-07-12,"10:39:52"
4255,749,10,1,2005-07-07,"14:14:13",2005-07-12,"18:32:13"
4256,1386,129,1,2005-07-07,"14:14:36",2005-07-10,"09:41:36"
4257,3927,553,1,2005-07-07,"14:18:41",2005-07-08,"14:58:41"
4258,1562,492,1,2005-07-07,"14:20:59",2005-07-16,"10:03:59"
4259,4378,467,1,2005-07-07,"14:22:18",2005-07-11,"19:38:18"
4260,4575,305,2,2005-07-07,"14:22:45",2005-07-08,"15:10:45"
4261,1405,496,1,2005-07-07,"14:23:56",2005-07-13,"15:26:56"
4262,3122,29,1,2005-07-07,"14:24:30",2005-07-14,"13:12:30"
4263,2975,16,1,2005-07-07,"14:24:44",2005-07-13,"18:22:44"
4264,3499,406,2,2005-07-07,"14:25:28",2005-07-08,"08:49:28"
4265,1685,69,2,2005-07-07,"14:27:51",2005-07-12,"19:55:51"
4266,1578,509,2,2005-07-07,"14:34:50",2005-07-08,"09:23:50"
4267,136,410,1,2005-07-07,"14:35:30",2005-07-11,"10:41:30"
4268,432,80,1,2005-07-07,"14:36:05",2005-07-16,"14:36:05"
4269,415,496,1,2005-07-07,"14:38:33",2005-07-09,"10:27:33"
4270,183,210,2,2005-07-07,"14:38:41",2005-07-10,"19:07:41"
4271,533,150,1,2005-07-07,"14:38:52",2005-07-15,"12:05:52"
4272,488,120,2,2005-07-07,"14:39:20",2005-07-13,"08:57:20"
4273,4163,159,2,2005-07-07,"14:40:22",2005-07-13,"09:58:22"
4274,787,26,1,2005-07-07,"14:42:04",2005-07-13,"20:23:04"
4275,1167,393,2,2005-07-07,"14:43:51",2005-07-15,"18:04:51"
4276,221,366,2,2005-07-07,"14:50:59",2005-07-09,"15:42:59"
4277,1983,106,1,2005-07-07,"14:52:12",2005-07-09,"13:10:12"
4278,3693,6,2,2005-07-07,"14:53:24",2005-07-13,"14:21:24"
4279,581,335,1,2005-07-07,"15:01:53",2005-07-08,"09:43:53"
4280,1115,593,1,2005-07-07,"15:09:31",2005-07-13,"14:47:31"
4281,1182,321,2,2005-07-07,"15:17:50",2005-07-08,"11:42:50"
4282,3134,25,1,2005-07-07,"15:26:31",2005-07-11,"14:27:31"
4283,2807,477,1,2005-07-07,"15:29:35",2005-07-11,"17:12:35"
4284,1313,521,2,2005-07-07,"15:31:57",2005-07-09,"10:20:57"
4285,511,308,2,2005-07-07,"15:34:35",2005-07-15,"09:43:35"
4286,4496,111,2,2005-07-07,"15:36:44",2005-07-11,"13:04:44"
4287,3558,94,2,2005-07-07,"15:37:31",2005-07-16,"19:59:31"
4288,1508,64,2,2005-07-07,"15:38:25",2005-07-13,"16:23:25"
4289,3172,231,2,2005-07-07,"15:45:58",2005-07-09,"11:11:58"
4290,4174,277,1,2005-07-07,"15:47:10",2005-07-15,"15:03:10"
4291,2074,298,1,2005-07-07,"15:47:47",2005-07-10,"11:45:47"
4292,3084,401,1,2005-07-07,"15:48:38",2005-07-15,"17:53:38"
4293,984,221,1,2005-07-07,"15:53:47",2005-07-10,"18:11:47"
4294,2845,41,2,2005-07-07,"15:56:23",2005-07-15,"14:50:23"
4295,2490,319,2,2005-07-07,"16:08:51",2005-07-13,"13:06:51"
4296,977,407,2,2005-07-07,"16:16:03",2005-07-08,"20:16:03"
4297,882,141,2,2005-07-07,"16:24:09",2005-07-13,"15:08:09"
4298,1055,560,1,2005-07-07,"16:27:25",2005-07-12,"18:20:25"
4299,870,80,1,2005-07-07,"16:33:48",2005-07-16,"11:48:48"
4300,1189,38,2,2005-07-07,"16:36:16",2005-07-10,"13:59:16"
4301,1630,440,2,2005-07-07,"16:37:23",2005-07-11,"18:05:23"
4302,3669,332,2,2005-07-07,"16:47:53",2005-07-16,"22:22:53"
4303,818,108,2,2005-07-07,"16:57:32",2005-07-14,"17:42:32"
4304,3382,165,2,2005-07-07,"17:01:19",2005-07-12,"22:47:19"
4305,3926,240,2,2005-07-07,"17:07:11",2005-07-08,"16:15:11"
4306,1219,210,2,2005-07-07,"17:12:32",2005-07-16,"11:24:32"
4307,2827,394,1,2005-07-07,"17:20:39",2005-07-16,"14:42:39"
4308,1482,168,1,2005-07-07,"17:29:16",2005-07-11,"21:47:16"
4309,3549,209,2,2005-07-07,"17:29:41",2005-07-14,"22:22:41"
4310,3842,390,2,2005-07-07,"17:30:56",2005-07-12,"13:19:56"
4311,2985,498,2,2005-07-07,"17:31:14",2005-07-11,"19:21:14"
4312,3870,97,2,2005-07-07,"17:34:59",2005-07-09,"17:45:59"
4313,91,29,1,2005-07-07,"17:36:56",2005-07-13,"12:00:56"
4314,539,184,1,2005-07-07,"17:38:31",2005-07-09,"20:24:31"
4315,1472,195,2,2005-07-07,"17:40:26",2005-07-09,"22:58:26"
4316,517,301,2,2005-07-07,"17:44:22",2005-07-14,"15:12:22"
4317,2234,110,2,2005-07-07,"17:44:49",2005-07-08,"21:48:49"
4318,1607,321,2,2005-07-07,"17:47:50",2005-07-14,"12:15:50"
4319,3389,25,2,2005-07-07,"17:50:27",2005-07-10,"13:53:27"
4320,3437,376,1,2005-07-07,"17:51:59",2005-07-13,"18:39:59"
4321,612,91,1,2005-07-07,"17:52:38",2005-07-11,"23:37:38"
4322,1522,568,1,2005-07-07,"17:54:37",2005-07-14,"13:56:37"
4323,1287,336,2,2005-07-07,"17:55:53",2005-07-13,"16:43:53"
4324,952,226,1,2005-07-07,"17:57:56",2005-07-13,"22:34:56"
4325,3728,373,2,2005-07-07,"17:59:24",2005-07-16,"17:10:24"
4326,4037,331,1,2005-07-07,"18:01:22",2005-07-16,"15:45:22"
4327,860,73,1,2005-07-07,"18:01:39",2005-07-12,"22:40:39"
4328,2174,264,1,2005-07-07,"18:03:17",2005-07-14,"16:14:17"
4329,638,504,2,2005-07-07,"18:04:16",2005-07-15,"17:58:16"
4330,2408,408,1,2005-07-07,"18:09:41",2005-07-14,"22:05:41"
4331,419,535,1,2005-07-07,"18:22:30",2005-07-13,"18:20:30"
4332,1714,137,1,2005-07-07,"18:25:26",2005-07-16,"15:05:26"
4333,76,113,1,2005-07-07,"18:31:50",2005-07-08,"21:26:50"
4334,3021,210,1,2005-07-07,"18:32:04",2005-07-08,"16:19:04"
4335,1332,375,1,2005-07-07,"18:33:57",2005-07-11,"13:23:57"
4336,482,532,2,2005-07-07,"18:34:36",2005-07-10,"17:58:36"
4337,2313,464,2,2005-07-07,"18:36:37",2005-07-14,"14:59:37"
4338,3152,581,1,2005-07-07,"18:39:56",2005-07-12,"21:03:56"
4339,3215,130,1,2005-07-07,"18:41:42",2005-07-08,"13:00:42"
4340,3919,227,1,2005-07-07,"18:41:46",2005-07-16,"21:27:46"
4341,4523,124,1,2005-07-07,"18:44:23",2005-07-15,"18:13:23"
4342,1355,120,2,2005-07-07,"18:47:03",2005-07-09,"21:59:03"
4343,1926,293,1,2005-07-07,"18:48:54",2005-07-12,"15:19:54"
4344,1185,99,2,2005-07-07,"18:50:47",2005-07-12,"16:38:47"
4345,2235,225,2,2005-07-07,"18:52:57",2005-07-15,"21:24:57"
4346,1906,520,1,2005-07-07,"18:58:45",2005-07-10,"16:37:45"
4347,1964,344,2,2005-07-07,"18:58:57",2005-07-14,"16:35:57"
4348,1948,452,2,2005-07-07,"19:02:05",2005-07-09,"20:51:05"
4349,3430,182,2,2005-07-07,"19:02:37",2005-07-09,"17:25:37"
4350,2223,299,1,2005-07-07,"19:02:41",2005-07-09,"15:27:41"
4351,3567,382,2,2005-07-07,"19:04:24",2005-07-14,"00:03:24"
4352,2636,249,2,2005-07-07,"19:15:58",2005-07-16,"20:22:58"
4353,368,452,1,2005-07-07,"19:19:05",2005-07-13,"13:40:05"
4354,4423,208,2,2005-07-07,"19:21:02",2005-07-15,"17:03:02"
4355,4557,438,2,2005-07-07,"19:21:19",2005-07-09,"00:55:19"
4356,1907,318,1,2005-07-07,"19:21:22",2005-07-16,"15:57:22"
4357,3413,103,1,2005-07-07,"19:24:39",2005-07-12,"00:11:39"
4358,3136,446,1,2005-07-07,"19:27:04",2005-07-14,"23:46:04"
4359,3222,282,1,2005-07-07,"19:30:20",2005-07-09,"13:34:20"
4360,1811,92,2,2005-07-07,"19:31:12",2005-07-10,"23:11:12"
4361,116,425,1,2005-07-07,"19:33:23",2005-07-12,"22:36:23"
4362,3759,425,1,2005-07-07,"19:35:30",2005-07-14,"14:59:30"
4363,3202,168,2,2005-07-07,"19:43:28",2005-07-13,"00:15:28"
4364,10,145,1,2005-07-07,"19:46:51",2005-07-08,"21:55:51"
4365,3207,442,2,2005-07-07,"19:47:46",2005-07-08,"23:21:46"
4366,2961,524,1,2005-07-07,"19:48:36",2005-07-14,"01:14:36"
4367,4529,48,2,2005-07-07,"19:52:01",2005-07-13,"19:41:01"
4368,736,324,1,2005-07-07,"19:55:19",2005-07-09,"00:11:19"
4369,3552,517,2,2005-07-07,"20:01:38",2005-07-13,"01:19:38"
4370,1591,559,1,2005-07-07,"20:05:36",2005-07-16,"23:58:36"
4371,2533,90,1,2005-07-07,"20:06:45",2005-07-08,"18:50:45"
4372,2207,252,1,2005-07-07,"20:09:01",2005-07-09,"18:24:01"
4373,3593,470,2,2005-07-07,"20:10:59",2005-07-12,"21:30:59"
4374,4377,517,2,2005-07-07,"20:13:58",2005-07-11,"18:11:58"
4375,3035,560,2,2005-07-07,"20:20:29",2005-07-16,"19:29:29"
4376,1344,151,1,2005-07-07,"20:24:33",2005-07-11,"18:32:33"
4377,3294,205,2,2005-07-07,"20:28:57",2005-07-16,"02:13:57"
4378,1244,24,2,2005-07-07,"20:29:08",2005-07-12,"19:17:08"
4379,2773,316,2,2005-07-07,"20:32:30",2005-07-11,"20:40:30"
4380,3164,353,1,2005-07-07,"20:35:00",2005-07-14,"17:06:00"
4381,3727,486,1,2005-07-07,"20:37:53",2005-07-10,"16:54:53"
4382,657,26,1,2005-07-07,"20:41:03",2005-07-14,"15:15:03"
4383,2649,591,2,2005-07-07,"20:45:51",2005-07-17,"00:52:51"
4384,1178,59,1,2005-07-07,"20:46:45",2005-07-16,"21:54:45"
4385,849,564,2,2005-07-07,"20:48:38",2005-07-11,"17:03:38"
4386,499,314,1,2005-07-07,"20:55:19",2005-07-10,"21:51:19"
4387,591,335,1,2005-07-07,"20:56:47",2005-07-16,"00:51:47"
4388,3150,210,2,2005-07-07,"20:58:03",2005-07-16,"20:05:03"
4389,1672,166,2,2005-07-07,"20:58:58",2005-07-13,"19:57:58"
4390,6,44,2,2005-07-07,"20:59:06",2005-07-09,"00:04:06"
4391,2135,42,1,2005-07-07,"21:09:38",2005-07-09,"17:35:38"
4392,4236,491,1,2005-07-07,"21:11:02",2005-07-13,"21:52:02"
4393,4034,395,2,2005-07-07,"21:12:36",2005-07-09,"22:41:36"
4394,563,156,2,2005-07-07,"21:12:45",2005-07-16,"18:24:45"
4395,360,544,2,2005-07-07,"21:13:22",2005-07-08,"22:59:22"
4396,750,275,1,2005-07-07,"21:14:19",2005-07-10,"19:22:19"
4397,3085,494,2,2005-07-07,"21:14:54",2005-07-13,"19:24:54"
4398,3628,426,1,2005-07-07,"21:18:44",2005-07-10,"22:45:44"
4399,4515,402,2,2005-07-07,"21:20:28",2005-07-12,"20:57:28"
4400,49,370,2,2005-07-07,"21:22:26",2005-07-16,"00:59:26"
4401,2725,405,2,2005-07-07,"21:26:27",2005-07-12,"17:18:27"
4402,1198,26,1,2005-07-07,"21:28:46",2005-07-08,"17:04:46"
4403,3973,447,1,2005-07-07,"21:29:40",2005-07-09,"17:58:40"
4404,944,25,1,2005-07-07,"21:31:53",2005-07-13,"19:00:53"
4405,2102,145,2,2005-07-07,"21:33:16",2005-07-15,"00:33:16"
4406,438,448,2,2005-07-07,"21:35:16",2005-07-15,"16:13:16"
4407,267,20,1,2005-07-07,"21:39:45",2005-07-11,"23:40:45"
4408,2482,258,1,2005-07-07,"21:41:06",2005-07-11,"00:32:06"
4409,3153,8,2,2005-07-07,"21:47:29",2005-07-11,"20:14:29"
4410,2754,584,1,2005-07-07,"21:48:16",2005-07-09,"03:15:16"
4411,320,224,2,2005-07-07,"21:54:58",2005-07-14,"16:14:58"
4412,1181,282,1,2005-07-07,"21:56:53",2005-07-11,"19:28:53"
4413,1062,565,2,2005-07-07,"22:00:04",2005-07-10,"18:20:04"
4414,991,434,1,2005-07-07,"22:00:21",2005-07-12,"02:51:21"
4415,1403,329,2,2005-07-07,"22:01:43",2005-07-13,"03:09:43"
4416,1247,290,2,2005-07-07,"22:04:36",2005-07-09,"02:44:36"
4417,743,452,2,2005-07-07,"22:05:05",2005-07-09,"16:16:05"
4418,4368,417,1,2005-07-07,"22:05:30",2005-07-11,"18:42:30"
4419,783,39,1,2005-07-07,"22:06:24",2005-07-15,"23:59:24"
4420,4427,346,2,2005-07-07,"22:07:31",2005-07-12,"19:14:31"
4421,4103,417,1,2005-07-07,"22:07:55",2005-07-16,"20:21:55"
4422,1741,345,1,2005-07-07,"22:09:45",2005-07-10,"01:43:45"
4423,2721,526,2,2005-07-07,"22:11:28",2005-07-14,"18:49:28"
4424,662,384,1,2005-07-07,"22:14:43",2005-07-11,"01:17:43"
4425,877,345,2,2005-07-07,"22:22:44",2005-07-08,"22:23:44"
4426,364,242,1,2005-07-07,"22:28:32",2005-07-16,"02:04:32"
4427,1021,69,2,2005-07-07,"22:28:51",2005-07-11,"21:37:51"
4428,2575,181,2,2005-07-07,"22:29:40",2005-07-11,"02:46:40"
4429,2949,187,2,2005-07-07,"22:32:47",2005-07-15,"03:10:47"
4430,3436,278,1,2005-07-07,"22:35:24",2005-07-14,"23:49:24"
4431,936,26,1,2005-07-07,"22:39:02",2005-07-16,"19:24:02"
4432,2779,295,1,2005-07-07,"22:40:02",2005-07-15,"01:46:02"
4433,88,449,2,2005-07-07,"22:45:41",2005-07-16,"23:30:41"
4434,1801,32,1,2005-07-07,"22:48:34",2005-07-09,"18:55:34"
4435,3815,157,2,2005-07-07,"22:51:04",2005-07-14,"23:15:04"
4436,4326,563,1,2005-07-07,"22:52:04",2005-07-10,"04:51:04"
4437,3578,414,1,2005-07-07,"22:55:41",2005-07-13,"19:40:41"
4438,4371,104,1,2005-07-07,"22:56:17",2005-07-16,"17:28:17"
4439,2393,521,1,2005-07-07,"22:57:30",2005-07-10,"18:28:30"
4440,1236,507,2,2005-07-07,"23:00:58",2005-07-08,"21:31:58"
4441,3680,211,1,2005-07-07,"23:04:23",2005-07-13,"19:07:23"
4442,461,123,2,2005-07-07,"23:05:30",2005-07-13,"22:20:30"
4443,72,389,1,2005-07-07,"23:05:53",2005-07-16,"01:46:53"
4444,764,529,2,2005-07-07,"23:07:44",2005-07-14,"02:51:44"
4445,3328,327,1,2005-07-07,"23:08:22",2005-07-16,"03:49:22"
4446,2629,438,1,2005-07-07,"23:12:16",2005-07-13,"19:42:16"
4447,404,549,2,2005-07-07,"23:15:28",2005-07-14,"22:53:28"
4448,2768,536,1,2005-07-07,"23:17:12",2005-07-13,"18:26:12"
4449,2813,354,2,2005-07-07,"23:18:58",2005-07-15,"20:40:58"
4450,1252,345,2,2005-07-07,"23:20:05",2005-07-13,"19:50:05"
4451,179,85,2,2005-07-07,"23:29:54",2005-07-10,"23:29:54"
4452,2414,460,1,2005-07-07,"23:31:54",2005-07-14,"04:05:54"
4453,89,560,2,2005-07-07,"23:32:39",2005-07-12,"01:38:39"
4454,1395,9,1,2005-07-07,"23:37:00",2005-07-11,"02:30:00"
4455,1396,507,2,2005-07-07,"23:43:46",2005-07-08,"21:34:46"
4456,3395,421,2,2005-07-07,"23:45:21",2005-07-13,"23:03:21"
4457,407,567,1,2005-07-07,"23:45:38",2005-07-09,"20:02:38"
4458,1307,229,2,2005-07-07,"23:47:47",2005-07-09,"19:17:47"
4459,3987,227,2,2005-07-07,"23:48:52",2005-07-13,"19:37:52"
4460,4121,592,1,2005-07-07,"23:50:14",2005-07-09,"21:55:14"
4461,3656,286,2,2005-07-07,"23:59:43",2005-07-16,"19:44:43"
4462,4120,257,2,2005-07-08,"00:02:49",2005-07-15,"20:48:49"
4463,4356,422,1,2005-07-08,"00:04:59",2005-07-16,"01:19:59"
4464,4484,583,2,2005-07-08,"00:07:18",2005-07-08,"22:14:18"
4465,2877,329,2,2005-07-08,"00:07:45",2005-07-13,"18:08:45"
4466,3320,304,2,2005-07-08,"00:12:53",2005-07-17,"03:49:53"
4467,4466,339,1,2005-07-08,"00:13:52",2005-07-09,"00:52:52"
4468,3302,170,2,2005-07-08,"00:17:59",2005-07-12,"05:51:59"
4469,2173,192,2,2005-07-08,"00:18:32",2005-07-12,"21:17:32"
4470,3605,145,1,2005-07-08,"00:20:57",2005-07-10,"02:31:57"
4471,263,30,2,2005-07-08,"00:21:29",2005-07-11,"18:48:29"
4472,2089,343,1,2005-07-08,"00:22:06",2005-07-16,"20:16:06"
4473,1387,481,1,2005-07-08,"00:22:10",2005-07-09,"21:11:10"
4474,4474,137,1,2005-07-08,"00:26:56",2005-07-12,"23:07:56"
4475,3466,340,1,2005-07-08,"00:27:30",2005-07-09,"05:39:30"
4476,395,279,1,2005-07-08,"00:34:25",2005-07-08,"22:55:25"
4477,1602,552,1,2005-07-08,"00:38:24",2005-07-13,"05:14:24"
4478,1764,357,2,2005-07-08,"00:39:08",2005-07-11,"21:57:08"
4479,3516,211,2,2005-07-08,"00:52:35",2005-07-09,"20:19:35"
4480,4457,296,2,2005-07-08,"00:56:30",2005-07-10,"20:52:30"
4481,1669,474,2,2005-07-08,"00:58:15",2005-07-11,"23:22:15"
4482,3500,511,1,2005-07-08,"01:01:18",2005-07-11,"01:18:18"
4483,1222,425,1,2005-07-08,"01:03:12",2005-07-17,"00:20:12"
4484,2867,306,2,2005-07-08,"01:05:57",2005-07-16,"00:41:57"
4485,2614,130,2,2005-07-08,"01:07:54",2005-07-16,"03:19:54"
4486,837,197,1,2005-07-08,"01:09:09",2005-07-16,"23:40:09"
4487,2220,360,2,2005-07-08,"01:20:22",2005-07-16,"21:23:22"
4488,2108,89,1,2005-07-08,"01:22:23",2005-07-13,"21:17:23"
4489,4306,259,2,2005-07-08,"01:23:58",2005-07-09,"01:35:58"
4490,2690,161,1,2005-07-08,"01:26:32",2005-07-09,"01:13:32"
4491,1168,413,1,2005-07-08,"01:30:46",2005-07-11,"03:12:46"
4492,1152,247,1,2005-07-08,"01:32:04",2005-07-10,"22:11:04"
4493,1369,167,2,2005-07-08,"01:40:24",2005-07-09,"02:17:24"
4494,1655,349,2,2005-07-08,"01:42:45",2005-07-16,"22:29:45"
4495,3515,404,1,2005-07-08,"01:43:46",2005-07-10,"07:38:46"
4496,150,578,2,2005-07-08,"01:44:19",2005-07-08,"20:34:19"
4497,1995,142,1,2005-07-08,"01:51:32",2005-07-15,"22:56:32"
4498,4299,43,2,2005-07-08,"02:07:50",2005-07-12,"23:54:50"
4499,851,199,2,2005-07-08,"02:08:48",2005-07-10,"07:06:48"
4500,398,462,2,2005-07-08,"02:10:01",2005-07-15,"05:49:01"
4501,1412,262,2,2005-07-08,"02:12:00",2005-07-10,"02:16:00"
4502,225,470,2,2005-07-08,"02:12:04",2005-07-15,"02:19:04"
4503,1503,8,1,2005-07-08,"02:17:12",2005-07-13,"08:12:12"
4504,361,422,1,2005-07-08,"02:19:27",2005-07-12,"21:15:27"
4505,1864,481,2,2005-07-08,"02:20:04",2005-07-14,"20:28:04"
4506,1484,133,2,2005-07-08,"02:22:18",2005-07-13,"04:54:18"
4507,819,505,1,2005-07-08,"02:22:45",2005-07-14,"20:53:45"
4508,3996,97,1,2005-07-08,"02:28:41",2005-07-16,"23:59:41"
4509,1760,230,2,2005-07-08,"02:32:38",2005-07-14,"01:05:38"
4510,1085,27,2,2005-07-08,"02:34:51",2005-07-17,"06:03:51"
4511,4438,75,1,2005-07-08,"02:36:21",2005-07-15,"06:01:21"
4512,1569,424,1,2005-07-08,"02:38:56",2005-07-10,"20:46:56"
4513,3704,182,2,2005-07-08,"02:39:59",2005-07-14,"07:48:59"
4514,1938,576,1,2005-07-08,"02:41:25",2005-07-15,"06:17:25"
4515,1998,229,2,2005-07-08,"02:42:03",2005-07-10,"07:22:03"
4516,2314,497,1,2005-07-08,"02:43:41",2005-07-14,"02:20:41"
4517,453,16,2,2005-07-08,"02:45:19",2005-07-12,"03:04:19"
4518,697,592,2,2005-07-08,"02:48:36",2005-07-13,"04:53:36"
4519,4425,459,2,2005-07-08,"02:51:23",2005-07-12,"06:52:23"
4520,3505,104,2,2005-07-08,"02:53:46",2005-07-08,"22:27:46"
4521,2652,327,2,2005-07-08,"02:57:56",2005-07-11,"22:49:56"
4522,4114,307,1,2005-07-08,"03:03:12",2005-07-10,"04:49:12"
4523,2785,347,1,2005-07-08,"03:06:59",2005-07-17,"04:44:59"
4524,2218,185,2,2005-07-08,"03:10:48",2005-07-09,"07:49:48"
4525,3631,458,1,2005-07-08,"03:15:00",2005-07-11,"04:53:00"
4526,1443,1,2,2005-07-08,"03:17:05",2005-07-14,"01:19:05"
4527,2263,468,1,2005-07-08,"03:20:10",2005-07-15,"02:21:10"
4528,3209,439,2,2005-07-08,"03:24:54",2005-07-09,"03:50:54"
4529,1361,104,1,2005-07-08,"03:26:20",2005-07-16,"05:04:20"
4530,3775,79,1,2005-07-08,"03:27:05",2005-07-11,"07:44:05"
4531,3108,142,1,2005-07-08,"03:27:59",2005-07-10,"22:48:59"
4532,4012,481,1,2005-07-08,"03:30:39",2005-07-11,"21:49:39"
4533,1105,474,1,2005-07-08,"03:32:01",2005-07-10,"21:57:01"
4534,2518,132,2,2005-07-08,"03:36:55",2005-07-16,"00:49:55"
4535,561,29,2,2005-07-08,"03:40:46",2005-07-13,"06:53:46"
4536,220,26,1,2005-07-08,"03:43:22",2005-07-15,"08:44:22"
4537,1305,448,2,2005-07-08,"03:48:40",2005-07-13,"22:54:40"
4538,3638,451,1,2005-07-08,"03:56:29",2005-07-15,"08:24:29"
4539,2450,264,1,2005-07-08,"04:01:02",2005-07-14,"22:32:02"
4540,4160,309,2,2005-07-08,"04:03:28",2005-07-13,"03:31:28"
4541,1976,248,2,2005-07-08,"04:04:19",2005-07-13,"07:27:19"
4542,4169,293,2,2005-07-08,"04:06:30",2005-07-16,"06:54:30"
4543,913,41,2,2005-07-08,"04:06:55",2005-07-12,"23:17:55"
4544,4471,351,1,2005-07-08,"04:11:04",2005-07-09,"22:48:04"
4545,3658,271,1,2005-07-08,"04:17:47",2005-07-13,"07:19:47"
4546,4507,393,1,2005-07-08,"04:18:36",2005-07-17,"08:23:36"
4547,3386,255,2,2005-07-08,"04:20:19",2005-07-09,"00:28:19"
4548,765,164,2,2005-07-08,"04:21:54",2005-07-14,"23:16:54"
4549,2797,98,2,2005-07-08,"04:25:03",2005-07-10,"09:01:03"
4550,615,409,2,2005-07-08,"04:34:00",2005-07-14,"23:45:00"
4551,1160,494,2,2005-07-08,"04:36:21",2005-07-17,"10:23:21"
4552,2549,313,2,2005-07-08,"04:36:35",2005-07-14,"05:48:35"
4553,2114,529,1,2005-07-08,"04:43:41",2005-07-09,"23:55:41"
4554,3878,376,1,2005-07-08,"04:48:03",2005-07-16,"04:34:03"
4555,1757,68,1,2005-07-08,"04:48:36",2005-07-17,"07:57:36"
4556,4099,348,2,2005-07-08,"04:48:41",2005-07-16,"08:51:41"
4557,1191,132,2,2005-07-08,"04:49:15",2005-07-14,"00:00:15"
4558,828,448,2,2005-07-08,"04:55:26",2005-07-09,"10:53:26"
4559,1911,424,2,2005-07-08,"04:56:49",2005-07-12,"08:56:49"
4560,303,36,1,2005-07-08,"04:58:48",2005-07-10,"04:27:48"
4561,1643,500,1,2005-07-08,"05:02:43",2005-07-11,"04:56:43"
4562,963,454,2,2005-07-08,"05:08:32",2005-07-12,"08:16:32"
4563,287,522,2,2005-07-08,"05:08:55",2005-07-16,"05:44:55"
4564,2494,519,2,2005-07-08,"05:09:38",2005-07-11,"05:37:38"
4565,3755,563,2,2005-07-08,"05:12:28",2005-07-17,"03:38:28"
4566,4302,133,1,2005-07-08,"05:18:50",2005-07-15,"01:53:50"
4567,4073,202,1,2005-07-08,"05:20:04",2005-07-10,"01:35:04"
4568,2626,122,1,2005-07-08,"05:23:59",2005-07-09,"06:07:59"
4569,2925,366,2,2005-07-08,"05:30:51",2005-07-14,"04:14:51"
4570,2612,503,1,2005-07-08,"05:33:59",2005-07-14,"09:27:59"
4571,2416,86,1,2005-07-08,"05:34:41",2005-07-17,"02:15:41"
4572,1324,323,2,2005-07-08,"05:36:59",2005-07-12,"04:46:59"
4573,2478,400,1,2005-07-08,"05:38:46",2005-07-15,"07:07:46"
4574,536,257,2,2005-07-08,"05:39:42",2005-07-08,"23:44:42"
4575,231,41,2,2005-07-08,"05:49:14",2005-07-11,"04:08:14"
4576,1920,567,1,2005-07-08,"05:51:19",2005-07-10,"11:36:19"
4577,1688,442,2,2005-07-08,"05:59:00",2005-07-16,"06:23:00"
4578,1533,497,2,2005-07-08,"06:00:17",2005-07-10,"06:58:17"
4579,4290,585,1,2005-07-08,"06:01:56",2005-07-13,"11:24:56"
4580,3512,199,2,2005-07-08,"06:04:23",2005-07-15,"05:42:23"
4581,887,591,1,2005-07-08,"06:05:06",2005-07-16,"00:54:06"
4582,688,274,1,2005-07-08,"06:09:09",2005-07-14,"02:23:09"
4583,4151,365,1,2005-07-08,"06:09:44",2005-07-12,"03:44:44"
4584,2322,368,1,2005-07-08,"06:11:02",2005-07-11,"05:14:02"
4585,1622,143,1,2005-07-08,"06:11:58",2005-07-17,"01:58:58"
4586,1374,461,2,2005-07-08,"06:12:33",2005-07-13,"11:06:33"
4587,3502,63,1,2005-07-08,"06:16:26",2005-07-13,"00:59:26"
4588,3629,198,1,2005-07-08,"06:18:01",2005-07-10,"08:59:01"
4589,1192,99,2,2005-07-08,"06:26:04",2005-07-09,"10:31:04"
4590,4233,580,1,2005-07-08,"06:27:48",2005-07-14,"07:46:48"
4591,2276,182,1,2005-07-08,"06:29:43",2005-07-17,"07:20:43"
4592,2141,235,2,2005-07-08,"06:31:28",2005-07-10,"06:08:28"
4593,2897,528,2,2005-07-08,"06:38:12",2005-07-16,"10:48:12"
4594,26,506,2,2005-07-08,"06:40:06",2005-07-16,"05:51:06"
4595,760,336,1,2005-07-08,"06:40:25",2005-07-14,"08:54:25"
4596,2280,306,1,2005-07-08,"06:41:25",2005-07-14,"01:36:25"
4597,3767,545,1,2005-07-08,"06:43:42",2005-07-13,"01:32:42"
4598,258,82,1,2005-07-08,"06:46:26",2005-07-16,"01:21:26"
4599,2098,356,1,2005-07-08,"06:48:26",2005-07-11,"07:06:26"
4600,1526,457,1,2005-07-08,"06:48:37",2005-07-15,"10:11:37"
4601,3184,572,1,2005-07-08,"06:49:10",2005-07-09,"07:43:10"
4602,3616,129,1,2005-07-08,"06:52:40",2005-07-10,"06:30:40"
4603,755,334,1,2005-07-08,"06:57:07",2005-07-17,"04:32:07"
4604,4230,402,1,2005-07-08,"06:58:43",2005-07-14,"06:41:43"
4605,1139,523,1,2005-07-08,"07:00:14",2005-07-16,"08:38:14"
4606,1946,502,2,2005-07-08,"07:05:50",2005-07-16,"09:11:50"
4607,1193,281,1,2005-07-08,"07:15:14",2005-07-11,"01:32:14"
4608,758,11,1,2005-07-08,"07:19:11",2005-07-11,"01:37:11"
4609,3711,573,1,2005-07-08,"07:22:29",2005-07-10,"08:06:29"
4610,1279,265,1,2005-07-08,"07:28:05",2005-07-14,"02:10:05"
4611,3486,1,2,2005-07-08,"07:33:56",2005-07-12,"13:25:56"
4612,82,371,1,2005-07-08,"07:40:44",2005-07-12,"03:48:44"
4613,476,581,1,2005-07-08,"07:44:49",2005-07-09,"04:47:49"
4614,2579,71,2,2005-07-08,"07:45:17",2005-07-12,"02:10:17"
4615,1200,404,2,2005-07-08,"07:46:53",2005-07-16,"12:43:53"
4616,2580,280,2,2005-07-08,"07:48:12",2005-07-10,"08:13:12"
4617,3784,475,2,2005-07-08,"07:55:08",2005-07-17,"02:49:08"
4618,3691,179,1,2005-07-08,"08:00:20",2005-07-14,"05:59:20"
4619,2127,579,2,2005-07-08,"08:01:09",2005-07-16,"05:52:09"
4620,3467,210,2,2005-07-08,"08:01:44",2005-07-16,"07:43:44"
4621,1594,297,2,2005-07-08,"08:02:18",2005-07-12,"08:53:18"
4622,2710,289,2,2005-07-08,"08:02:42",2005-07-10,"07:46:42"
4623,4171,593,2,2005-07-08,"08:03:22",2005-07-12,"09:11:22"
4624,1548,341,2,2005-07-08,"08:12:17",2005-07-15,"12:24:17"
4625,318,473,1,2005-07-08,"08:14:26",2005-07-09,"03:45:26"
4626,37,268,1,2005-07-08,"08:18:21",2005-07-10,"11:36:21"
4627,2383,78,2,2005-07-08,"08:24:39",2005-07-13,"11:04:39"
4628,1888,540,1,2005-07-08,"08:25:52",2005-07-10,"11:22:52"
4629,228,563,1,2005-07-08,"08:31:26",2005-07-17,"12:07:26"
4630,3446,319,2,2005-07-08,"08:33:38",2005-07-09,"13:09:38"
4631,470,59,2,2005-07-08,"08:38:22",2005-07-11,"03:33:22"
4632,4330,393,1,2005-07-08,"08:38:57",2005-07-15,"09:33:57"
4633,3178,348,1,2005-07-08,"08:39:39",2005-07-15,"10:23:39"
4634,811,275,2,2005-07-08,"08:40:02",2005-07-12,"04:45:02"
4635,2434,65,1,2005-07-08,"08:42:40",2005-07-14,"10:31:40"
4636,1858,228,2,2005-07-08,"08:44:32",2005-07-10,"08:59:32"
4637,1917,263,2,2005-07-08,"08:49:54",2005-07-11,"13:12:54"
4638,2240,305,2,2005-07-08,"08:57:20",2005-07-10,"05:08:20"
4639,2459,75,2,2005-07-08,"08:57:21",2005-07-14,"11:22:21"
4640,1147,506,1,2005-07-08,"08:59:34",2005-07-15,"03:31:34"
4641,2436,26,2,2005-07-08,"09:09:46",2005-07-17,"03:54:46"
4642,1962,30,2,2005-07-08,"09:13:28",2005-07-10,"06:17:28"
4643,239,436,2,2005-07-08,"09:13:56",2005-07-10,"12:09:56"
4644,3239,38,2,2005-07-08,"09:14:29",2005-07-10,"07:20:29"
4645,687,400,2,2005-07-08,"09:20:09",2005-07-09,"06:07:09"
4646,618,362,1,2005-07-08,"09:23:26",2005-07-16,"04:03:26"
4647,674,312,2,2005-07-08,"09:27:36",2005-07-16,"14:56:36"
4648,3490,444,2,2005-07-08,"09:31:27",2005-07-13,"03:55:27"
4649,1116,221,2,2005-07-08,"09:32:05",2005-07-15,"08:37:05"
4650,2850,108,1,2005-07-08,"09:32:08",2005-07-15,"15:20:08"
4651,4064,557,2,2005-07-08,"09:39:39",2005-07-09,"12:14:39"
4652,4198,127,2,2005-07-08,"09:47:51",2005-07-16,"04:09:51"
4653,2511,404,1,2005-07-08,"09:48:01",2005-07-17,"05:18:01"
4654,4210,434,1,2005-07-08,"09:48:03",2005-07-17,"13:17:03"
4655,4078,213,1,2005-07-08,"09:49:22",2005-07-15,"13:08:22"
4656,839,141,1,2005-07-08,"09:50:10",2005-07-13,"15:00:10"
4657,1002,54,2,2005-07-08,"09:51:02",2005-07-09,"09:29:02"
4658,3131,166,2,2005-07-08,"09:51:11",2005-07-10,"12:30:11"
4659,4389,425,2,2005-07-08,"09:53:28",2005-07-14,"14:56:28"
4660,1208,139,2,2005-07-08,"09:54:47",2005-07-11,"15:19:47"
4661,2641,518,1,2005-07-08,"09:55:06",2005-07-11,"08:26:06"
4662,1370,553,1,2005-07-08,"09:58:54",2005-07-10,"12:51:54"
4663,2959,139,1,2005-07-08,"09:59:18",2005-07-10,"11:25:18"
4664,1318,546,2,2005-07-08,"10:01:28",2005-07-12,"10:37:28"
4665,575,106,1,2005-07-08,"10:04:24",2005-07-14,"15:13:24"
4666,4576,120,1,2005-07-08,"10:05:02",2005-07-16,"07:28:02"
4667,3348,485,1,2005-07-08,"10:06:26",2005-07-14,"04:48:26"
4668,3971,481,2,2005-07-08,"10:11:45",2005-07-17,"13:01:45"
4669,3494,581,1,2005-07-08,"10:13:08",2005-07-16,"07:52:08"
4670,3317,153,2,2005-07-08,"10:14:18",2005-07-16,"15:10:18"
4671,2139,55,2,2005-07-08,"10:15:32",2005-07-14,"08:19:32"
4672,1922,18,1,2005-07-08,"10:15:38",2005-07-16,"05:06:38"
4673,2792,91,2,2005-07-08,"10:16:00",2005-07-17,"10:03:00"
4674,1617,329,2,2005-07-08,"10:19:28",2005-07-12,"12:54:28"
4675,1309,380,1,2005-07-08,"10:24:22",2005-07-14,"11:09:22"
4676,2590,302,2,2005-07-08,"10:26:02",2005-07-10,"13:38:02"
4677,1226,258,1,2005-07-08,"10:30:36",2005-07-14,"12:40:36"
4678,241,219,1,2005-07-08,"10:30:40",2005-07-13,"11:08:40"
4679,3610,423,2,2005-07-08,"10:33:14",2005-07-15,"14:30:14"
4680,4043,227,1,2005-07-08,"10:35:28",2005-07-14,"08:42:28"
4681,1025,133,2,2005-07-08,"10:36:03",2005-07-16,"09:21:03"
4682,873,263,2,2005-07-08,"10:38:27",2005-07-11,"06:29:27"
4683,3464,283,1,2005-07-08,"10:38:28",2005-07-09,"12:07:28"
4684,503,585,1,2005-07-08,"10:41:06",2005-07-17,"10:35:06"
4685,602,590,1,2005-07-08,"10:45:13",2005-07-12,"08:29:13"
4686,1398,234,2,2005-07-08,"10:53:39",2005-07-10,"05:34:39"
4687,1156,169,2,2005-07-08,"10:54:19",2005-07-10,"08:00:19"
4688,3574,80,2,2005-07-08,"11:03:29",2005-07-17,"15:41:29"
4689,2519,364,2,2005-07-08,"11:03:47",2005-07-16,"06:07:47"
4690,3304,64,2,2005-07-08,"11:04:02",2005-07-15,"10:27:02"
4691,596,126,1,2005-07-08,"11:04:53",2005-07-09,"07:48:53"
4692,1490,288,1,2005-07-08,"11:07:06",2005-07-09,"14:08:06"
4693,1694,221,1,2005-07-08,"11:07:36",2005-07-14,"08:40:36"
4694,3637,229,2,2005-07-08,"11:07:37",2005-07-12,"06:53:37"
4695,805,39,1,2005-07-08,"11:07:59",2005-07-17,"16:35:59"
4696,1358,424,1,2005-07-08,"11:12:27",2005-07-14,"05:41:27"
4697,4143,224,2,2005-07-08,"11:19:14",2005-07-12,"07:14:14"
4698,3963,570,2,2005-07-08,"11:19:31",2005-07-13,"13:45:31"
4699,2462,348,2,2005-07-08,"11:36:56",2005-07-14,"11:35:56"
4700,3889,317,1,2005-07-08,"11:37:21",2005-07-12,"15:41:21"
4701,3012,522,2,2005-07-08,"11:38:48",2005-07-13,"15:59:48"
4702,2593,56,1,2005-07-08,"11:41:36",2005-07-10,"06:55:36"
4703,2859,544,1,2005-07-08,"11:44:56",2005-07-13,"09:17:56"
4704,2291,28,1,2005-07-08,"11:45:35",2005-07-10,"09:46:35"
4705,3709,85,2,2005-07-08,"11:50:38",2005-07-12,"15:58:38"
4706,2512,380,1,2005-07-08,"11:51:41",2005-07-17,"12:58:41"
4707,52,286,1,2005-07-08,"11:57:28",2005-07-10,"17:47:28"
4708,3249,212,2,2005-07-08,"11:59:19",2005-07-17,"07:11:19"
4709,3964,124,1,2005-07-08,"12:04:34",2005-07-15,"06:48:34"
4710,248,590,2,2005-07-08,"12:04:53",2005-07-13,"11:28:53"
4711,2327,563,1,2005-07-08,"12:06:58",2005-07-12,"08:37:58"
4712,2371,39,2,2005-07-08,"12:10:50",2005-07-17,"14:54:50"
4713,1399,207,1,2005-07-08,"12:12:33",2005-07-16,"17:13:33"
4714,1932,385,2,2005-07-08,"12:12:48",2005-07-17,"08:43:48"
4715,4010,276,2,2005-07-08,"12:15:37",2005-07-10,"10:37:37"
4716,1923,391,2,2005-07-08,"12:18:51",2005-07-11,"11:06:51"
4717,1491,453,2,2005-07-08,"12:22:43",2005-07-11,"10:24:43"
4718,1653,535,2,2005-07-08,"12:32:08",2005-07-17,"17:34:08"
4719,1315,556,1,2005-07-08,"12:33:00",2005-07-15,"12:30:00"
4720,2669,452,1,2005-07-08,"12:34:34",2005-07-09,"10:28:34"
4721,3105,234,1,2005-07-08,"12:39:31",2005-07-15,"18:07:31"
4722,3738,590,2,2005-07-08,"12:42:27",2005-07-09,"09:14:27"
4723,965,44,2,2005-07-08,"12:44:59",2005-07-17,"07:22:59"
4724,3375,18,1,2005-07-08,"12:46:30",2005-07-14,"12:39:30"
4725,2058,3,2,2005-07-08,"12:47:11",2005-07-15,"09:08:11"
4726,4369,144,2,2005-07-08,"12:50:54",2005-07-17,"07:09:54"
4727,1251,39,2,2005-07-08,"12:54:15",2005-07-17,"14:32:15"
4728,3687,462,1,2005-07-08,"12:59:01",2005-07-13,"13:00:01"
4729,1429,205,2,2005-07-08,"12:59:40",2005-07-10,"13:35:40"
4730,1619,126,2,2005-07-08,"12:59:49",2005-07-14,"16:15:49"
4731,4124,241,2,2005-07-08,"13:08:18",2005-07-09,"13:16:18"
4732,308,562,1,2005-07-08,"13:09:45",2005-07-14,"10:10:45"
4733,2230,93,1,2005-07-08,"13:12:07",2005-07-13,"07:34:07"
4734,1928,546,2,2005-07-08,"13:12:12",2005-07-10,"09:01:12"
4735,4324,381,2,2005-07-08,"13:12:27",2005-07-13,"10:06:27"
4736,3009,79,1,2005-07-08,"13:22:55",2005-07-17,"07:27:55"
4737,4286,116,1,2005-07-08,"13:23:53",2005-07-12,"18:49:53"
4738,2021,31,2,2005-07-08,"13:24:58",2005-07-17,"17:44:58"
4739,140,197,1,2005-07-08,"13:25:57",2005-07-11,"17:36:57"
4740,2559,379,1,2005-07-08,"13:30:35",2005-07-14,"18:43:35"
4741,516,260,2,2005-07-08,"13:31:23",2005-07-17,"12:02:23"
4742,3022,340,2,2005-07-08,"13:35:23",2005-07-11,"10:24:23"
4743,80,535,2,2005-07-08,"13:42:36",2005-07-11,"18:54:36"
4744,2948,507,2,2005-07-08,"13:43:57",2005-07-12,"09:21:57"
4745,1351,354,1,2005-07-08,"13:45:09",2005-07-12,"18:54:09"
4746,173,148,2,2005-07-08,"13:47:55",2005-07-11,"09:06:55"
4747,3942,383,2,2005-07-08,"13:53:01",2005-07-12,"17:10:01"
4748,4279,9,1,2005-07-08,"13:59:38",2005-07-15,"16:51:38"
4749,1190,236,2,2005-07-08,"14:05:58",2005-07-10,"18:35:58"
4750,3383,198,1,2005-07-08,"14:07:03",2005-07-13,"18:05:03"
4751,3469,436,2,2005-07-08,"14:07:52",2005-07-13,"10:37:52"
4752,3250,512,1,2005-07-08,"14:15:20",2005-07-12,"13:22:20"
4753,1642,391,2,2005-07-08,"14:18:41",2005-07-09,"10:00:41"
4754,3177,108,1,2005-07-08,"14:20:01",2005-07-11,"11:50:01"
4755,661,378,1,2005-07-08,"14:23:41",2005-07-10,"19:35:41"
4756,3068,351,1,2005-07-08,"14:24:00",2005-07-12,"16:16:00"
4757,1278,504,1,2005-07-08,"14:36:51",2005-07-12,"15:28:51"
4758,3698,288,2,2005-07-08,"14:38:02",2005-07-13,"12:09:02"
4759,3999,284,2,2005-07-08,"14:39:22",2005-07-17,"15:02:22"
4760,3718,177,2,2005-07-08,"14:48:07",2005-07-10,"12:41:07"
4761,3556,351,1,2005-07-08,"14:51:45",2005-07-14,"20:28:45"
4762,390,36,1,2005-07-08,"14:54:42",2005-07-12,"18:08:42"
4763,899,465,2,2005-07-08,"14:57:32",2005-07-15,"10:00:32"
4764,1188,89,1,2005-07-08,"15:01:25",2005-07-17,"15:16:25"
4765,469,437,1,2005-07-08,"15:08:45",2005-07-13,"10:44:45"
4766,1057,149,2,2005-07-08,"15:16:04",2005-07-15,"11:04:04"
4767,3744,350,1,2005-07-08,"15:18:53",2005-07-13,"15:48:53"
4768,2787,482,1,2005-07-08,"15:28:20",2005-07-09,"11:46:20"
4769,3462,501,2,2005-07-08,"15:29:16",2005-07-09,"18:42:16"
4770,2406,573,1,2005-07-08,"15:29:46",2005-07-14,"13:31:46"
4771,1060,32,1,2005-07-08,"15:33:32",2005-07-10,"12:38:32"
4772,2156,486,1,2005-07-08,"15:41:11",2005-07-17,"15:25:11"
4773,3025,519,1,2005-07-08,"15:41:39",2005-07-13,"18:16:39"
4774,673,489,2,2005-07-08,"15:42:28",2005-07-16,"18:29:28"
4775,4277,595,2,2005-07-08,"15:44:05",2005-07-11,"20:39:05"
4776,2598,563,2,2005-07-08,"15:44:20",2005-07-17,"10:50:20"
4777,449,102,1,2005-07-08,"15:48:34",2005-07-16,"15:25:34"
4778,611,78,2,2005-07-08,"15:51:51",2005-07-12,"16:58:51"
4779,1321,338,1,2005-07-08,"15:53:41",2005-07-15,"20:30:41"
4780,2740,115,1,2005-07-08,"16:06:51",2005-07-13,"18:34:51"
4781,1818,593,2,2005-07-08,"16:06:55",2005-07-16,"11:22:55"
4782,445,436,1,2005-07-08,"16:08:51",2005-07-17,"17:56:51"
4783,3952,214,2,2005-07-08,"16:09:24",2005-07-16,"21:53:24"
4784,549,182,1,2005-07-08,"16:09:56",2005-07-09,"20:35:56"
4785,58,474,1,2005-07-08,"16:10:19",2005-07-11,"18:52:19"
4786,2724,294,1,2005-07-08,"16:13:05",2005-07-16,"15:29:05"
4787,3929,7,2,2005-07-08,"16:16:04",2005-07-14,"18:02:04"
4788,691,533,2,2005-07-08,"16:17:35",2005-07-11,"11:56:35"
4789,20,73,2,2005-07-08,"16:22:01",2005-07-15,"18:29:01"
4790,100,500,1,2005-07-08,"16:25:27",2005-07-11,"11:35:27"
4791,2505,393,2,2005-07-08,"16:27:24",2005-07-14,"21:50:24"
4792,2132,147,2,2005-07-08,"16:29:38",2005-07-10,"16:31:38"
4793,3090,427,1,2005-07-08,"16:30:01",2005-07-15,"17:56:01"
4794,2497,451,2,2005-07-08,"16:30:11",2005-07-17,"12:41:11"
4795,3409,497,1,2005-07-08,"16:32:54",2005-07-09,"14:15:54"
4796,2484,9,2,2005-07-08,"16:35:44",2005-07-13,"11:08:44"
4797,1389,265,1,2005-07-08,"16:39:05",2005-07-09,"11:41:05"
4798,3874,212,2,2005-07-08,"16:45:16",2005-07-16,"13:45:16"
4799,4112,512,2,2005-07-08,"16:49:27",2005-07-12,"19:58:27"
4800,1940,99,2,2005-07-08,"16:51:08",2005-07-13,"14:16:08"
4801,761,431,1,2005-07-08,"16:51:36",2005-07-13,"17:23:36"
4802,22,562,1,2005-07-08,"16:55:17",2005-07-15,"19:34:17"
4803,1786,174,1,2005-07-08,"16:56:34",2005-07-14,"20:16:34"
4804,3756,269,1,2005-07-08,"16:57:30",2005-07-10,"18:25:30"
4805,377,453,1,2005-07-08,"16:59:12",2005-07-09,"15:02:12"
4806,214,506,1,2005-07-08,"17:01:02",2005-07-15,"21:41:02"
4807,4511,348,2,2005-07-08,"17:01:48",2005-07-16,"22:33:48"
4808,2544,563,2,2005-07-08,"17:02:49",2005-07-12,"22:49:49"
4809,4251,474,1,2005-07-08,"17:03:22",2005-07-17,"22:39:22"
4810,4056,209,1,2005-07-08,"17:04:06",2005-07-09,"13:41:06"
4811,4032,127,2,2005-07-08,"17:04:24",2005-07-12,"16:41:24"
4812,3281,304,2,2005-07-08,"17:07:11",2005-07-17,"21:03:11"
4813,2752,439,1,2005-07-08,"17:09:56",2005-07-09,"22:29:56"
4814,3497,244,2,2005-07-08,"17:11:09",2005-07-17,"12:43:09"
4815,840,581,1,2005-07-08,"17:12:51",2005-07-17,"13:14:51"
4816,2700,207,1,2005-07-08,"17:14:14",2005-07-11,"15:03:14"
4817,1608,145,2,2005-07-08,"17:17:31",2005-07-09,"22:32:31"
4818,115,144,1,2005-07-08,"17:18:22",2005-07-14,"14:40:22"
4819,1342,64,1,2005-07-08,"17:19:15",2005-07-16,"14:32:15"
4820,2672,172,2,2005-07-08,"17:25:23",2005-07-17,"20:32:23"
4821,1690,172,1,2005-07-08,"17:28:08",2005-07-11,"17:44:08"
4822,3970,185,1,2005-07-08,"17:28:47",2005-07-14,"13:06:47"
4823,155,206,1,2005-07-08,"17:28:54",2005-07-11,"23:10:54"
4824,1855,225,1,2005-07-08,"17:37:39",2005-07-16,"18:27:39"
4825,2419,563,1,2005-07-08,"17:43:01",2005-07-11,"20:58:01"
4826,911,180,2,2005-07-08,"17:44:25",2005-07-16,"20:14:25"
4827,4455,110,2,2005-07-08,"17:46:30",2005-07-11,"14:12:30"
4828,1100,92,1,2005-07-08,"17:52:29",2005-07-11,"14:35:29"
4829,2661,133,1,2005-07-08,"17:54:18",2005-07-11,"23:41:18"
4830,1150,359,2,2005-07-08,"17:56:23",2005-07-17,"21:40:23"
4831,2739,243,2,2005-07-08,"18:00:14",2005-07-12,"15:54:14"
4832,1838,509,2,2005-07-08,"18:07:05",2005-07-10,"19:37:05"
4833,2921,581,2,2005-07-08,"18:07:35",2005-07-13,"15:29:35"
4834,1288,301,1,2005-07-08,"18:07:45",2005-07-14,"15:27:45"
4835,2499,95,2,2005-07-08,"18:08:13",2005-07-17,"16:51:13"
4836,2756,311,1,2005-07-08,"18:09:08",2005-07-15,"20:19:08"
4837,1944,149,1,2005-07-08,"18:09:12",2005-07-11,"16:40:12"
4838,3733,84,2,2005-07-08,"18:11:00",2005-07-17,"12:57:00"
4839,1810,556,1,2005-07-08,"18:13:10",2005-07-15,"12:49:10"
4840,1670,119,1,2005-07-08,"18:18:16",2005-07-16,"14:59:16"
4841,518,248,2,2005-07-08,"18:18:23",2005-07-11,"16:51:23"
4842,1438,160,2,2005-07-08,"18:21:30",2005-07-10,"22:25:30"
4843,3640,45,2,2005-07-08,"18:27:28",2005-07-15,"00:26:28"
4844,4057,237,2,2005-07-08,"18:28:13",2005-07-09,"21:17:13"
4845,2337,553,2,2005-07-08,"18:28:20",2005-07-09,"14:38:20"
4846,417,556,2,2005-07-08,"18:29:05",2005-07-10,"22:33:05"
4847,3397,544,2,2005-07-08,"18:29:13",2005-07-15,"18:12:13"
4848,2962,251,2,2005-07-08,"18:30:16",2005-07-12,"19:53:16"
4849,4323,146,2,2005-07-08,"18:34:34",2005-07-14,"20:27:34"
4850,3039,154,2,2005-07-08,"18:39:31",2005-07-13,"00:18:31"
4851,134,557,1,2005-07-08,"18:40:05",2005-07-12,"21:46:05"
4852,3545,418,2,2005-07-08,"18:43:15",2005-07-15,"18:48:15"
4853,1454,23,2,2005-07-08,"18:43:18",2005-07-12,"14:28:18"
4854,3644,487,1,2005-07-08,"18:44:44",2005-07-13,"13:37:44"
4855,1146,337,2,2005-07-08,"18:45:50",2005-07-11,"18:23:50"
4856,2441,7,2,2005-07-08,"18:47:38",2005-07-13,"15:02:38"
4857,2069,211,1,2005-07-08,"18:52:07",2005-07-11,"22:06:07"
4858,3424,447,2,2005-07-08,"18:53:24",2005-07-17,"20:32:24"
4859,1939,369,1,2005-07-08,"18:54:04",2005-07-13,"13:04:04"
4860,428,123,2,2005-07-08,"18:54:07",2005-07-17,"15:09:07"
4861,2984,455,2,2005-07-08,"18:57:30",2005-07-16,"15:12:30"
4862,293,291,1,2005-07-08,"19:02:46",2005-07-17,"20:17:46"
4863,1,431,2,2005-07-08,"19:03:15",2005-07-11,"21:29:15"
4864,2974,281,2,2005-07-08,"19:05:34",2005-07-17,"15:05:34"
4865,1614,418,2,2005-07-08,"19:09:04",2005-07-13,"21:25:04"
4866,4036,278,2,2005-07-08,"19:09:59",2005-07-15,"00:51:59"
4867,4090,593,2,2005-07-08,"19:10:52",2005-07-09,"21:43:52"
4868,1157,307,2,2005-07-08,"19:13:50",2005-07-14,"20:59:50"
4869,2860,376,1,2005-07-08,"19:14:05",2005-07-15,"22:27:05"
4870,3089,260,2,2005-07-08,"19:14:45",2005-07-12,"18:58:45"
4871,2509,210,2,2005-07-08,"19:19:52",2005-07-13,"20:27:52"
4872,1836,103,2,2005-07-08,"19:23:16",2005-07-10,"14:17:16"
4873,4500,473,1,2005-07-08,"19:23:32",2005-07-11,"15:24:32"
4874,2386,223,2,2005-07-08,"19:23:38",2005-07-13,"14:39:38"
4875,843,555,2,2005-07-08,"19:24:17",2005-07-11,"19:15:17"
4876,1959,283,1,2005-07-08,"19:27:50",2005-07-14,"15:42:50"
4877,1846,287,1,2005-07-08,"19:31:02",2005-07-15,"19:05:02"
4878,4009,172,1,2005-07-08,"19:33:49",2005-07-17,"17:47:49"
4879,1406,196,1,2005-07-08,"19:34:55",2005-07-09,"15:53:55"
4880,4178,269,1,2005-07-08,"19:36:17",2005-07-13,"00:01:17"
4881,4346,349,2,2005-07-08,"19:40:34",2005-07-09,"17:08:34"
4882,4540,184,1,2005-07-08,"19:42:03",2005-07-16,"22:24:03"
4883,1366,563,1,2005-07-08,"19:46:58",2005-07-10,"15:48:58"
4884,3543,425,2,2005-07-08,"19:49:17",2005-07-15,"23:14:17"
4885,442,233,2,2005-07-08,"19:51:17",2005-07-12,"16:02:17"
4886,3393,474,1,2005-07-08,"19:53:22",2005-07-09,"17:05:22"
4887,3613,543,1,2005-07-08,"19:59:14",2005-07-15,"22:53:14"
4888,1220,527,2,2005-07-08,"20:04:27",2005-07-10,"14:53:27"
4889,4463,5,2,2005-07-08,"20:04:43",2005-07-13,"17:57:43"
4890,3576,574,2,2005-07-08,"20:05:38",2005-07-14,"14:55:38"
4891,1787,59,1,2005-07-08,"20:06:19",2005-07-16,"18:52:19"
4892,3566,193,1,2005-07-08,"20:06:25",2005-07-14,"20:04:25"
4893,2060,210,2,2005-07-08,"20:19:55",2005-07-15,"21:28:55"
4894,1028,286,1,2005-07-08,"20:21:31",2005-07-11,"01:59:31"
4895,2620,242,1,2005-07-08,"20:22:05",2005-07-12,"20:49:05"
4896,3006,129,1,2005-07-08,"20:23:15",2005-07-10,"15:38:15"
4897,2950,258,1,2005-07-08,"20:25:11",2005-07-09,"17:16:11"
4898,3212,218,2,2005-07-08,"20:31:43",2005-07-15,"15:58:43"
4899,414,32,1,2005-07-08,"20:37:11",2005-07-10,"21:53:11"
4900,3487,426,2,2005-07-08,"20:38:06",2005-07-09,"22:45:06"
4901,2187,507,1,2005-07-08,"20:44:51",2005-07-10,"01:04:51"
4902,2238,554,2,2005-07-08,"20:49:30",2005-07-13,"16:54:30"
4903,1769,132,1,2005-07-08,"20:50:05",2005-07-13,"15:27:05"
4904,2051,173,1,2005-07-08,"20:53:27",2005-07-18,"01:16:27"
4905,4101,246,2,2005-07-08,"20:56:00",2005-07-12,"00:19:00"
4906,1527,490,2,2005-07-08,"20:59:13",2005-07-15,"01:12:13"
4907,1206,209,2,2005-07-08,"21:01:41",2005-07-13,"02:23:41"
4908,1963,160,2,2005-07-08,"21:05:44",2005-07-17,"21:33:44"
4909,1451,228,1,2005-07-08,"21:07:24",2005-07-10,"22:34:24"
4910,3675,219,2,2005-07-08,"21:13:56",2005-07-18,"02:39:56"
4911,4479,66,1,2005-07-08,"21:20:26",2005-07-15,"03:11:26"
4912,2012,275,1,2005-07-08,"21:26:11",2005-07-18,"02:19:11"
4913,982,368,1,2005-07-08,"21:27:48",2005-07-18,"02:51:48"
4914,298,535,1,2005-07-08,"21:30:53",2005-07-17,"01:29:53"
4915,2772,178,2,2005-07-08,"21:31:22",2005-07-13,"16:45:22"
4916,2680,212,2,2005-07-08,"21:32:17",2005-07-14,"20:55:17"
4917,3231,104,1,2005-07-08,"21:32:30",2005-07-09,"15:34:30"
4918,3819,220,2,2005-07-08,"21:37:31",2005-07-11,"20:16:31"
4919,2106,157,1,2005-07-08,"21:41:54",2005-07-11,"23:14:54"
4920,4285,239,1,2005-07-08,"21:42:10",2005-07-15,"03:08:10"
4921,425,109,2,2005-07-08,"21:43:21",2005-07-10,"16:06:21"
4922,2928,577,2,2005-07-08,"21:44:00",2005-07-10,"02:58:00"
4923,932,18,2,2005-07-08,"21:44:39",2005-07-17,"15:50:39"
4924,4344,180,1,2005-07-08,"21:55:25",2005-07-16,"16:52:25"
4925,2169,68,2,2005-07-08,"21:56:00",2005-07-14,"17:17:00"
4926,4155,415,1,2005-07-08,"22:01:48",2005-07-18,"03:27:48"
4927,2566,136,2,2005-07-08,"22:05:35",2005-07-14,"23:22:35"
4928,4363,77,2,2005-07-08,"22:05:41",2005-07-09,"23:09:41"
4929,734,297,2,2005-07-08,"22:06:18",2005-07-17,"18:17:18"
4930,2057,451,2,2005-07-08,"22:15:48",2005-07-15,"21:02:48"
4931,2750,284,1,2005-07-08,"22:16:18",2005-07-17,"03:42:18"
4932,4237,558,2,2005-07-08,"22:17:40",2005-07-15,"22:13:40"
4933,322,579,2,2005-07-08,"22:18:29",2005-07-13,"03:47:29"
4934,1744,517,2,2005-07-08,"22:18:42",2005-07-10,"20:44:42"
4935,2708,230,2,2005-07-08,"22:20:56",2005-07-12,"01:01:56"
4936,2033,298,2,2005-07-08,"22:24:50",2005-07-15,"03:14:50"
4937,33,273,2,2005-07-08,"22:29:59",2005-07-15,"21:51:59"
4938,2164,418,2,2005-07-08,"22:32:53",2005-07-14,"16:48:53"
4939,3201,425,1,2005-07-08,"22:35:30",2005-07-17,"22:05:30"
4940,971,215,1,2005-07-08,"22:36:06",2005-07-15,"04:28:06"
4941,3816,553,2,2005-07-08,"22:39:10",2005-07-15,"17:49:10"
4942,4467,120,2,2005-07-08,"22:42:47",2005-07-15,"04:36:47"
4943,2732,11,2,2005-07-08,"22:43:05",2005-07-15,"18:17:05"
4944,3648,293,2,2005-07-08,"22:44:28",2005-07-17,"21:51:28"
4945,2079,165,2,2005-07-08,"22:45:02",2005-07-11,"23:59:02"
4946,272,440,1,2005-07-08,"22:46:23",2005-07-16,"17:19:23"
4947,3905,388,1,2005-07-08,"22:49:37",2005-07-17,"21:03:37"
4948,2972,518,2,2005-07-08,"22:54:21",2005-07-17,"03:52:21"
4949,1184,567,2,2005-07-08,"22:57:10",2005-07-11,"01:26:10"
4950,3291,148,2,2005-07-08,"22:58:07",2005-07-09,"20:41:07"
4951,2766,28,1,2005-07-08,"22:58:21",2005-07-16,"18:58:21"
4952,459,14,1,2005-07-08,"23:00:07",2005-07-09,"21:47:07"
4953,2460,168,2,2005-07-08,"23:09:48",2005-07-11,"02:08:48"
4954,627,99,2,2005-07-08,"23:14:16",2005-07-14,"23:23:16"
4955,1103,225,2,2005-07-08,"23:16:21",2005-07-14,"02:09:21"
4956,1512,477,1,2005-07-08,"23:17:10",2005-07-18,"00:14:10"
4957,4082,399,1,2005-07-08,"23:18:48",2005-07-09,"23:13:48"
4958,2354,346,1,2005-07-08,"23:19:52",2005-07-17,"20:31:52"
4959,3898,236,2,2005-07-08,"23:22:23",2005-07-10,"03:17:23"
4960,2176,434,1,2005-07-08,"23:27:16",2005-07-18,"02:01:16"
4961,3668,96,2,2005-07-08,"23:35:53",2005-07-14,"22:46:53"
4962,4399,532,1,2005-07-08,"23:36:13",2005-07-15,"03:39:13"
4963,737,404,2,2005-07-08,"23:38:40",2005-07-12,"05:33:40"
4964,1033,455,2,2005-07-08,"23:46:38",2005-07-09,"22:19:38"
4965,535,432,1,2005-07-08,"23:46:57",2005-07-15,"18:47:57"
4966,4360,118,1,2005-07-08,"23:47:25",2005-07-14,"03:35:25"
4967,108,339,2,2005-07-08,"23:48:03",2005-07-15,"23:51:03"
4968,3204,390,1,2005-07-08,"23:49:19",2005-07-14,"02:46:19"
4969,4563,231,2,2005-07-08,"23:51:26",2005-07-12,"03:21:26"
4970,2983,100,1,2005-07-08,"23:54:29",2005-07-16,"22:47:29"
4971,460,64,1,2005-07-08,"23:54:49",2005-07-16,"00:15:49"
4972,2451,498,1,2005-07-08,"23:56:09",2005-07-16,"19:15:09"
4973,391,432,1,2005-07-08,"23:58:18",2005-07-14,"21:42:18"
4974,1071,152,1,2005-07-09,"00:00:36",2005-07-13,"21:03:36"
4975,3730,101,2,2005-07-09,"00:02:46",2005-07-14,"18:05:46"
4976,617,199,1,2005-07-09,"00:03:30",2005-07-10,"19:05:30"
4977,3310,584,2,2005-07-09,"00:15:50",2005-07-10,"00:34:50"
4978,2578,279,1,2005-07-09,"00:22:02",2005-07-18,"04:37:02"
4979,3447,204,1,2005-07-09,"00:24:34",2005-07-12,"20:04:34"
4980,2638,100,1,2005-07-09,"00:26:59",2005-07-14,"19:42:59"
4981,3363,399,2,2005-07-09,"00:29:29",2005-07-16,"19:06:29"
4982,249,162,1,2005-07-09,"00:30:52",2005-07-15,"23:50:52"
4983,1469,81,2,2005-07-09,"00:34:16",2005-07-17,"03:21:16"
4984,1303,214,1,2005-07-09,"00:35:31",2005-07-17,"03:44:31"
4985,2146,208,2,2005-07-09,"00:36:02",2005-07-14,"04:06:02"
4986,3517,589,2,2005-07-09,"00:44:33",2005-07-09,"19:45:33"
4987,996,277,2,2005-07-09,"00:45:41",2005-07-14,"03:32:41"
4988,2718,433,2,2005-07-09,"00:46:14",2005-07-16,"01:45:14"
4989,3326,210,1,2005-07-09,"00:46:56",2005-07-17,"06:24:56"
4990,3305,35,2,2005-07-09,"00:48:49",2005-07-10,"06:36:49"
4991,1856,540,1,2005-07-09,"00:49:03",2005-07-13,"05:02:03"
4992,2081,315,1,2005-07-09,"00:49:37",2005-07-16,"02:05:37"
4993,1740,517,1,2005-07-09,"00:49:47",2005-07-11,"21:19:47"
4994,2546,246,1,2005-07-09,"00:54:13",2005-07-09,"21:02:13"
4995,2063,247,1,2005-07-09,"00:57:46",2005-07-13,"03:32:46"
4996,4440,129,2,2005-07-09,"00:59:46",2005-07-16,"01:30:46"
4997,186,102,2,2005-07-09,"01:06:03",2005-07-18,"04:21:03"
4998,202,534,2,2005-07-09,"01:07:21",2005-07-10,"05:48:21"
4999,1797,196,1,2005-07-09,"01:12:57",2005-07-17,"00:12:57"
5000,668,146,1,2005-07-09,"01:16:13",2005-07-14,"21:55:13"
5001,2025,40,2,2005-07-09,"01:17:04",2005-07-16,"03:25:04"
5002,2388,430,1,2005-07-09,"01:17:08",2005-07-15,"21:53:08"
5003,3438,569,2,2005-07-09,"01:19:03",2005-07-10,"04:28:03"
5004,2637,382,1,2005-07-09,"01:20:50",2005-07-09,"19:56:50"
5005,3034,451,1,2005-07-09,"01:21:44",2005-07-14,"20:27:44"
5006,1277,486,1,2005-07-09,"01:24:07",2005-07-18,"03:56:07"
5007,3079,207,1,2005-07-09,"01:26:22",2005-07-12,"20:48:22"
5008,824,509,2,2005-07-09,"01:31:42",2005-07-11,"22:34:42"
5009,1539,102,2,2005-07-09,"01:32:17",2005-07-18,"03:39:17"
5010,1999,574,2,2005-07-09,"01:33:23",2005-07-14,"04:00:23"
5011,463,249,2,2005-07-09,"01:44:40",2005-07-11,"00:58:40"
5012,1456,251,1,2005-07-09,"01:45:04",2005-07-12,"02:13:04"
5013,3000,35,1,2005-07-09,"01:46:45",2005-07-16,"06:57:45"
5014,4095,334,1,2005-07-09,"01:51:49",2005-07-10,"04:48:49"
5015,1564,178,1,2005-07-09,"01:54:24",2005-07-12,"20:07:24"
5016,1871,5,1,2005-07-09,"01:57:57",2005-07-09,"22:07:57"
5017,3745,241,1,2005-07-09,"02:00:16",2005-07-14,"06:28:16"
5018,2317,541,1,2005-07-09,"02:01:05",2005-07-10,"04:09:05"
5019,3534,295,2,2005-07-09,"02:04:32",2005-07-15,"07:01:32"
5020,4113,565,1,2005-07-09,"02:07:56",2005-07-09,"23:59:56"
5021,3445,73,1,2005-07-09,"02:09:41",2005-07-13,"05:47:41"
5022,928,499,2,2005-07-09,"02:10:54",2005-07-17,"08:07:54"
5023,3206,358,1,2005-07-09,"02:23:16",2005-07-15,"20:37:16"
5024,2987,335,1,2005-07-09,"02:25:12",2005-07-12,"03:15:12"
5025,153,91,2,2005-07-09,"02:28:24",2005-07-12,"04:43:24"
5026,989,463,2,2005-07-09,"02:32:34",2005-07-13,"04:39:34"
5027,2179,109,1,2005-07-09,"02:32:37",2005-07-16,"23:13:37"
5028,4531,30,2,2005-07-09,"02:34:45",2005-07-14,"20:45:45"
5029,3938,265,1,2005-07-09,"02:35:32",2005-07-17,"22:46:32"
5030,25,497,1,2005-07-09,"02:35:43",2005-07-17,"02:05:43"
5031,4224,312,2,2005-07-09,"02:36:37",2005-07-14,"03:09:37"
5032,2257,333,1,2005-07-09,"02:39:47",2005-07-10,"07:45:47"
5033,2841,299,1,2005-07-09,"02:42:01",2005-07-14,"00:29:01"
5034,340,148,2,2005-07-09,"02:48:15",2005-07-11,"23:13:15"
5035,3699,99,1,2005-07-09,"02:51:34",2005-07-16,"21:38:34"
5036,75,573,1,2005-07-09,"02:58:41",2005-07-17,"04:09:41"
5037,435,524,2,2005-07-09,"02:59:10",2005-07-15,"07:54:10"
5038,3086,10,2,2005-07-09,"03:12:52",2005-07-17,"22:27:52"
5039,2020,268,2,2005-07-09,"03:14:45",2005-07-16,"06:57:45"
5040,2479,405,2,2005-07-09,"03:16:34",2005-07-17,"01:13:34"
5041,2711,305,1,2005-07-09,"03:18:51",2005-07-13,"03:08:51"
5042,3609,254,1,2005-07-09,"03:20:30",2005-07-15,"07:22:30"
5043,2979,369,2,2005-07-09,"03:25:18",2005-07-13,"00:57:18"
5044,1625,147,2,2005-07-09,"03:30:25",2005-07-11,"02:32:25"
5045,1041,230,1,2005-07-09,"03:33:32",2005-07-18,"06:15:32"
5046,1639,227,2,2005-07-09,"03:34:57",2005-07-17,"22:36:57"
5047,230,272,2,2005-07-09,"03:44:15",2005-07-15,"09:07:15"
5048,1271,466,1,2005-07-09,"03:46:33",2005-07-15,"01:14:33"
5049,3336,144,2,2005-07-09,"03:54:12",2005-07-11,"22:39:12"
5050,3876,337,2,2005-07-09,"03:54:38",2005-07-10,"02:23:38"
5051,4091,85,2,2005-07-09,"03:57:53",2005-07-16,"08:22:53"
5052,1884,305,1,2005-07-09,"03:59:43",2005-07-12,"05:48:43"
5053,570,295,2,2005-07-09,"03:59:46",2005-07-09,"23:53:46"
5054,4001,135,2,2005-07-09,"04:01:02",2005-07-18,"05:16:02"
5055,751,54,2,2005-07-09,"04:05:28",2005-07-14,"04:26:28"
5056,2599,526,2,2005-07-09,"04:13:45",2005-07-10,"06:17:45"
5057,1076,178,1,2005-07-09,"04:20:29",2005-07-14,"23:59:29"
5058,917,221,2,2005-07-09,"04:20:35",2005-07-18,"08:09:35"
5059,3951,396,1,2005-07-09,"04:28:01",2005-07-15,"22:57:01"
5060,4317,57,2,2005-07-09,"04:28:03",2005-07-12,"07:41:03"
5061,3893,230,1,2005-07-09,"04:30:50",2005-07-12,"03:24:50"
5062,2190,141,1,2005-07-09,"04:36:49",2005-07-10,"06:26:49"
5063,1027,133,2,2005-07-09,"04:37:31",2005-07-13,"09:56:31"
5064,373,512,2,2005-07-09,"04:38:51",2005-07-18,"00:33:51"
5065,1788,599,1,2005-07-09,"04:42:00",2005-07-12,"08:55:00"
5066,1702,169,2,2005-07-09,"04:48:50",2005-07-12,"22:54:50"
5067,1480,225,2,2005-07-09,"04:52:35",2005-07-11,"23:33:35"
5068,2937,10,1,2005-07-09,"04:53:18",2005-07-13,"09:21:18"
5069,4417,183,2,2005-07-09,"04:56:30",2005-07-13,"23:53:30"
5070,2305,407,2,2005-07-09,"04:58:26",2005-07-09,"23:00:26"
5071,4358,12,1,2005-07-09,"05:00:39",2005-07-09,"23:08:39"
5072,94,254,2,2005-07-09,"05:01:58",2005-07-18,"08:17:58"
5073,546,408,2,2005-07-09,"05:02:35",2005-07-15,"01:22:35"
5074,1379,12,1,2005-07-09,"05:06:24",2005-07-12,"04:37:24"
5075,903,170,1,2005-07-09,"05:12:07",2005-07-12,"08:29:07"
5076,4388,574,1,2005-07-09,"05:13:22",2005-07-16,"09:11:22"
5077,686,574,2,2005-07-09,"05:18:01",2005-07-17,"10:39:01"
5078,1994,78,2,2005-07-09,"05:20:24",2005-07-13,"06:41:24"
5079,3948,566,1,2005-07-09,"05:20:40",2005-07-17,"00:06:40"
5080,635,254,2,2005-07-09,"05:23:55",2005-07-11,"05:56:55"
5081,1953,420,1,2005-07-09,"05:25:20",2005-07-13,"23:45:20"
5082,1584,470,2,2005-07-09,"05:28:38",2005-07-10,"02:46:38"
5083,148,494,1,2005-07-09,"05:30:32",2005-07-11,"02:20:32"
5084,3113,87,2,2005-07-09,"05:33:27",2005-07-17,"08:54:27"
5085,4164,437,1,2005-07-09,"05:36:49",2005-07-13,"09:26:49"
5086,3072,539,1,2005-07-09,"05:40:04",2005-07-16,"07:51:04"
5087,3716,395,2,2005-07-09,"05:44:28",2005-07-10,"02:25:28"
5088,3324,454,2,2005-07-09,"05:45:16",2005-07-15,"00:41:16"
5089,451,289,1,2005-07-09,"05:45:40",2005-07-15,"05:31:40"
5090,1728,296,2,2005-07-09,"05:48:22",2005-07-11,"06:50:22"
5091,4572,149,1,2005-07-09,"05:52:54",2005-07-10,"02:49:54"
5092,3256,139,2,2005-07-09,"05:57:39",2005-07-12,"00:45:39"
5093,2734,597,2,2005-07-09,"05:59:12",2005-07-10,"11:45:12"
5094,4451,178,2,2005-07-09,"05:59:47",2005-07-18,"05:34:47"
5095,2788,292,1,2005-07-09,"06:08:22",2005-07-11,"10:52:22"
5096,490,231,1,2005-07-09,"06:08:23",2005-07-14,"11:36:23"
5097,3252,343,2,2005-07-09,"06:09:51",2005-07-10,"03:55:51"
5098,1772,406,1,2005-07-09,"06:13:54",2005-07-10,"04:27:54"
5099,768,393,2,2005-07-09,"06:14:30",2005-07-12,"08:23:30"
5100,3193,101,1,2005-07-09,"06:16:03",2005-07-10,"10:21:03"
5101,2737,154,1,2005-07-09,"06:21:29",2005-07-11,"02:58:29"
5102,242,316,2,2005-07-09,"06:25:48",2005-07-16,"11:32:48"
5103,2390,397,2,2005-07-09,"06:34:40",2005-07-10,"03:44:40"
5104,2109,14,1,2005-07-09,"06:37:07",2005-07-14,"12:32:07"
5105,2555,290,2,2005-07-09,"06:38:59",2005-07-17,"03:06:59"
5106,110,137,1,2005-07-09,"06:40:24",2005-07-13,"10:28:24"
5107,1697,21,2,2005-07-09,"06:42:32",2005-07-10,"08:21:32"
5108,4229,30,1,2005-07-09,"06:44:30",2005-07-17,"04:24:30"
5109,2373,102,1,2005-07-09,"06:48:49",2005-07-14,"01:17:49"
5110,195,200,2,2005-07-09,"06:57:25",2005-07-12,"05:39:25"
5111,2875,12,2,2005-07-09,"07:02:19",2005-07-10,"06:27:19"
5112,3529,285,1,2005-07-09,"07:04:04",2005-07-13,"08:42:04"
5113,3618,282,2,2005-07-09,"07:06:18",2005-07-13,"07:10:18"
5114,3734,64,1,2005-07-09,"07:07:05",2005-07-15,"03:06:05"
5115,2296,212,2,2005-07-09,"07:07:18",2005-07-16,"03:28:18"
5116,2491,332,2,2005-07-09,"07:10:12",2005-07-14,"09:16:12"
5117,2284,208,1,2005-07-09,"07:11:22",2005-07-15,"08:44:22"
5118,957,5,2,2005-07-09,"07:13:52",2005-07-18,"05:18:52"
5119,2996,301,1,2005-07-09,"07:14:18",2005-07-18,"04:07:18"
5120,4431,373,2,2005-07-09,"07:14:23",2005-07-14,"04:00:23"
5121,3321,526,1,2005-07-09,"07:18:31",2005-07-15,"01:48:31"
5122,1423,261,2,2005-07-09,"07:19:35",2005-07-16,"03:04:35"
5123,4278,219,1,2005-07-09,"07:20:30",2005-07-14,"05:24:30"
5124,1857,565,1,2005-07-09,"07:25:19",2005-07-15,"01:51:19"
5125,990,263,1,2005-07-09,"07:25:28",2005-07-12,"12:34:28"
5126,3312,315,1,2005-07-09,"07:25:35",2005-07-18,"05:05:35"
5127,3649,129,2,2005-07-09,"07:25:47",2005-07-13,"11:44:47"
5128,3757,155,2,2005-07-09,"07:25:54",2005-07-16,"04:04:54"
5129,4516,441,2,2005-07-09,"07:28:33",2005-07-14,"05:12:33"
5130,3264,93,1,2005-07-09,"07:29:45",2005-07-13,"05:56:45"
5131,3179,167,1,2005-07-09,"07:35:03",2005-07-10,"06:05:03"
5132,4158,101,2,2005-07-09,"07:40:32",2005-07-16,"02:16:32"
5133,3403,469,1,2005-07-09,"07:43:22",2005-07-12,"04:52:22"
5134,149,491,1,2005-07-09,"07:53:12",2005-07-16,"05:30:12"
5135,3005,538,2,2005-07-09,"07:53:22",2005-07-16,"04:50:22"
5136,3498,395,2,2005-07-09,"07:55:01",2005-07-11,"05:26:01"
5137,409,126,1,2005-07-09,"08:00:34",2005-07-12,"05:34:34"
5138,1283,548,2,2005-07-09,"08:00:46",2005-07-12,"09:31:46"
5139,51,539,2,2005-07-09,"08:01:51",2005-07-18,"09:16:51"
5140,947,303,2,2005-07-09,"08:04:59",2005-07-11,"08:28:59"
5141,590,488,1,2005-07-09,"08:05:14",2005-07-18,"04:36:14"
5142,369,56,2,2005-07-09,"08:05:23",2005-07-13,"12:37:23"
5143,3803,196,1,2005-07-09,"08:07:07",2005-07-18,"10:17:07"
5144,3530,89,2,2005-07-09,"08:09:53",2005-07-18,"07:11:53"
5145,2397,204,2,2005-07-09,"08:13:25",2005-07-10,"03:56:25"
5146,776,194,1,2005-07-09,"08:14:58",2005-07-11,"07:04:58"
5147,2270,326,2,2005-07-09,"08:17:41",2005-07-18,"09:45:41"
5148,456,48,1,2005-07-09,"08:22:46",2005-07-18,"04:36:46"
5149,1500,330,2,2005-07-09,"08:28:23",2005-07-16,"06:19:23"
5150,1961,410,1,2005-07-09,"08:28:40",2005-07-16,"04:47:40"
5151,224,228,2,2005-07-09,"08:31:03",2005-07-10,"08:18:03"
5152,4005,331,1,2005-07-09,"08:34:44",2005-07-10,"05:26:44"
5153,2826,504,1,2005-07-09,"08:35:05",2005-07-18,"14:21:05"
5154,3785,361,1,2005-07-09,"08:46:18",2005-07-14,"03:19:18"
5155,988,523,1,2005-07-09,"08:46:54",2005-07-14,"04:13:54"
5156,416,5,2,2005-07-09,"08:51:42",2005-07-15,"03:59:42"
5157,637,463,2,2005-07-09,"08:52:12",2005-07-12,"04:32:12"
5158,2825,272,1,2005-07-09,"08:53:09",2005-07-10,"11:05:09"
5159,3479,213,1,2005-07-09,"08:55:52",2005-07-10,"04:32:52"
5160,1925,467,1,2005-07-09,"08:57:07",2005-07-18,"06:01:07"
5161,2617,284,2,2005-07-09,"08:57:56",2005-07-18,"07:41:56"
5162,2765,43,1,2005-07-09,"09:00:11",2005-07-17,"07:26:11"
5163,1486,103,2,2005-07-09,"09:00:28",2005-07-17,"08:07:28"
5164,1170,511,1,2005-07-09,"09:03:14",2005-07-14,"04:20:14"
5165,280,590,1,2005-07-09,"09:08:53",2005-07-14,"06:01:53"
5166,2771,298,1,2005-07-09,"09:15:48",2005-07-16,"06:04:48"
5167,2485,437,2,2005-07-09,"09:18:43",2005-07-14,"12:59:43"
5168,4096,420,1,2005-07-09,"09:20:01",2005-07-11,"14:42:01"
5169,2608,116,1,2005-07-09,"09:22:25",2005-07-10,"03:48:25"
5170,66,209,1,2005-07-09,"09:24:19",2005-07-18,"04:02:19"
5171,2099,371,1,2005-07-09,"09:26:55",2005-07-10,"10:34:55"
5172,4046,214,1,2005-07-09,"09:31:27",2005-07-13,"04:03:27"
5173,2848,490,2,2005-07-09,"09:31:44",2005-07-15,"04:20:44"
5174,3621,47,1,2005-07-09,"09:31:59",2005-07-15,"03:49:59"
5175,1003,409,2,2005-07-09,"09:34:28",2005-07-15,"15:19:28"
5176,328,119,2,2005-07-09,"09:39:31",2005-07-17,"11:56:31"
5177,1675,452,1,2005-07-09,"09:43:21",2005-07-13,"07:29:21"
5178,1750,167,2,2005-07-09,"09:59:52",2005-07-18,"13:01:52"
5179,2995,256,1,2005-07-09,"10:00:44",2005-07-11,"06:52:44"
5180,3684,494,1,2005-07-09,"10:06:53",2005-07-12,"15:25:53"
5181,2569,45,2,2005-07-09,"10:07:27",2005-07-17,"10:18:27"
5182,725,197,2,2005-07-09,"10:08:10",2005-07-16,"14:36:10"
5183,2866,394,2,2005-07-09,"10:13:45",2005-07-16,"15:55:45"
5184,1101,166,2,2005-07-09,"10:14:34",2005-07-14,"16:05:34"
5185,357,53,1,2005-07-09,"10:14:39",2005-07-10,"13:31:39"
5186,2415,276,2,2005-07-09,"10:18:40",2005-07-13,"05:05:40"
5187,2631,91,1,2005-07-09,"10:19:51",2005-07-14,"10:35:51"
5188,3265,34,1,2005-07-09,"10:22:31",2005-07-13,"04:41:31"
5189,2539,113,1,2005-07-09,"10:23:21",2005-07-14,"08:06:21"
5190,2213,532,1,2005-07-09,"10:25:24",2005-07-18,"04:33:24"
5191,2131,167,2,2005-07-09,"10:26:48",2005-07-10,"15:52:48"
5192,1225,410,1,2005-07-09,"10:27:09",2005-07-10,"12:04:09"
5193,2166,485,1,2005-07-09,"10:28:18",2005-07-12,"12:18:18"
5194,3809,202,2,2005-07-09,"10:31:34",2005-07-15,"08:50:34"
5195,3399,59,1,2005-07-09,"10:39:31",2005-07-18,"13:54:31"
5196,2278,536,2,2005-07-09,"10:43:34",2005-07-13,"12:10:34"
5197,1571,541,1,2005-07-09,"10:43:54",2005-07-16,"10:19:54"
5198,218,101,1,2005-07-09,"10:49:10",2005-07-13,"04:52:10"
5199,349,42,1,2005-07-09,"10:50:56",2005-07-10,"06:43:56"
5200,4528,125,1,2005-07-09,"10:52:09",2005-07-13,"15:12:09"
5201,2453,551,2,2005-07-09,"10:52:53",2005-07-16,"12:41:53"
5202,3417,321,1,2005-07-09,"10:53:48",2005-07-15,"13:31:48"
5203,3661,588,2,2005-07-09,"10:53:59",2005-07-15,"09:45:59"
5204,1791,432,2,2005-07-09,"10:54:14",2005-07-12,"14:29:14"
5205,161,79,1,2005-07-09,"10:56:37",2005-07-13,"05:45:37"
5206,692,517,2,2005-07-09,"11:11:01",2005-07-17,"07:23:01"
5207,3496,59,1,2005-07-09,"11:15:44",2005-07-17,"06:00:44"
5208,1881,560,2,2005-07-09,"11:16:56",2005-07-10,"07:21:56"
5209,4441,222,1,2005-07-09,"11:22:39",2005-07-17,"09:31:39"
5210,4514,355,1,2005-07-09,"11:24:19",2005-07-11,"06:27:19"
5211,2216,241,1,2005-07-09,"11:26:50",2005-07-16,"15:30:50"
5212,3240,400,1,2005-07-09,"11:37:47",2005-07-15,"14:42:47"
5213,3708,552,2,2005-07-09,"11:39:43",2005-07-18,"16:20:43"
5214,1657,290,2,2005-07-09,"11:43:08",2005-07-17,"08:58:08"
5215,3888,528,1,2005-07-09,"11:47:58",2005-07-18,"09:58:58"
5216,1644,515,2,2005-07-09,"11:54:58",2005-07-12,"09:46:58"
5217,4150,430,1,2005-07-09,"11:56:50",2005-07-17,"07:10:50"
5218,1121,83,2,2005-07-09,"11:57:12",2005-07-13,"06:34:12"
5219,3933,209,2,2005-07-09,"11:57:55",2005-07-15,"09:43:55"
5220,2577,435,1,2005-07-09,"11:59:04",2005-07-15,"06:20:04"
5221,2339,84,1,2005-07-09,"12:02:23",2005-07-16,"15:43:23"
5222,2508,400,1,2005-07-09,"12:05:45",2005-07-13,"12:11:45"
5223,2335,72,1,2005-07-09,"12:06:03",2005-07-17,"15:50:03"
5224,279,311,1,2005-07-09,"12:07:27",2005-07-17,"08:59:27"
5225,703,445,2,2005-07-09,"12:10:16",2005-07-12,"09:55:16"
5226,3128,218,2,2005-07-09,"12:10:44",2005-07-11,"17:32:44"
5227,1862,362,2,2005-07-09,"12:16:39",2005-07-18,"15:38:39"
5228,622,195,2,2005-07-09,"12:26:01",2005-07-14,"13:31:01"
5229,4472,372,2,2005-07-09,"12:30:18",2005-07-14,"15:31:18"
5230,3707,51,1,2005-07-09,"12:30:23",2005-07-13,"08:41:23"
5231,1275,405,1,2005-07-09,"12:35:02",2005-07-10,"09:22:02"
5232,3353,175,1,2005-07-09,"12:35:08",2005-07-14,"14:55:08"
5233,1401,131,1,2005-07-09,"12:44:26",2005-07-15,"12:31:26"
5234,4182,398,1,2005-07-09,"12:44:47",2005-07-17,"10:02:47"
5235,1044,122,1,2005-07-09,"12:54:25",2005-07-18,"16:28:25"
5236,1215,519,1,2005-07-09,"12:56:29",2005-07-13,"08:26:29"
5237,2341,84,1,2005-07-09,"12:56:58",2005-07-11,"15:41:58"
5238,3297,100,2,2005-07-09,"13:11:14",2005-07-10,"07:27:14"
5239,380,497,1,2005-07-09,"13:12:35",2005-07-10,"13:37:35"
5240,1378,350,2,2005-07-09,"13:14:48",2005-07-10,"18:47:48"
5241,4079,314,1,2005-07-09,"13:19:14",2005-07-11,"14:32:14"
5242,848,12,1,2005-07-09,"13:20:25",2005-07-18,"07:38:25"
5243,122,587,1,2005-07-09,"13:22:08",2005-07-16,"09:25:08"
5244,3726,1,2,2005-07-09,"13:24:07",2005-07-14,"14:01:07"
5245,3547,115,1,2005-07-09,"13:24:14",2005-07-12,"11:16:14"
5246,3548,276,1,2005-07-09,"13:25:18",2005-07-13,"18:38:18"
5247,1186,298,2,2005-07-09,"13:26:28",2005-07-12,"14:00:28"
5248,246,279,1,2005-07-09,"13:29:44",2005-07-12,"18:12:44"
5249,1950,389,2,2005-07-09,"13:33:53",2005-07-11,"12:55:53"
5250,2162,384,1,2005-07-09,"13:35:32",2005-07-13,"12:19:32"
5251,478,474,1,2005-07-09,"13:36:10",2005-07-15,"11:40:10"
5252,2581,335,1,2005-07-09,"13:40:44",2005-07-14,"09:41:44"
5253,2241,532,1,2005-07-09,"13:41:17",2005-07-17,"17:09:17"
5254,654,263,1,2005-07-09,"13:50:11",2005-07-13,"09:07:11"
5255,4418,313,2,2005-07-09,"13:51:08",2005-07-17,"13:58:08"
5256,4226,273,1,2005-07-09,"13:55:45",2005-07-15,"17:02:45"
5257,286,292,2,2005-07-09,"13:56:43",2005-07-10,"14:26:43"
5258,3125,207,2,2005-07-09,"13:56:56",2005-07-11,"16:01:56"
5259,1310,207,2,2005-07-09,"14:02:50",2005-07-11,"19:13:50"
5260,3143,75,2,2005-07-09,"14:05:45",2005-07-14,"08:41:45"
5261,2899,105,2,2005-07-09,"14:06:56",2005-07-11,"14:21:56"
5262,1092,240,1,2005-07-09,"14:08:01",2005-07-12,"16:48:01"
5263,119,406,1,2005-07-09,"14:10:36",2005-07-12,"15:07:36"
5264,3307,545,2,2005-07-09,"14:11:28",2005-07-12,"18:24:28"
5265,4482,139,2,2005-07-09,"14:15:01",2005-07-18,"14:43:01"
5266,2409,222,1,2005-07-09,"14:17:40",2005-07-16,"10:42:40"
5267,2242,233,1,2005-07-09,"14:21:10",2005-07-15,"12:02:10"
5268,1083,119,1,2005-07-09,"14:22:43",2005-07-12,"08:27:43"
5269,3886,230,1,2005-07-09,"14:23:05",2005-07-17,"14:03:05"
5270,1523,128,1,2005-07-09,"14:23:46",2005-07-13,"15:04:46"
5271,2691,522,1,2005-07-09,"14:25:01",2005-07-16,"17:28:01"
5272,1547,90,1,2005-07-09,"14:26:01",2005-07-12,"20:20:01"
5273,4570,38,2,2005-07-09,"14:31:24",2005-07-14,"13:27:24"
5274,4579,108,1,2005-07-09,"14:34:09",2005-07-14,"13:02:09"
5275,729,249,2,2005-07-09,"14:34:18",2005-07-13,"12:56:18"
5276,2524,521,2,2005-07-09,"14:35:13",2005-07-12,"14:24:13"
5277,2026,332,2,2005-07-09,"14:40:42",2005-07-16,"14:18:42"
5278,2573,532,1,2005-07-09,"14:44:23",2005-07-15,"10:48:23"
5279,709,64,2,2005-07-09,"14:46:36",2005-07-17,"10:04:36"
5280,1177,351,2,2005-07-09,"14:55:07",2005-07-12,"10:05:07"
5281,1966,71,2,2005-07-09,"14:55:07",2005-07-13,"15:24:07"
5282,4386,226,2,2005-07-09,"15:01:23",2005-07-13,"11:06:23"
5283,644,295,2,2005-07-09,"15:07:17",2005-07-17,"09:52:17"
5284,1036,585,2,2005-07-09,"15:08:21",2005-07-16,"09:53:21"
5285,676,468,2,2005-07-09,"15:10:44",2005-07-16,"13:02:44"
5286,483,498,2,2005-07-09,"15:11:41",2005-07-10,"19:19:41"
5287,3110,523,2,2005-07-09,"15:11:54",2005-07-16,"16:05:54"
5288,850,120,1,2005-07-09,"15:13:07",2005-07-16,"12:39:07"
5289,4336,30,2,2005-07-09,"15:14:08",2005-07-12,"12:51:08"
5290,277,50,2,2005-07-09,"15:14:47",2005-07-11,"20:30:47"
5291,1367,194,2,2005-07-09,"15:15:02",2005-07-15,"10:22:02"
5292,3195,62,1,2005-07-09,"15:16:54",2005-07-11,"15:21:54"
5293,2880,542,2,2005-07-09,"15:17:23",2005-07-11,"11:23:23"
5294,3237,22,2,2005-07-09,"15:23:42",2005-07-15,"15:28:42"
5295,4460,86,1,2005-07-09,"15:25:06",2005-07-10,"12:40:06"
5296,495,109,2,2005-07-09,"15:26:27",2005-07-15,"10:03:27"
5297,3434,202,1,2005-07-09,"15:32:29",2005-07-14,"14:58:29"
5298,3491,149,2,2005-07-09,"15:36:17",2005-07-18,"19:07:17"
5299,4416,469,2,2005-07-09,"15:38:09",2005-07-15,"16:39:09"
5300,2520,8,1,2005-07-09,"15:40:46",2005-07-15,"13:46:46"
5301,245,459,2,2005-07-09,"15:42:10",2005-07-16,"21:27:10"
5302,4270,72,2,2005-07-09,"15:42:36",2005-07-10,"21:04:36"
5303,3572,350,2,2005-07-09,"15:44:09",2005-07-15,"18:09:09"
5304,4411,51,1,2005-07-09,"15:48:06",2005-07-14,"19:29:06"
5305,625,309,1,2005-07-09,"15:55:36",2005-07-18,"15:59:36"
5306,2221,409,2,2005-07-09,"15:56:45",2005-07-15,"19:02:45"
5307,2847,32,2,2005-07-09,"15:57:15",2005-07-17,"13:42:15"
5308,1684,52,2,2005-07-09,"15:58:38",2005-07-15,"13:55:38"
5309,4026,338,1,2005-07-09,"16:00:16",2005-07-17,"17:56:16"
5310,1565,24,2,2005-07-09,"16:00:34",2005-07-12,"12:45:34"
5311,986,107,1,2005-07-09,"16:02:54",2005-07-18,"10:44:54"
5312,2123,258,2,2005-07-09,"16:03:09",2005-07-13,"16:41:09"
5313,1885,52,2,2005-07-09,"16:04:45",2005-07-17,"18:53:45"
5314,3770,372,1,2005-07-09,"16:05:28",2005-07-10,"18:18:28"
5315,585,134,1,2005-07-09,"16:09:19",2005-07-14,"21:10:19"
5316,3856,438,1,2005-07-09,"16:09:42",2005-07-11,"15:20:42"
5317,2693,14,2,2005-07-09,"16:10:25",2005-07-18,"17:10:25"
5318,1738,472,2,2005-07-09,"16:11:33",2005-07-14,"12:49:33"
5319,1899,282,1,2005-07-09,"16:17:44",2005-07-18,"16:35:44"
5320,3140,228,1,2005-07-09,"16:23:32",2005-07-18,"18:16:32"
5321,3347,245,2,2005-07-09,"16:26:33",2005-07-15,"15:05:33"
5322,4420,432,1,2005-07-09,"16:28:13",2005-07-18,"14:53:13"
5323,1302,35,1,2005-07-09,"16:34:07",2005-07-13,"21:37:07"
5324,4024,113,2,2005-07-09,"16:34:18",2005-07-15,"12:35:18"
5325,2703,492,1,2005-07-09,"16:35:47",2005-07-10,"11:52:47"
5326,797,1,1,2005-07-09,"16:38:01",2005-07-13,"18:02:01"
5327,3657,547,2,2005-07-09,"16:39:49",2005-07-12,"18:47:49"
5328,2444,247,2,2005-07-09,"16:48:29",2005-07-17,"20:20:29"
5329,1628,402,1,2005-07-09,"16:49:46",2005-07-16,"19:05:46"
5330,3812,410,1,2005-07-09,"16:53:57",2005-07-18,"19:54:57"
5331,4181,447,1,2005-07-09,"16:54:06",2005-07-10,"19:04:06"
5332,3269,568,2,2005-07-09,"16:59:23",2005-07-10,"16:01:23"
5333,2142,419,2,2005-07-09,"16:59:38",2005-07-16,"17:23:38"
5334,3852,482,1,2005-07-09,"17:00:13",2005-07-11,"15:50:13"
5335,2353,588,2,2005-07-09,"17:00:49",2005-07-12,"12:21:49"
5336,4144,410,2,2005-07-09,"17:01:08",2005-07-11,"19:22:08"
5337,4168,343,2,2005-07-09,"17:03:50",2005-07-16,"22:25:50"
5338,3449,191,1,2005-07-09,"17:07:07",2005-07-14,"11:15:07"
5339,698,380,2,2005-07-09,"17:09:17",2005-07-10,"21:07:17"
5340,650,267,2,2005-07-09,"17:11:35",2005-07-17,"17:59:35"
5341,2522,8,2,2005-07-09,"17:13:23",2005-07-14,"18:11:23"
5342,3828,289,2,2005-07-09,"17:20:03",2005-07-18,"12:44:03"
5343,92,485,1,2005-07-09,"17:23:43",2005-07-18,"22:14:43"
5344,159,197,2,2005-07-09,"17:27:05",2005-07-10,"15:51:05"
5345,3055,348,2,2005-07-09,"17:28:18",2005-07-11,"14:30:18"
5346,2488,287,2,2005-07-09,"17:29:01",2005-07-14,"12:47:01"
5347,1293,246,2,2005-07-09,"17:31:32",2005-07-10,"21:06:32"
5348,3495,597,2,2005-07-09,"17:34:11",2005-07-15,"18:32:11"
5349,3139,161,1,2005-07-09,"17:35:35",2005-07-18,"14:05:35"
5350,724,129,2,2005-07-09,"17:39:30",2005-07-11,"16:43:30"
5351,3722,112,2,2005-07-09,"17:40:52",2005-07-14,"16:55:52"
5352,908,372,1,2005-07-09,"17:54:58",2005-07-15,"16:20:58"
5353,2994,196,2,2005-07-09,"18:04:29",2005-07-15,"17:46:29"
5354,951,354,1,2005-07-09,"18:04:33",2005-07-15,"18:19:33"
5355,2458,100,2,2005-07-09,"18:07:17",2005-07-16,"20:33:17"
5356,2905,188,2,2005-07-09,"18:08:28",2005-07-14,"14:11:28"
5357,1988,411,2,2005-07-09,"18:08:59",2005-07-16,"17:28:59"
5358,3764,71,2,2005-07-09,"18:09:21",2005-07-14,"23:59:21"
5359,4392,453,2,2005-07-09,"18:10:52",2005-07-18,"13:34:52"
5360,679,562,2,2005-07-09,"18:14:03",2005-07-10,"15:17:03"
5361,2045,279,2,2005-07-09,"18:15:32",2005-07-17,"23:32:32"
5362,24,266,1,2005-07-09,"18:16:08",2005-07-18,"18:27:08"
5363,2180,425,1,2005-07-09,"18:18:49",2005-07-14,"22:16:49"
5364,2746,366,1,2005-07-09,"18:24:48",2005-07-10,"12:30:48"
5365,4469,527,1,2005-07-09,"18:27:00",2005-07-11,"14:18:00"
5366,886,187,1,2005-07-09,"18:28:37",2005-07-13,"20:45:37"
5367,1446,485,2,2005-07-09,"18:39:15",2005-07-16,"14:19:15"
5368,4429,502,2,2005-07-09,"18:41:59",2005-07-16,"00:32:59"
5369,1550,538,2,2005-07-09,"18:42:16",2005-07-12,"18:16:16"
5370,2193,248,1,2005-07-09,"18:43:19",2005-07-15,"19:59:19"
5371,789,425,2,2005-07-09,"18:47:48",2005-07-14,"14:39:48"
5372,3551,148,1,2005-07-09,"18:48:39",2005-07-11,"17:40:39"
5373,950,428,1,2005-07-09,"18:48:57",2005-07-10,"16:34:57"
5374,946,144,1,2005-07-09,"18:52:08",2005-07-16,"16:34:08"
5375,1407,558,2,2005-07-09,"18:52:55",2005-07-16,"15:32:55"
5376,1730,104,1,2005-07-09,"18:54:08",2005-07-17,"22:01:08"
5377,3118,578,1,2005-07-09,"19:04:30",2005-07-11,"14:42:30"
5378,1570,138,2,2005-07-09,"19:05:56",2005-07-10,"18:03:56"
5379,2110,475,1,2005-07-09,"19:08:03",2005-07-10,"17:58:03"
5380,3047,166,1,2005-07-09,"19:08:44",2005-07-11,"20:09:44"
5381,3033,332,2,2005-07-09,"19:11:11",2005-07-13,"17:10:11"
5382,78,586,1,2005-07-09,"19:12:57",2005-07-14,"15:44:57"
5383,573,14,1,2005-07-09,"19:14:32",2005-07-11,"19:57:32"
5384,1729,180,1,2005-07-09,"19:17:46",2005-07-12,"13:50:46"
5385,4291,112,2,2005-07-09,"19:18:11",2005-07-16,"18:50:11"
5386,721,594,2,2005-07-09,"19:19:09",2005-07-13,"00:13:09"
5387,4452,244,1,2005-07-09,"19:25:14",2005-07-11,"21:00:14"
5388,1546,332,2,2005-07-09,"19:25:25",2005-07-14,"19:51:25"
5389,3882,484,1,2005-07-09,"19:25:45",2005-07-17,"13:31:45"
5390,715,139,1,2005-07-09,"19:26:22",2005-07-14,"22:46:22"
5391,402,132,1,2005-07-09,"19:28:34",2005-07-18,"01:07:34"
5392,2552,499,1,2005-07-09,"19:32:30",2005-07-16,"15:01:30"
5393,1417,446,1,2005-07-09,"19:35:12",2005-07-11,"14:00:12"
5394,1828,83,2,2005-07-09,"19:36:15",2005-07-18,"18:10:15"
5395,4428,131,1,2005-07-09,"19:42:37",2005-07-10,"15:39:37"
5396,3795,559,1,2005-07-09,"19:42:52",2005-07-15,"21:45:52"
5397,4376,191,1,2005-07-09,"19:43:51",2005-07-17,"00:11:51"
5398,4352,199,1,2005-07-09,"19:44:58",2005-07-17,"00:56:58"
5399,261,67,2,2005-07-09,"19:52:44",2005-07-10,"18:31:44"
5400,3435,192,2,2005-07-09,"19:56:40",2005-07-14,"20:43:40"
5401,431,43,2,2005-07-09,"19:59:10",2005-07-11,"23:21:10"
5402,4450,379,1,2005-07-09,"20:01:58",2005-07-10,"14:07:58"
5403,3991,36,1,2005-07-09,"20:07:09",2005-07-12,"18:33:09"
5404,3685,236,1,2005-07-09,"20:10:43",2005-07-13,"15:16:43"
5405,799,45,2,2005-07-09,"20:11:49",2005-07-18,"18:37:49"
5406,1322,563,2,2005-07-09,"20:13:23",2005-07-11,"22:05:23"
5407,3641,475,2,2005-07-09,"20:16:07",2005-07-14,"21:41:07"
5408,3162,144,1,2005-07-09,"20:16:51",2005-07-18,"22:19:51"
5409,3538,446,1,2005-07-09,"20:17:19",2005-07-13,"23:30:19"
5410,2261,281,2,2005-07-09,"20:21:10",2005-07-18,"21:43:10"
5411,4292,304,2,2005-07-09,"20:23:38",2005-07-16,"01:17:38"
5412,3174,458,1,2005-07-09,"20:23:52",2005-07-18,"18:40:52"
5413,2056,167,2,2005-07-09,"20:28:42",2005-07-10,"19:23:42"
5414,1201,174,2,2005-07-09,"20:29:36",2005-07-13,"01:55:36"
5415,4413,475,1,2005-07-09,"20:30:03",2005-07-18,"00:20:03"
5416,568,219,2,2005-07-09,"20:33:50",2005-07-14,"01:50:50"
5417,3569,265,2,2005-07-09,"20:34:09",2005-07-14,"00:36:09"
5418,55,114,1,2005-07-09,"20:41:35",2005-07-14,"00:15:35"
5419,1516,226,1,2005-07-09,"20:47:36",2005-07-12,"01:36:36"
5420,1739,80,2,2005-07-09,"20:48:42",2005-07-15,"21:35:42"
5421,2437,33,1,2005-07-09,"20:49:12",2005-07-10,"16:30:12"
5422,436,409,2,2005-07-09,"20:55:47",2005-07-15,"15:15:47"
5423,1952,440,2,2005-07-09,"20:56:48",2005-07-17,"14:58:48"
5424,3694,72,2,2005-07-09,"20:59:09",2005-07-12,"00:05:09"
5425,531,37,2,2005-07-09,"21:02:26",2005-07-16,"23:38:26"
5426,251,438,1,2005-07-09,"21:04:47",2005-07-17,"00:55:47"
5427,3197,499,1,2005-07-09,"21:12:26",2005-07-14,"01:02:26"
5428,3109,346,2,2005-07-09,"21:12:50",2005-07-14,"16:25:50"
5429,2467,105,1,2005-07-09,"21:14:03",2005-07-18,"01:33:03"
5430,1441,173,1,2005-07-09,"21:19:54",2005-07-15,"22:53:54"
5431,2780,213,1,2005-07-09,"21:21:11",2005-07-10,"21:16:11"
5432,1958,64,2,2005-07-09,"21:21:25",2005-07-14,"21:34:25"
5433,2679,349,2,2005-07-09,"21:22:00",2005-07-10,"21:18:00"
5434,3790,334,2,2005-07-09,"21:25:20",2005-07-15,"03:12:20"
5435,2884,273,2,2005-07-09,"21:28:07",2005-07-18,"21:16:07"
5436,2364,89,2,2005-07-09,"21:31:11",2005-07-13,"16:59:11"
5437,3532,26,2,2005-07-09,"21:32:29",2005-07-15,"00:27:29"
5438,487,241,2,2005-07-09,"21:34:32",2005-07-16,"02:21:32"
5439,1993,58,2,2005-07-09,"21:39:35",2005-07-13,"17:45:35"
5440,138,332,2,2005-07-09,"21:45:17",2005-07-11,"22:43:17"
5441,3913,7,1,2005-07-09,"21:52:05",2005-07-17,"02:54:05"
5442,3093,29,2,2005-07-09,"21:55:19",2005-07-19,"01:18:19"
5443,2951,137,2,2005-07-09,"21:56:09",2005-07-16,"00:33:09"
5444,2968,10,2,2005-07-09,"21:58:57",2005-07-11,"03:09:57"
5445,565,578,1,2005-07-09,"21:59:41",2005-07-15,"00:40:41"
5446,2769,454,2,2005-07-09,"21:59:55",2005-07-11,"01:45:55"
5447,2530,473,2,2005-07-09,"22:09:28",2005-07-18,"20:03:28"
5448,646,463,2,2005-07-09,"22:11:14",2005-07-15,"21:08:14"
5449,921,261,2,2005-07-09,"22:12:01",2005-07-18,"01:18:01"
5450,2356,328,1,2005-07-09,"22:13:25",2005-07-13,"23:28:25"
5451,3484,39,1,2005-07-09,"22:22:10",2005-07-11,"02:43:10"
5452,2036,80,1,2005-07-09,"22:23:21",2005-07-17,"00:20:21"
5453,1780,106,1,2005-07-09,"22:24:11",2005-07-19,"04:08:11"
5454,3049,97,1,2005-07-09,"22:24:25",2005-07-11,"01:52:25"
5455,1955,464,2,2005-07-09,"22:28:45",2005-07-18,"02:50:45"
5456,3003,360,1,2005-07-09,"22:31:45",2005-07-12,"03:53:45"
5457,4179,433,1,2005-07-09,"22:33:14",2005-07-12,"02:30:14"
5458,2203,521,1,2005-07-09,"22:35:49",2005-07-16,"22:55:49"
5459,1847,168,1,2005-07-09,"22:43:56",2005-07-12,"18:05:56"
5460,2410,38,2,2005-07-09,"22:46:14",2005-07-12,"21:26:14"
5461,53,244,2,2005-07-09,"22:48:04",2005-07-10,"17:56:04"
5462,871,583,2,2005-07-09,"22:56:53",2005-07-11,"21:50:53"
5463,601,374,1,2005-07-09,"22:57:02",2005-07-11,"03:10:02"
5464,3692,434,1,2005-07-09,"22:58:14",2005-07-15,"02:48:14"
5465,723,503,1,2005-07-09,"23:01:13",2005-07-13,"01:03:13"
5466,2302,482,2,2005-07-09,"23:03:21",2005-07-10,"20:11:21"
5467,374,543,2,2005-07-09,"23:05:47",2005-07-16,"17:06:47"
5468,2196,81,1,2005-07-09,"23:06:09",2005-07-13,"00:48:09"
5469,2201,475,1,2005-07-09,"23:08:07",2005-07-13,"19:13:07"
5470,3254,325,1,2005-07-09,"23:10:49",2005-07-18,"04:30:49"
5471,4086,347,2,2005-07-09,"23:11:52",2005-07-13,"02:08:52"
5472,865,165,2,2005-07-09,"23:16:40",2005-07-10,"18:43:40"
5473,4283,51,2,2005-07-09,"23:19:11",2005-07-19,"02:30:11"
5474,3608,375,1,2005-07-09,"23:23:57",2005-07-15,"03:11:57"
5475,726,219,1,2005-07-09,"23:31:38",2005-07-12,"03:51:38"
5476,1199,427,1,2005-07-09,"23:37:09",2005-07-15,"23:57:09"
5477,994,542,2,2005-07-09,"23:43:49",2005-07-15,"05:03:49"
5478,3213,583,1,2005-07-09,"23:45:15",2005-07-15,"22:48:15"
5479,216,250,1,2005-07-09,"23:47:33",2005-07-13,"01:09:33"
5480,847,452,1,2005-07-09,"23:49:07",2005-07-12,"00:15:07"
5481,562,479,2,2005-07-09,"23:51:57",2005-07-11,"05:28:57"
5482,2136,460,1,2005-07-09,"23:53:04",2005-07-15,"04:59:04"
5483,4362,89,1,2005-07-09,"23:54:09",2005-07-17,"23:36:09"
5484,3248,495,1,2005-07-09,"23:54:37",2005-07-15,"02:05:37"
5485,3930,173,1,2005-07-09,"23:55:25",2005-07-14,"04:08:25"
5486,2864,538,1,2005-07-09,"23:57:44",2005-07-14,"00:23:44"
5487,1144,341,1,2005-07-10,"00:01:50",2005-07-10,"20:43:50"
5488,4262,173,2,2005-07-10,"00:02:06",2005-07-15,"01:45:06"
5489,2319,490,1,2005-07-10,"00:07:03",2005-07-15,"19:52:03"
5490,3044,367,1,2005-07-10,"00:09:11",2005-07-14,"21:23:11"
5491,2007,49,1,2005-07-10,"00:09:45",2005-07-11,"02:25:45"
5492,4524,558,1,2005-07-10,"00:11:09",2005-07-14,"01:27:09"
5493,2037,539,2,2005-07-10,"00:11:44",2005-07-15,"19:24:44"
5494,3087,139,2,2005-07-10,"00:15:00",2005-07-17,"01:12:00"
5495,2199,257,2,2005-07-10,"00:16:54",2005-07-19,"01:22:54"
5496,3182,369,2,2005-07-10,"00:20:23",2005-07-18,"21:10:23"
5497,4473,92,1,2005-07-10,"00:23:23",2005-07-16,"03:54:23"
5498,63,302,2,2005-07-10,"00:27:21",2005-07-13,"20:11:21"
5499,1525,127,1,2005-07-10,"00:27:45",2005-07-17,"06:11:45"
5500,3380,457,1,2005-07-10,"00:28:17",2005-07-15,"19:09:17"
5501,3979,372,1,2005-07-10,"00:33:48",2005-07-17,"02:58:48"
5502,3712,243,1,2005-07-10,"00:34:15",2005-07-11,"21:44:15"
5503,3892,262,1,2005-07-10,"00:35:37",2005-07-12,"20:29:37"
5504,3053,455,1,2005-07-10,"00:36:38",2005-07-16,"19:36:38"
5505,896,253,2,2005-07-10,"00:38:48",2005-07-12,"03:12:48"
5506,2432,117,2,2005-07-10,"00:45:48",2005-07-18,"20:35:48"
5507,716,399,2,2005-07-10,"00:49:04",2005-07-15,"22:06:04"
5508,2977,345,1,2005-07-10,"00:50:01",2005-07-16,"19:07:01"
5509,1142,102,1,2005-07-10,"00:54:46",2005-07-16,"05:10:46"
5510,1298,67,2,2005-07-10,"00:58:37",2005-07-17,"22:02:37"
5511,3678,301,1,2005-07-10,"01:00:00",2005-07-12,"20:44:00"
5512,4470,405,1,2005-07-10,"01:05:38",2005-07-17,"20:47:38"
5513,2558,356,2,2005-07-10,"01:05:41",2005-07-11,"02:05:41"
5514,1824,522,1,2005-07-10,"01:09:42",2005-07-17,"05:47:42"
5515,3772,39,1,2005-07-10,"01:12:44",2005-07-13,"00:39:44"
5516,1902,581,1,2005-07-10,"01:13:52",2005-07-15,"22:56:52"
5517,3689,42,1,2005-07-10,"01:15:00",2005-07-19,"01:59:00"
5518,3340,451,2,2005-07-10,"01:15:11",2005-07-18,"19:28:11"
5519,1312,85,1,2005-07-10,"01:18:32",2005-07-11,"20:39:32"
5520,2527,501,2,2005-07-10,"01:30:41",2005-07-15,"21:37:41"
5521,1956,182,2,2005-07-10,"01:31:22",2005-07-17,"05:42:22"
5522,2622,573,2,2005-07-10,"01:46:29",2005-07-18,"00:41:29"
5523,2233,125,1,2005-07-10,"01:47:55",2005-07-18,"22:25:55"
5524,3596,386,1,2005-07-10,"01:49:24",2005-07-14,"22:55:24"
5525,3141,241,1,2005-07-10,"02:03:08",2005-07-18,"07:32:08"
5526,3909,144,2,2005-07-10,"02:04:03",2005-07-16,"22:15:03"
5527,4462,554,2,2005-07-10,"02:06:01",2005-07-15,"00:55:01"
5528,680,551,2,2005-07-10,"02:09:21",2005-07-17,"06:22:21"
5529,1652,590,2,2005-07-10,"02:11:13",2005-07-15,"06:56:13"
5530,2701,74,2,2005-07-10,"02:13:49",2005-07-18,"08:01:49"
5531,2992,173,2,2005-07-10,"02:13:59",2005-07-15,"00:01:59"
5532,983,522,2,2005-07-10,"02:17:31",2005-07-16,"02:57:31"
5533,2567,270,1,2005-07-10,"02:19:28",2005-07-11,"01:37:28"
5534,3251,156,1,2005-07-10,"02:26:49",2005-07-11,"07:13:49"
5535,1623,394,1,2005-07-10,"02:27:42",2005-07-12,"21:13:42"
5536,1919,195,2,2005-07-10,"02:29:42",2005-07-13,"04:06:42"
5537,1781,254,2,2005-07-10,"02:35:41",2005-07-13,"07:11:41"
5538,2119,367,2,2005-07-10,"02:39:40",2005-07-12,"01:39:40"
5539,3217,90,2,2005-07-10,"02:42:58",2005-07-16,"02:27:58"
5540,132,250,1,2005-07-10,"02:44:21",2005-07-11,"07:13:21"
5541,1211,135,2,2005-07-10,"02:44:27",2005-07-13,"04:13:27"
5542,1713,105,2,2005-07-10,"02:45:53",2005-07-15,"23:23:53"
5543,1496,71,2,2005-07-10,"02:48:03",2005-07-17,"05:49:03"
5544,1014,316,1,2005-07-10,"02:48:07",2005-07-17,"01:08:07"
5545,118,236,1,2005-07-10,"02:50:29",2005-07-16,"02:11:29"
5546,2918,515,1,2005-07-10,"02:50:37",2005-07-16,"08:22:37"
5547,1432,519,1,2005-07-10,"02:52:47",2005-07-16,"02:10:47"
5548,2973,317,2,2005-07-10,"02:56:45",2005-07-13,"01:33:45"
5549,2685,163,2,2005-07-10,"02:58:29",2005-07-17,"05:24:29"
5550,1905,254,2,2005-07-10,"02:58:35",2005-07-16,"02:38:35"
5551,4238,44,2,2005-07-10,"03:01:09",2005-07-18,"02:04:09"
5552,2879,27,2,2005-07-10,"03:01:19",2005-07-13,"06:53:19"
5553,1686,6,2,2005-07-10,"03:03:35",2005-07-14,"07:49:35"
5554,4084,252,2,2005-07-10,"03:03:38",2005-07-17,"00:00:38"
5555,2551,79,2,2005-07-10,"03:08:55",2005-07-11,"01:36:55"
5556,4483,354,1,2005-07-10,"03:10:17",2005-07-14,"02:47:17"
5557,1433,346,1,2005-07-10,"03:10:21",2005-07-11,"21:34:21"
5558,1123,96,2,2005-07-10,"03:12:08",2005-07-14,"03:09:08"
5559,4122,496,1,2005-07-10,"03:13:07",2005-07-18,"08:33:07"
5560,720,231,2,2005-07-10,"03:13:24",2005-07-19,"06:03:24"
5561,1048,369,1,2005-07-10,"03:15:24",2005-07-15,"06:46:24"
5562,3604,300,1,2005-07-10,"03:17:42",2005-07-12,"03:26:42"
5563,2258,362,1,2005-07-10,"03:21:02",2005-07-14,"07:40:02"
5564,196,355,2,2005-07-10,"03:23:05",2005-07-16,"07:46:05"
5565,3368,14,1,2005-07-10,"03:29:48",2005-07-17,"04:43:48"
5566,1343,124,1,2005-07-10,"03:30:17",2005-07-13,"06:32:17"
5567,1616,147,2,2005-07-10,"03:36:46",2005-07-15,"23:22:46"
5568,1130,424,2,2005-07-10,"03:36:56",2005-07-11,"08:35:56"
5569,2835,69,2,2005-07-10,"03:38:32",2005-07-16,"00:02:32"
5570,2013,374,1,2005-07-10,"03:46:47",2005-07-17,"09:28:47"
5571,1084,76,2,2005-07-10,"03:48:20",2005-07-11,"02:09:20"
5572,2709,458,1,2005-07-10,"03:49:00",2005-07-14,"01:25:00"
5573,2957,170,2,2005-07-10,"03:50:47",2005-07-17,"06:40:47"
5574,2307,163,2,2005-07-10,"03:54:38",2005-07-19,"07:20:38"
5575,2316,107,1,2005-07-10,"03:55:50",2005-07-12,"08:40:50"
5576,1453,217,2,2005-07-10,"03:57:05",2005-07-13,"02:16:05"
5577,3779,266,1,2005-07-10,"03:58:40",2005-07-14,"03:36:40"
5578,4543,378,2,2005-07-10,"04:00:31",2005-07-16,"08:06:31"
5579,945,203,1,2005-07-10,"04:04:29",2005-07-14,"04:31:29"
5580,2753,521,2,2005-07-10,"04:05:49",2005-07-18,"22:36:49"
5581,3450,306,2,2005-07-10,"04:06:06",2005-07-15,"08:31:06"
5582,3341,305,1,2005-07-10,"04:08:25",2005-07-13,"06:04:25"
5583,1242,391,1,2005-07-10,"04:08:48",2005-07-19,"07:59:48"
5584,2606,289,2,2005-07-10,"04:15:25",2005-07-16,"22:54:25"
5585,3524,63,1,2005-07-10,"04:15:43",2005-07-15,"08:24:43"
5586,2965,427,1,2005-07-10,"04:17:06",2005-07-18,"07:11:06"
5587,4485,531,1,2005-07-10,"04:17:25",2005-07-15,"01:41:25"
5588,1166,535,2,2005-07-10,"04:21:10",2005-07-16,"02:58:10"
5589,3673,296,1,2005-07-10,"04:22:58",2005-07-10,"23:13:58"
5590,4442,407,1,2005-07-10,"04:23:11",2005-07-19,"09:03:11"
5591,378,374,1,2005-07-10,"04:25:03",2005-07-16,"04:21:03"
5592,2471,222,2,2005-07-10,"04:26:13",2005-07-19,"02:32:13"
5593,702,287,2,2005-07-10,"04:33:13",2005-07-17,"08:44:13"
5594,61,440,2,2005-07-10,"04:33:36",2005-07-12,"08:13:36"
5595,264,572,1,2005-07-10,"04:33:45",2005-07-16,"04:04:45"
5596,1662,240,2,2005-07-10,"04:43:14",2005-07-11,"22:58:14"
5597,4264,576,2,2005-07-10,"04:47:57",2005-07-17,"01:54:57"
5598,3412,397,2,2005-07-10,"04:48:29",2005-07-18,"10:33:29"
5599,3054,391,1,2005-07-10,"04:52:04",2005-07-13,"05:19:04"
5600,3713,138,2,2005-07-10,"04:55:45",2005-07-18,"03:10:45"
5601,3062,511,1,2005-07-10,"04:56:55",2005-07-11,"00:14:55"
5602,3544,253,2,2005-07-10,"05:02:22",2005-07-14,"23:40:22"
5603,1308,74,2,2005-07-10,"05:04:54",2005-07-12,"01:54:54"
5604,3702,78,1,2005-07-10,"05:05:00",2005-07-12,"08:04:00"
5605,2964,273,2,2005-07-10,"05:06:45",2005-07-15,"02:51:45"
5606,2896,51,2,2005-07-10,"05:07:55",2005-07-15,"00:14:55"
5607,4257,52,2,2005-07-10,"05:08:10",2005-07-15,"00:40:10"
5608,3854,384,1,2005-07-10,"05:08:26",2005-07-10,"23:24:26"
5609,1553,492,1,2005-07-10,"05:09:46",2005-07-12,"10:38:46"
5610,481,131,2,2005-07-10,"05:09:52",2005-07-13,"07:08:52"
5611,2832,424,1,2005-07-10,"05:13:43",2005-07-16,"05:56:43"
5612,2363,472,2,2005-07-10,"05:15:12",2005-07-17,"09:50:12"
5613,4517,220,2,2005-07-10,"05:15:43",2005-07-13,"05:17:43"
5614,133,371,1,2005-07-10,"05:16:56",2005-07-13,"02:03:56"
5615,1521,173,2,2005-07-10,"05:18:51",2005-07-17,"11:05:51"
5616,4014,238,2,2005-07-10,"05:21:11",2005-07-18,"08:42:11"
5617,2324,342,2,2005-07-10,"05:28:50",2005-07-12,"00:02:50"
5618,757,316,1,2005-07-10,"05:28:58",2005-07-18,"01:38:58"
5619,113,204,1,2005-07-10,"05:29:33",2005-07-15,"00:40:33"
5620,2980,92,1,2005-07-10,"05:30:52",2005-07-16,"04:13:52"
5621,552,310,1,2005-07-10,"05:34:10",2005-07-14,"02:49:10"
5622,1783,568,2,2005-07-10,"05:39:37",2005-07-15,"00:48:37"
5623,4464,229,2,2005-07-10,"05:41:38",2005-07-14,"01:01:38"
5624,1015,114,1,2005-07-10,"05:43:16",2005-07-12,"05:33:16"
5625,1751,114,2,2005-07-10,"05:44:02",2005-07-12,"00:03:02"
5626,3029,389,1,2005-07-10,"05:49:35",2005-07-15,"08:05:35"
5627,244,136,2,2005-07-10,"05:51:12",2005-07-17,"09:56:12"
5628,4040,87,1,2005-07-10,"05:56:40",2005-07-17,"11:13:40"
5629,400,546,1,2005-07-10,"06:02:25",2005-07-16,"07:33:25"
5630,1151,537,2,2005-07-10,"06:08:14",2005-07-14,"03:37:14"
5631,2095,595,2,2005-07-10,"06:15:45",2005-07-17,"09:53:45"
5632,2632,404,2,2005-07-10,"06:17:06",2005-07-17,"02:32:06"
5633,1056,480,2,2005-07-10,"06:22:24",2005-07-11,"05:59:24"
5634,323,487,2,2005-07-10,"06:25:48",2005-07-17,"09:07:48"
5635,1457,222,2,2005-07-10,"06:28:39",2005-07-17,"08:35:39"
5636,4116,2,1,2005-07-10,"06:31:24",2005-07-13,"02:36:24"
5637,4436,45,1,2005-07-10,"06:31:37",2005-07-17,"01:16:37"
5638,1528,570,2,2005-07-10,"06:32:49",2005-07-13,"04:32:49"
5639,2452,249,1,2005-07-10,"06:33:39",2005-07-19,"07:47:39"
5640,2706,574,2,2005-07-10,"06:38:00",2005-07-18,"08:56:00"
5641,3568,50,1,2005-07-10,"06:43:43",2005-07-15,"06:33:43"
5642,3630,299,1,2005-07-10,"06:46:08",2005-07-13,"10:03:08"
5643,796,34,1,2005-07-10,"06:49:00",2005-07-14,"01:53:00"
5644,4069,476,2,2005-07-10,"06:57:44",2005-07-15,"03:52:44"
5645,1586,333,2,2005-07-10,"06:58:21",2005-07-18,"04:19:21"
5646,1471,166,2,2005-07-10,"07:08:09",2005-07-14,"03:48:09"
5647,1466,128,2,2005-07-10,"07:08:40",2005-07-13,"05:19:40"
5648,4359,24,2,2005-07-10,"07:09:21",2005-07-16,"07:23:21"
5649,1349,336,2,2005-07-10,"07:15:07",2005-07-12,"11:57:07"
5650,2793,461,1,2005-07-10,"07:17:01",2005-07-15,"11:59:01"
5651,301,239,2,2005-07-10,"07:17:13",2005-07-15,"12:13:13"
5652,927,42,1,2005-07-10,"07:18:58",2005-07-19,"07:52:58"
5653,919,28,1,2005-07-10,"07:21:27",2005-07-16,"01:58:27"
5654,3419,490,2,2005-07-10,"07:24:46",2005-07-14,"07:39:46"
5655,3470,113,1,2005-07-10,"07:31:06",2005-07-17,"08:22:06"
5656,4138,159,1,2005-07-10,"07:31:07",2005-07-15,"04:44:07"
5657,4342,508,2,2005-07-10,"07:33:43",2005-07-18,"01:55:43"
5658,4402,165,2,2005-07-10,"07:34:08",2005-07-19,"04:21:08"
5659,4265,9,1,2005-07-10,"07:45:40",2005-07-15,"05:20:40"
5660,1404,171,1,2005-07-10,"07:46:12",2005-07-17,"07:48:12"
5661,1878,108,2,2005-07-10,"07:53:51",2005-07-14,"12:57:51"
5662,219,502,1,2005-07-10,"07:59:24",2005-07-14,"13:06:24"
5663,3078,530,2,2005-07-10,"08:01:33",2005-07-15,"03:36:33"
5664,2375,469,1,2005-07-10,"08:04:41",2005-07-17,"10:29:41"
5665,1175,415,2,2005-07-10,"08:10:08",2005-07-11,"05:22:08"
5666,2225,242,2,2005-07-10,"08:10:29",2005-07-17,"04:54:29"
5667,683,336,2,2005-07-10,"08:11:03",2005-07-15,"08:23:03"
5668,309,211,1,2005-07-10,"08:11:05",2005-07-16,"13:15:05"
5669,1173,323,2,2005-07-10,"08:12:53",2005-07-11,"05:48:53"
5670,610,121,2,2005-07-10,"08:14:52",2005-07-14,"04:13:52"
5671,1304,268,2,2005-07-10,"08:18:22",2005-07-11,"07:03:22"
5672,2326,158,2,2005-07-10,"08:19:38",2005-07-16,"06:28:38"
5673,4018,117,2,2005-07-10,"08:21:54",2005-07-11,"05:54:54"
5674,548,258,1,2005-07-10,"08:26:26",2005-07-16,"02:43:26"
5675,2134,376,1,2005-07-10,"08:31:06",2005-07-17,"11:48:06"
5676,3595,153,1,2005-07-10,"08:38:32",2005-07-13,"10:11:32"
5677,2647,105,2,2005-07-10,"08:41:28",2005-07-12,"09:05:28"
5678,4366,96,1,2005-07-10,"08:42:42",2005-07-19,"03:48:42"
5679,389,138,1,2005-07-10,"08:44:02",2005-07-14,"05:30:02"
5680,3503,199,1,2005-07-10,"08:47:36",2005-07-17,"06:10:36"
5681,4176,50,1,2005-07-10,"08:48:39",2005-07-18,"07:17:39"
5682,17,302,2,2005-07-10,"08:51:39",2005-07-12,"14:44:39"
5683,4433,285,1,2005-07-10,"08:52:13",2005-07-19,"10:25:13"
5684,99,132,1,2005-07-10,"08:59:03",2005-07-15,"07:21:03"
5685,1462,170,1,2005-07-10,"09:01:38",2005-07-17,"10:58:38"
5686,717,521,2,2005-07-10,"09:06:03",2005-07-11,"10:59:03"
5687,2170,363,2,2005-07-10,"09:07:19",2005-07-16,"11:17:19"
5688,3036,598,1,2005-07-10,"09:16:08",2005-07-15,"09:44:08"
5689,1731,381,1,2005-07-10,"09:24:17",2005-07-15,"05:36:17"
5690,1326,362,2,2005-07-10,"09:26:49",2005-07-19,"07:17:49"
5691,3526,466,1,2005-07-10,"09:29:49",2005-07-16,"13:37:49"
5692,59,244,2,2005-07-10,"09:32:22",2005-07-15,"15:20:22"
5693,2167,208,2,2005-07-10,"09:35:43",2005-07-12,"08:05:43"
5694,3476,57,1,2005-07-10,"09:40:38",2005-07-14,"09:16:38"
5695,440,459,2,2005-07-10,"09:43:40",2005-07-13,"15:04:40"
5696,128,96,2,2005-07-10,"09:44:32",2005-07-12,"13:38:32"
5697,934,515,2,2005-07-10,"09:44:44",2005-07-12,"12:13:44"
5698,639,46,1,2005-07-10,"09:47:00",2005-07-16,"06:26:00"
5699,958,211,1,2005-07-10,"09:48:04",2005-07-17,"09:07:04"
5700,3961,87,1,2005-07-10,"09:49:42",2005-07-19,"04:20:42"
5701,2395,91,2,2005-07-10,"09:56:24",2005-07-16,"15:11:24"
5702,3349,324,1,2005-07-10,"10:00:01",2005-07-11,"15:29:01"
5703,1585,132,1,2005-07-10,"10:04:15",2005-07-16,"07:43:15"
5704,2104,591,1,2005-07-10,"10:06:29",2005-07-17,"10:48:29"
5705,4030,300,2,2005-07-10,"10:09:17",2005-07-19,"07:24:17"
5706,3701,255,2,2005-07-10,"10:21:46",2005-07-16,"04:37:46"
5707,708,581,1,2005-07-10,"10:26:14",2005-07-18,"06:19:14"
5708,571,484,1,2005-07-10,"10:29:19",2005-07-18,"06:50:19"
5709,732,302,1,2005-07-10,"10:31:52",2005-07-12,"10:47:52"
5710,2843,265,1,2005-07-10,"10:32:52",2005-07-18,"06:28:52"
5711,3988,481,1,2005-07-10,"10:37:20",2005-07-13,"11:20:20"
5712,3480,304,1,2005-07-10,"10:40:32",2005-07-12,"11:45:32"
5713,1213,572,1,2005-07-10,"10:46:15",2005-07-19,"14:34:15"
5714,3706,17,1,2005-07-10,"10:46:57",2005-07-18,"14:07:57"
5715,1638,132,1,2005-07-10,"10:48:03",2005-07-18,"11:27:03"
5716,3416,102,2,2005-07-10,"10:59:23",2005-07-16,"12:25:23"
5717,529,15,1,2005-07-10,"11:02:03",2005-07-13,"13:00:03"
5718,3719,20,2,2005-07-10,"11:03:20",2005-07-19,"15:38:20"
5719,2100,94,2,2005-07-10,"11:07:40",2005-07-15,"14:14:40"
5720,576,339,1,2005-07-10,"11:09:12",2005-07-16,"07:31:12"
5721,2348,5,2,2005-07-10,"11:09:35",2005-07-17,"16:41:35"
5722,2890,556,2,2005-07-10,"11:10:04",2005-07-12,"16:31:04"
5723,605,33,2,2005-07-10,"11:14:48",2005-07-11,"15:46:48"
5724,3597,289,2,2005-07-10,"11:18:12",2005-07-16,"14:53:12"
5725,4293,426,2,2005-07-10,"11:21:21",2005-07-14,"05:34:21"
5726,3582,131,1,2005-07-10,"11:22:08",2005-07-13,"05:55:08"
5727,3338,550,2,2005-07-10,"11:25:28",2005-07-11,"11:03:28"
5728,636,335,1,2005-07-10,"11:26:14",2005-07-15,"12:55:14"
5729,4137,188,2,2005-07-10,"11:27:25",2005-07-15,"06:13:25"
5730,1903,301,2,2005-07-10,"11:28:32",2005-07-11,"11:45:32"
5731,2960,440,1,2005-07-10,"11:31:52",2005-07-14,"11:44:52"
5732,2833,597,2,2005-07-10,"11:36:32",2005-07-12,"13:09:32"
5733,3806,415,2,2005-07-10,"11:37:24",2005-07-11,"12:34:24"
5734,399,447,1,2005-07-10,"11:37:28",2005-07-16,"11:10:28"
5735,3259,65,1,2005-07-10,"11:39:15",2005-07-19,"09:52:15"
5736,1172,27,1,2005-07-10,"11:45:48",2005-07-13,"16:40:48"
5737,1118,218,1,2005-07-10,"11:50:04",2005-07-13,"10:37:04"
5738,200,187,1,2005-07-10,"11:50:51",2005-07-19,"17:46:51"
5739,163,219,1,2005-07-10,"11:51:50",2005-07-19,"17:40:50"
5740,2147,325,2,2005-07-10,"11:51:58",2005-07-12,"07:53:58"
5741,2041,513,2,2005-07-10,"11:55:40",2005-07-16,"15:02:40"
5742,3975,596,2,2005-07-10,"11:56:18",2005-07-19,"06:59:18"
5743,593,297,2,2005-07-10,"11:57:38",2005-07-19,"15:38:38"
5744,1372,437,2,2005-07-10,"12:08:33",2005-07-14,"12:34:33"
5745,41,305,1,2005-07-10,"12:10:11",2005-07-19,"06:56:11"
5746,3071,82,1,2005-07-10,"12:15:12",2005-07-16,"07:02:12"
5747,4562,583,1,2005-07-10,"12:15:33",2005-07-18,"10:11:33"
5748,1618,99,1,2005-07-10,"12:19:59",2005-07-12,"12:59:59"
5749,1768,304,1,2005-07-10,"12:20:36",2005-07-19,"10:39:36"
5750,3855,330,2,2005-07-10,"12:20:41",2005-07-17,"08:25:41"
5751,387,479,1,2005-07-10,"12:25:11",2005-07-11,"15:23:11"
5752,4444,86,2,2005-07-10,"12:27:38",2005-07-18,"09:22:38"
5753,3639,444,2,2005-07-10,"12:29:43",2005-07-17,"12:50:43"
5754,162,291,2,2005-07-10,"12:32:43",2005-07-12,"13:11:43"
5755,2760,2,1,2005-07-10,"12:38:56",2005-07-19,"17:02:56"
5756,130,183,2,2005-07-10,"12:39:28",2005-07-11,"14:08:28"
5757,1827,101,1,2005-07-10,"12:40:17",2005-07-12,"14:02:17"
5758,502,363,2,2005-07-10,"12:42:43",2005-07-16,"10:18:43"
5759,816,591,1,2005-07-10,"12:43:22",2005-07-16,"16:42:22"
5760,1050,154,1,2005-07-10,"12:44:48",2005-07-14,"12:25:48"
5761,1763,287,2,2005-07-10,"12:45:36",2005-07-13,"10:05:36"
5762,1815,217,1,2005-07-10,"12:48:01",2005-07-18,"16:43:01"
5763,753,397,1,2005-07-10,"12:58:12",2005-07-14,"08:52:12"
5764,1556,245,1,2005-07-10,"12:58:16",2005-07-19,"07:28:16"
5765,2619,293,1,2005-07-10,"13:03:02",2005-07-16,"09:31:02"
5766,7,406,1,2005-07-10,"13:07:31",2005-07-16,"13:03:31"
5767,2871,32,2,2005-07-10,"13:13:18",2005-07-17,"14:41:18"
5768,345,196,1,2005-07-10,"13:15:26",2005-07-15,"09:42:26"
5769,4052,141,1,2005-07-10,"13:17:58",2005-07-11,"11:32:58"
5770,914,71,2,2005-07-10,"13:21:28",2005-07-11,"08:59:28"
5771,3275,153,1,2005-07-10,"13:26:45",2005-07-14,"15:43:45"
5772,3635,21,1,2005-07-10,"13:27:40",2005-07-17,"08:24:40"
5773,3277,180,2,2005-07-10,"13:31:09",2005-07-15,"08:21:09"
5774,326,113,1,2005-07-10,"13:31:56",2005-07-18,"07:32:56"
5775,2175,325,1,2005-07-10,"13:34:26",2005-07-15,"10:01:26"
5776,3592,568,1,2005-07-10,"13:35:22",2005-07-12,"17:58:22"
5777,3959,40,2,2005-07-10,"13:38:41",2005-07-17,"15:48:41"
5778,4435,324,1,2005-07-10,"13:41:37",2005-07-14,"16:26:37"
5779,3266,244,1,2005-07-10,"13:45:54",2005-07-15,"18:13:54"
5780,168,516,2,2005-07-10,"13:46:23",2005-07-14,"17:19:23"
5781,3191,167,2,2005-07-10,"13:49:30",2005-07-11,"12:11:30"
5782,2514,440,2,2005-07-10,"13:52:56",2005-07-15,"09:32:56"
5783,3331,385,1,2005-07-10,"13:55:33",2005-07-16,"12:13:33"
5784,2323,422,1,2005-07-10,"14:03:28",2005-07-16,"16:22:28"
5785,142,211,2,2005-07-10,"14:06:03",2005-07-17,"17:59:03"
5786,2290,350,2,2005-07-10,"14:06:44",2005-07-14,"19:55:44"
5787,1075,44,1,2005-07-10,"14:08:49",2005-07-19,"18:29:49"
5788,1707,63,2,2005-07-10,"14:10:22",2005-07-14,"19:46:22"
5789,2601,571,1,2005-07-10,"14:11:26",2005-07-18,"16:19:26"
5790,1696,235,2,2005-07-10,"14:15:21",2005-07-14,"08:53:21"
5791,2795,319,2,2005-07-10,"14:16:22",2005-07-19,"13:38:22"
5792,4234,92,1,2005-07-10,"14:22:19",2005-07-19,"09:08:19"
5793,2927,268,1,2005-07-10,"14:33:00",2005-07-13,"19:27:00"
5794,1164,198,2,2005-07-10,"14:34:53",2005-07-17,"11:50:53"
5795,3958,304,1,2005-07-10,"14:36:29",2005-07-14,"13:26:29"
5796,1631,286,2,2005-07-10,"14:42:54",2005-07-17,"08:47:54"
5797,1880,384,2,2005-07-10,"14:43:52",2005-07-13,"16:12:52"
5798,331,107,1,2005-07-10,"14:45:09",2005-07-16,"13:43:09"
5799,3045,520,2,2005-07-10,"14:53:35",2005-07-14,"16:18:35"
5800,2466,411,2,2005-07-10,"14:58:36",2005-07-11,"19:50:36"
5801,3511,439,2,2005-07-10,"14:59:05",2005-07-14,"17:55:05"
5802,2295,520,2,2005-07-10,"15:02:17",2005-07-19,"15:43:17"
5803,1982,244,1,2005-07-10,"15:05:42",2005-07-15,"10:19:42"
5804,2168,137,1,2005-07-10,"15:06:31",2005-07-14,"11:00:31"
5805,3553,532,2,2005-07-10,"15:08:41",2005-07-19,"16:35:41"
5806,29,108,2,2005-07-10,"15:11:54",2005-07-15,"11:51:54"
5807,2092,301,2,2005-07-10,"15:16:30",2005-07-11,"14:02:30"
5808,2310,170,2,2005-07-10,"15:17:33",2005-07-14,"12:14:33"
5809,1748,461,2,2005-07-10,"15:19:30",2005-07-13,"12:31:30"
5810,1426,482,2,2005-07-10,"15:22:04",2005-07-18,"21:05:04"
5811,4007,441,1,2005-07-10,"15:27:04",2005-07-12,"17:20:04"
5812,1681,581,2,2005-07-10,"15:27:56",2005-07-18,"15:37:56"
5813,942,512,2,2005-07-10,"15:34:37",2005-07-17,"16:14:37"
5814,2537,71,2,2005-07-10,"15:46:50",2005-07-13,"15:28:50"
5815,2934,22,1,2005-07-10,"15:48:19",2005-07-13,"12:09:19"
5816,1746,382,2,2005-07-10,"15:48:47",2005-07-13,"11:51:47"
5817,2993,28,2,2005-07-10,"15:49:12",2005-07-18,"19:30:12"
5818,3940,334,2,2005-07-10,"15:51:12",2005-07-14,"14:10:12"
5819,3439,347,2,2005-07-10,"15:56:20",2005-07-12,"19:59:20"
5820,1511,485,1,2005-07-10,"16:04:59",2005-07-16,"12:10:59"
5821,147,302,1,2005-07-10,"16:07:16",2005-07-14,"19:48:16"
5822,1385,38,2,2005-07-10,"16:10:39",2005-07-13,"19:05:39"
5823,1879,483,2,2005-07-10,"16:19:52",2005-07-11,"12:33:52"
5824,1980,449,2,2005-07-10,"16:19:53",2005-07-12,"11:17:53"
5825,3843,444,1,2005-07-10,"16:20:30",2005-07-11,"18:58:30"
5826,4104,254,1,2005-07-10,"16:21:02",2005-07-17,"21:08:02"
5827,1296,290,2,2005-07-10,"16:22:20",2005-07-15,"21:13:20"
5828,2999,156,1,2005-07-10,"16:27:25",2005-07-11,"18:42:25"
5829,3405,118,1,2005-07-10,"16:29:41",2005-07-14,"22:03:41"
5830,2358,59,1,2005-07-10,"16:34:00",2005-07-18,"16:42:00"
5831,830,43,2,2005-07-10,"16:34:02",2005-07-11,"14:27:02"
5832,2387,63,1,2005-07-10,"16:34:48",2005-07-17,"17:25:48"
5833,3829,187,1,2005-07-10,"16:39:24",2005-07-17,"12:52:24"
5834,85,360,2,2005-07-10,"16:44:12",2005-07-14,"11:34:12"
5835,800,11,2,2005-07-10,"16:44:58",2005-07-17,"16:03:58"
5836,1842,310,2,2005-07-10,"16:49:02",2005-07-11,"22:35:02"
5837,1648,478,2,2005-07-10,"16:57:50",2005-07-18,"14:07:50"
5838,1627,202,1,2005-07-10,"17:04:56",2005-07-11,"15:15:56"
5839,252,367,2,2005-07-10,"17:08:30",2005-07-13,"21:21:30"
5840,1073,72,1,2005-07-10,"17:09:09",2005-07-15,"22:52:09"
5841,1230,525,2,2005-07-10,"17:11:31",2005-07-18,"15:50:31"
5842,139,247,1,2005-07-10,"17:11:37",2005-07-14,"21:43:37"
5843,1615,599,2,2005-07-10,"17:14:27",2005-07-15,"21:18:27"
5844,609,147,1,2005-07-10,"17:14:43",2005-07-12,"19:27:43"
5845,2882,334,2,2005-07-10,"17:23:14",2005-07-12,"16:29:14"
5846,938,233,2,2005-07-10,"17:25:24",2005-07-12,"13:41:24"
5847,4403,220,2,2005-07-10,"17:27:42",2005-07-12,"14:51:42"
5848,4549,409,1,2005-07-10,"17:28:14",2005-07-14,"11:54:14"
5849,1632,44,1,2005-07-10,"17:32:33",2005-07-19,"22:39:33"
5850,4015,531,2,2005-07-10,"17:36:27",2005-07-15,"16:44:27"
5851,3944,510,2,2005-07-10,"17:40:47",2005-07-11,"19:24:47"
5852,3890,484,2,2005-07-10,"17:43:30",2005-07-15,"15:05:30"
5853,3026,520,1,2005-07-10,"17:45:13",2005-07-17,"21:37:13"
5854,997,547,2,2005-07-10,"17:47:34",2005-07-13,"20:14:34"
5855,2457,166,2,2005-07-10,"17:54:06",2005-07-18,"15:41:06"
5856,497,314,1,2005-07-10,"17:57:32",2005-07-11,"13:57:32"
5857,1265,29,1,2005-07-10,"17:59:29",2005-07-18,"18:13:29"
5858,2913,257,2,2005-07-10,"18:00:07",2005-07-11,"20:01:07"
5859,131,220,1,2005-07-10,"18:02:02",2005-07-11,"23:24:02"
5860,3897,180,2,2005-07-10,"18:08:49",2005-07-16,"16:43:49"
5861,3881,277,1,2005-07-10,"18:14:22",2005-07-14,"15:32:22"
5862,2075,157,1,2005-07-10,"18:20:48",2005-07-17,"00:09:48"
5863,2557,419,1,2005-07-10,"18:25:23",2005-07-15,"23:49:23"
5864,4380,437,2,2005-07-10,"18:29:57",2005-07-19,"14:27:57"
5865,1382,126,2,2005-07-10,"18:31:05",2005-07-12,"18:29:05"
5866,457,484,2,2005-07-10,"18:35:14",2005-07-19,"19:41:14"
5867,730,321,2,2005-07-10,"18:39:01",2005-07-19,"21:56:01"
5868,452,429,1,2005-07-10,"18:39:16",2005-07-15,"21:19:16"
5869,2157,40,1,2005-07-10,"18:40:09",2005-07-17,"18:42:09"
5870,1524,438,2,2005-07-10,"18:40:25",2005-07-12,"15:39:25"
5871,3288,307,1,2005-07-10,"18:46:08",2005-07-16,"17:32:08"
5872,270,364,1,2005-07-10,"18:54:05",2005-07-19,"15:41:05"
5873,3151,354,2,2005-07-10,"19:02:10",2005-07-14,"19:13:10"
5874,2255,131,1,2005-07-10,"19:02:51",2005-07-16,"13:14:51"
5875,964,575,2,2005-07-10,"19:06:47",2005-07-18,"17:33:47"
5876,4445,578,2,2005-07-10,"19:07:15",2005-07-14,"17:29:15"
5877,1520,537,1,2005-07-10,"19:08:51",2005-07-19,"19:48:51"
5878,3805,271,1,2005-07-10,"19:09:57",2005-07-16,"17:22:57"
5879,3851,430,1,2005-07-10,"19:12:47",2005-07-16,"16:32:47"
5880,359,482,1,2005-07-10,"19:14:58",2005-07-17,"01:13:58"
5881,236,25,1,2005-07-10,"19:19:43",2005-07-12,"20:11:43"
5882,2830,319,2,2005-07-10,"19:20:34",2005-07-11,"18:39:34"
5883,2820,17,2,2005-07-10,"19:25:21",2005-07-16,"20:50:21"
5884,916,498,1,2005-07-10,"19:31:38",2005-07-11,"20:30:38"
5885,3129,331,2,2005-07-10,"19:33:50",2005-07-17,"00:26:50"
5886,907,215,2,2005-07-10,"19:36:25",2005-07-11,"22:24:25"
5887,2602,532,1,2005-07-10,"19:45:47",2005-07-15,"22:15:47"
5888,1620,268,2,2005-07-10,"19:52:17",2005-07-18,"20:32:17"
5889,1706,491,2,2005-07-10,"19:54:41",2005-07-12,"20:08:41"
5890,1463,535,2,2005-07-10,"20:00:25",2005-07-18,"17:57:25"
5891,4355,184,1,2005-07-10,"20:01:17",2005-07-12,"00:15:17"
5892,4322,333,1,2005-07-10,"20:02:42",2005-07-11,"20:02:42"
5893,1689,439,1,2005-07-10,"20:05:30",2005-07-14,"23:05:30"
5894,2264,194,1,2005-07-10,"20:09:34",2005-07-17,"15:39:34"
5895,2272,164,1,2005-07-10,"20:13:19",2005-07-17,"17:51:19"
5896,731,357,1,2005-07-10,"20:15:56",2005-07-12,"00:39:56"
5897,740,413,2,2005-07-10,"20:16:14",2005-07-19,"15:49:14"
5898,3257,538,1,2005-07-10,"20:18:09",2005-07-16,"14:44:09"
5899,1391,388,1,2005-07-10,"20:21:52",2005-07-13,"00:46:52"
5900,1081,419,1,2005-07-10,"20:21:54",2005-07-17,"00:26:54"
5901,86,165,2,2005-07-10,"20:22:12",2005-07-19,"16:43:12"
5902,2727,228,1,2005-07-10,"20:31:24",2005-07-11,"20:50:24"
5903,1388,573,1,2005-07-10,"20:39:04",2005-07-11,"17:41:04"
5904,350,531,2,2005-07-10,"20:39:44",2005-07-13,"17:57:44"
5905,3891,10,1,2005-07-10,"20:41:09",2005-07-19,"14:49:09"
5906,514,323,2,2005-07-10,"20:41:41",2005-07-14,"00:12:41"
5907,4432,168,2,2005-07-10,"20:41:41",2005-07-15,"21:18:41"
5908,810,156,2,2005-07-10,"20:44:14",2005-07-13,"15:05:14"
5909,2333,44,2,2005-07-10,"20:46:13",2005-07-14,"18:01:13"
5910,1039,464,1,2005-07-10,"20:51:34",2005-07-19,"14:54:34"
5911,4140,420,2,2005-07-10,"20:51:42",2005-07-14,"21:58:42"
5912,1187,351,2,2005-07-10,"20:58:22",2005-07-17,"01:15:22"
5913,2767,277,1,2005-07-10,"20:58:55",2005-07-13,"15:18:55"
5914,2639,372,2,2005-07-10,"21:01:12",2005-07-16,"18:27:12"
5915,2464,66,2,2005-07-10,"21:12:16",2005-07-15,"16:59:16"
5916,2267,35,1,2005-07-10,"21:26:31",2005-07-19,"20:23:31"
5917,2910,74,2,2005-07-10,"21:30:22",2005-07-12,"18:54:22"
5918,120,34,1,2005-07-10,"21:32:06",2005-07-19,"21:35:06"
5919,164,92,1,2005-07-10,"21:32:14",2005-07-12,"16:47:14"
5920,1893,221,2,2005-07-10,"21:33:58",2005-07-17,"19:41:58"
5921,3920,7,1,2005-07-10,"21:35:12",2005-07-18,"19:59:12"
5922,1392,271,1,2005-07-10,"21:36:53",2005-07-16,"02:51:53"
5923,1817,401,1,2005-07-10,"21:40:06",2005-07-13,"00:01:06"
5924,629,191,1,2005-07-10,"21:41:23",2005-07-16,"21:33:23"
5925,3724,503,2,2005-07-10,"21:41:27",2005-07-18,"18:35:27"
5926,2840,282,1,2005-07-10,"21:53:42",2005-07-20,"01:04:42"
5927,807,70,1,2005-07-10,"21:57:14",2005-07-16,"19:32:14"
5928,4132,50,1,2005-07-10,"21:58:30",2005-07-15,"19:41:30"
5929,4303,54,2,2005-07-10,"21:59:29",2005-07-14,"20:20:29"
5930,2338,254,2,2005-07-10,"21:59:32",2005-07-11,"18:40:32"
5931,2259,341,2,2005-07-10,"22:04:19",2005-07-13,"00:45:19"
5932,2269,523,2,2005-07-10,"22:05:15",2005-07-12,"17:04:15"
5933,4372,419,2,2005-07-10,"22:06:48",2005-07-12,"23:58:48"
5934,3825,576,2,2005-07-10,"22:07:59",2005-07-15,"21:07:59"
5935,3371,258,2,2005-07-10,"22:11:04",2005-07-19,"18:12:04"
5936,1951,522,1,2005-07-10,"22:14:30",2005-07-15,"01:32:30"
5937,1579,580,2,2005-07-10,"22:16:08",2005-07-16,"03:08:08"
5938,2834,236,2,2005-07-10,"22:17:42",2005-07-16,"22:38:42"
5939,4491,207,2,2005-07-10,"22:30:05",2005-07-14,"00:02:05"
5940,3295,292,1,2005-07-10,"22:31:01",2005-07-14,"00:52:01"
5941,492,43,2,2005-07-10,"22:40:47",2005-07-17,"00:19:47"
5942,2861,317,2,2005-07-10,"22:47:17",2005-07-17,"01:54:17"
5943,3019,255,1,2005-07-10,"22:48:13",2005-07-16,"01:33:13"
5944,3904,432,2,2005-07-10,"22:51:44",2005-07-18,"17:54:44"
5945,427,374,1,2005-07-10,"22:52:42",2005-07-11,"21:52:42"
5946,1629,308,1,2005-07-10,"22:57:29",2005-07-12,"00:08:29"
5947,327,331,1,2005-07-10,"23:07:42",2005-07-18,"23:13:42"
5948,3260,57,2,2005-07-10,"23:12:08",2005-07-18,"19:06:08"
5949,4397,496,2,2005-07-10,"23:13:00",2005-07-14,"01:10:00"
5950,4319,585,1,2005-07-10,"23:13:45",2005-07-13,"02:35:45"
5951,2501,589,1,2005-07-10,"23:14:29",2005-07-13,"01:01:29"
5952,3406,595,1,2005-07-10,"23:18:20",2005-07-16,"17:42:20"
5953,992,386,2,2005-07-10,"23:21:35",2005-07-14,"20:48:35"
5954,2627,32,2,2005-07-10,"23:22:01",2005-07-14,"04:42:01"
5955,834,409,2,2005-07-10,"23:22:10",2005-07-17,"17:55:10"
5956,2536,499,1,2005-07-10,"23:23:08",2005-07-13,"17:36:08"
5957,2517,210,1,2005-07-10,"23:24:02",2005-07-12,"20:28:02"
5958,3468,430,2,2005-07-10,"23:31:51",2005-07-19,"00:36:51"
5959,3169,436,1,2005-07-10,"23:35:36",2005-07-13,"02:19:36"
5960,3884,239,1,2005-07-10,"23:38:34",2005-07-11,"19:21:34"
5961,3537,21,2,2005-07-10,"23:43:23",2005-07-15,"05:21:23"
5962,1292,507,2,2005-07-10,"23:45:22",2005-07-13,"03:49:22"
5963,4434,35,1,2005-07-10,"23:47:08",2005-07-12,"04:27:08"
5964,3981,456,2,2005-07-10,"23:47:18",2005-07-12,"03:55:18"
5965,4476,348,1,2005-07-10,"23:51:52",2005-07-11,"23:29:52"
5966,2076,384,2,2005-07-10,"23:59:27",2005-07-14,"23:38:27"
5967,2125,215,1,2005-07-11,"00:02:19",2005-07-18,"23:08:19"
5968,3273,554,1,2005-07-11,"00:03:11",2005-07-19,"18:46:11"
5969,4177,433,2,2005-07-11,"00:03:22",2005-07-18,"01:28:22"
5970,1514,94,1,2005-07-11,"00:04:50",2005-07-19,"03:36:50"
5971,2191,84,2,2005-07-11,"00:05:58",2005-07-19,"04:50:58"
5972,4577,30,1,2005-07-11,"00:08:54",2005-07-17,"21:01:54"
5973,1194,165,1,2005-07-11,"00:09:17",2005-07-14,"19:18:17"
5974,3984,517,2,2005-07-11,"00:10:37",2005-07-18,"18:48:37"
5975,2997,15,1,2005-07-11,"00:14:19",2005-07-16,"04:21:19"
5976,1693,505,2,2005-07-11,"00:16:35",2005-07-20,"01:30:35"
5977,4011,484,1,2005-07-11,"00:16:38",2005-07-19,"21:00:38"
5978,1720,508,1,2005-07-11,"00:16:54",2005-07-19,"18:55:54"
5979,1736,251,1,2005-07-11,"00:17:09",2005-07-14,"00:38:09"
5980,1777,309,1,2005-07-11,"00:18:21",2005-07-14,"21:26:21"
5981,2151,241,1,2005-07-11,"00:19:04",2005-07-13,"19:10:04"
5982,2329,403,2,2005-07-11,"00:24:44",2005-07-14,"04:42:44"
5983,351,127,1,2005-07-11,"00:34:11",2005-07-15,"05:37:11"
5984,2801,178,1,2005-07-11,"00:44:36",2005-07-15,"00:04:36"
5985,1108,506,2,2005-07-11,"00:51:58",2005-07-14,"22:02:58"
5986,1624,171,2,2005-07-11,"00:54:56",2005-07-13,"22:52:56"
5987,1000,447,2,2005-07-11,"00:55:31",2005-07-16,"06:28:31"
5988,151,158,2,2005-07-11,"00:55:38",2005-07-13,"21:36:38"
5989,696,283,1,2005-07-11,"00:57:53",2005-07-15,"02:24:53"
5990,1561,432,1,2005-07-11,"01:03:14",2005-07-15,"19:32:14"
5991,3623,590,2,2005-07-11,"01:03:38",2005-07-12,"22:32:38"
5992,4216,54,2,2005-07-11,"01:06:21",2005-07-13,"19:15:21"
5993,3588,529,1,2005-07-11,"01:06:41",2005-07-14,"19:19:41"
5994,4287,295,2,2005-07-11,"01:14:10",2005-07-12,"00:42:10"
5995,4357,360,2,2005-07-11,"01:15:39",2005-07-20,"05:01:39"
5996,4263,223,1,2005-07-11,"01:18:33",2005-07-17,"04:18:33"
5997,3542,128,1,2005-07-11,"01:19:50",2005-07-16,"06:29:50"
5998,1458,250,1,2005-07-11,"01:20:46",2005-07-15,"21:41:46"
5999,211,450,1,2005-07-11,"01:21:22",2005-07-19,"01:35:22"
6000,1986,371,2,2005-07-11,"01:23:06",2005-07-12,"04:39:06"
6001,1779,45,1,2005-07-11,"01:24:44",2005-07-11,"22:55:44"
6002,4422,45,1,2005-07-11,"01:27:49",2005-07-12,"06:02:49"
6003,296,527,1,2005-07-11,"01:28:33",2005-07-17,"21:24:33"
6004,1756,204,2,2005-07-11,"01:34:25",2005-07-18,"00:48:25"
6005,809,78,2,2005-07-11,"01:36:42",2005-07-14,"04:47:42"
6006,4201,399,2,2005-07-11,"01:38:42",2005-07-17,"05:18:42"
6007,4393,289,1,2005-07-11,"01:43:06",2005-07-17,"04:46:06"
6008,1227,216,1,2005-07-11,"01:51:29",2005-07-18,"01:39:29"
6009,494,470,2,2005-07-11,"01:51:58",2005-07-18,"07:12:58"
6010,771,285,1,2005-07-11,"01:52:28",2005-07-13,"03:13:28"
6011,3899,527,2,2005-07-11,"01:54:48",2005-07-18,"07:17:48"
6012,2609,258,2,2005-07-11,"02:00:12",2005-07-17,"02:49:12"
6013,3774,543,1,2005-07-11,"02:02:03",2005-07-14,"02:07:03"
6014,3748,397,1,2005-07-11,"02:02:55",2005-07-12,"23:49:55"
6015,295,596,2,2005-07-11,"02:04:12",2005-07-13,"02:43:12"
6016,651,296,1,2005-07-11,"02:04:45",2005-07-17,"22:22:45"
6017,4088,596,1,2005-07-11,"02:05:32",2005-07-14,"22:50:32"
6018,4555,500,2,2005-07-11,"02:06:36",2005-07-12,"02:16:36"
6019,3483,9,2,2005-07-11,"02:08:29",2005-07-13,"02:19:29"
6020,1974,71,1,2005-07-11,"02:08:55",2005-07-16,"22:07:55"
6021,3949,173,1,2005-07-11,"02:10:18",2005-07-13,"05:19:18"
6022,2435,469,2,2005-07-11,"02:15:53",2005-07-13,"03:40:53"
6023,3794,456,2,2005-07-11,"02:15:57",2005-07-15,"21:30:57"
6024,2923,271,1,2005-07-11,"02:16:47",2005-07-12,"05:54:47"
6025,3306,113,1,2005-07-11,"02:18:13",2005-07-11,"23:30:13"
6026,3936,409,1,2005-07-11,"02:21:43",2005-07-13,"03:49:43"
6027,4536,513,1,2005-07-11,"02:26:29",2005-07-18,"23:05:29"
6028,784,450,1,2005-07-11,"02:31:44",2005-07-14,"03:18:44"
6029,2030,520,2,2005-07-11,"02:36:46",2005-07-14,"20:51:46"
6030,95,36,2,2005-07-11,"02:37:51",2005-07-16,"22:34:51"
6031,1530,224,2,2005-07-11,"02:42:14",2005-07-14,"03:24:14"
6032,3792,28,2,2005-07-11,"02:49:01",2005-07-18,"05:05:01"
6033,2819,322,2,2005-07-11,"02:59:34",2005-07-16,"03:48:34"
6034,1735,324,1,2005-07-11,"03:00:50",2005-07-16,"06:19:50"
6035,3474,176,2,2005-07-11,"03:01:45",2005-07-14,"01:04:45"
6036,2553,297,2,2005-07-11,"03:02:28",2005-07-15,"22:12:28"
6037,1886,386,2,2005-07-11,"03:06:54",2005-07-12,"22:46:54"
6038,1555,243,2,2005-07-11,"03:10:37",2005-07-19,"05:14:37"
6039,1776,137,1,2005-07-11,"03:12:19",2005-07-19,"05:46:19"
6040,2161,511,2,2005-07-11,"03:14:26",2005-07-14,"01:12:26"
6041,2815,551,2,2005-07-11,"03:14:58",2005-07-13,"00:48:58"
6042,2153,5,1,2005-07-11,"03:17:04",2005-07-19,"07:08:04"
6043,3303,430,1,2005-07-11,"03:18:10",2005-07-12,"05:50:10"
6044,1270,481,2,2005-07-11,"03:18:39",2005-07-13,"06:58:39"
6045,2003,39,1,2005-07-11,"03:21:05",2005-07-17,"23:10:05"
6046,1935,569,1,2005-07-11,"03:21:49",2005-07-19,"23:58:49"
6047,4147,235,2,2005-07-11,"03:27:01",2005-07-16,"06:42:01"
6048,975,154,1,2005-07-11,"03:32:23",2005-07-14,"07:39:23"
6049,2582,236,2,2005-07-11,"03:32:32",2005-07-15,"06:57:32"
6050,825,527,1,2005-07-11,"03:34:29",2005-07-15,"02:55:29"
6051,2675,435,2,2005-07-11,"03:46:41",2005-07-11,"22:36:41"
6052,881,75,2,2005-07-11,"03:51:27",2005-07-16,"02:55:27"
6053,2836,237,2,2005-07-11,"03:51:59",2005-07-19,"09:13:59"
6054,1176,354,1,2005-07-11,"03:58:39",2005-07-13,"23:08:39"
6055,595,125,2,2005-07-11,"03:59:08",2005-07-18,"05:35:08"
6056,3069,145,1,2005-07-11,"04:01:27",2005-07-12,"04:14:27"
6057,1340,187,2,2005-07-11,"04:03:40",2005-07-17,"01:34:40"
6058,3761,498,1,2005-07-11,"04:03:51",2005-07-14,"03:52:51"
6059,1437,394,1,2005-07-11,"04:03:54",2005-07-18,"01:35:54"
6060,3146,342,1,2005-07-11,"04:06:17",2005-07-12,"03:05:17"
6061,1859,392,1,2005-07-11,"04:06:25",2005-07-11,"23:11:25"
6062,3301,408,1,2005-07-11,"04:11:58",2005-07-15,"05:00:58"
6063,1715,519,2,2005-07-11,"04:16:51",2005-07-13,"08:35:51"
6064,265,297,1,2005-07-11,"04:23:18",2005-07-19,"02:21:18"
6065,1007,562,1,2005-07-11,"04:25:51",2005-07-17,"08:19:51"
6066,1877,155,2,2005-07-11,"04:32:42",2005-07-15,"03:56:42"
6067,2097,186,1,2005-07-11,"04:34:49",2005-07-16,"09:33:49"
6068,2331,265,1,2005-07-11,"04:41:09",2005-07-14,"04:45:09"
6069,256,553,1,2005-07-11,"04:44:59",2005-07-13,"01:00:59"
6070,1679,267,2,2005-07-11,"04:47:42",2005-07-13,"01:49:42"
6071,889,179,1,2005-07-11,"04:50:03",2005-07-19,"23:52:03"
6072,1790,339,1,2005-07-11,"04:52:40",2005-07-18,"01:02:40"
6073,4243,466,1,2005-07-11,"04:54:31",2005-07-20,"07:23:31"
6074,2876,259,1,2005-07-11,"04:59:56",2005-07-13,"23:31:56"
6075,2160,283,1,2005-07-11,"05:03:03",2005-07-12,"01:28:03"
6076,1792,143,1,2005-07-11,"05:05:30",2005-07-18,"04:22:30"
6077,2154,542,1,2005-07-11,"05:06:08",2005-07-16,"10:29:08"
6078,3985,91,2,2005-07-11,"05:06:52",2005-07-17,"06:13:52"
6079,1494,119,1,2005-07-11,"05:07:14",2005-07-17,"08:45:14"
6080,2682,115,2,2005-07-11,"05:08:11",2005-07-16,"09:54:11"
6081,2286,72,2,2005-07-11,"05:11:09",2005-07-13,"05:33:09"
6082,1091,82,2,2005-07-11,"05:12:41",2005-07-16,"03:40:41"
6083,3183,285,2,2005-07-11,"05:12:49",2005-07-15,"00:46:49"
6084,1334,479,2,2005-07-11,"05:16:20",2005-07-19,"01:38:20"
6085,312,155,2,2005-07-11,"05:24:36",2005-07-16,"03:49:36"
6086,1505,420,1,2005-07-11,"05:29:03",2005-07-16,"01:17:03"
6087,198,155,2,2005-07-11,"05:29:22",2005-07-12,"23:33:22"
6088,3796,498,2,2005-07-11,"05:40:35",2005-07-17,"07:14:35"
6089,3298,580,2,2005-07-11,"05:45:59",2005-07-17,"11:04:59"
6090,71,241,2,2005-07-11,"05:47:08",2005-07-20,"07:52:08"
6091,580,383,1,2005-07-11,"05:49:18",2005-07-15,"07:26:18"
6092,2129,75,1,2005-07-11,"05:51:31",2005-07-17,"03:42:31"
6093,1868,117,1,2005-07-11,"05:52:50",2005-07-20,"11:45:50"
6094,2684,285,2,2005-07-11,"05:54:42",2005-07-18,"08:19:42"
6095,727,501,1,2005-07-11,"06:06:41",2005-07-19,"06:14:41"
6096,2720,420,1,2005-07-11,"06:18:04",2005-07-14,"01:15:04"
6097,297,416,1,2005-07-11,"06:21:43",2005-07-16,"10:04:43"
6098,3016,525,1,2005-07-11,"06:23:28",2005-07-17,"04:05:28"
6099,3865,469,2,2005-07-11,"06:24:44",2005-07-15,"08:03:44"
6100,3485,16,2,2005-07-11,"06:40:31",2005-07-14,"10:59:31"
6101,2618,508,2,2005-07-11,"06:50:33",2005-07-18,"01:52:33"
6102,4305,146,1,2005-07-11,"06:53:09",2005-07-17,"07:05:09"
6103,262,540,1,2005-07-11,"06:59:55",2005-07-16,"09:30:55"
6104,3531,389,1,2005-07-11,"07:01:35",2005-07-17,"02:29:35"
6105,3501,595,1,2005-07-11,"07:03:19",2005-07-19,"06:46:19"
6106,2714,185,1,2005-07-11,"07:05:06",2005-07-20,"09:27:06"
6107,3798,304,2,2005-07-11,"07:07:09",2005-07-14,"07:32:09"
6108,4296,572,2,2005-07-11,"07:19:24",2005-07-13,"12:38:24"
6109,3603,163,2,2005-07-11,"07:20:57",2005-07-13,"07:29:57"
6110,541,405,2,2005-07-11,"07:23:47",2005-07-20,"03:17:47"
6111,3504,300,2,2005-07-11,"07:26:57",2005-07-13,"10:43:57"
6112,1311,366,1,2005-07-11,"07:28:05",2005-07-18,"07:29:05"
6113,4437,115,2,2005-07-11,"07:31:08",2005-07-20,"11:01:08"
6114,479,404,2,2005-07-11,"07:33:48",2005-07-18,"06:13:48"
6115,3415,27,1,2005-07-11,"07:36:50",2005-07-13,"11:30:50"
6116,247,381,2,2005-07-11,"07:37:38",2005-07-14,"11:53:38"
6117,2613,135,2,2005-07-11,"07:39:38",2005-07-18,"12:07:38"
6118,3013,13,1,2005-07-11,"07:43:08",2005-07-20,"03:17:08"
6119,4281,472,2,2005-07-11,"07:44:46",2005-07-20,"04:41:46"
6120,3299,268,2,2005-07-11,"07:49:53",2005-07-19,"04:56:53"
6121,1613,347,2,2005-07-11,"07:55:27",2005-07-16,"03:43:27"
6122,2212,32,1,2005-07-11,"07:58:07",2005-07-16,"09:52:07"
6123,1354,200,2,2005-07-11,"08:02:27",2005-07-15,"08:58:27"
6124,2022,368,2,2005-07-11,"08:02:32",2005-07-12,"05:58:32"
6125,2439,307,1,2005-07-11,"08:03:35",2005-07-18,"12:46:35"
6126,1069,230,1,2005-07-11,"08:06:56",2005-07-16,"11:42:56"
6127,285,355,1,2005-07-11,"08:06:59",2005-07-12,"09:01:59"
6128,2050,18,1,2005-07-11,"08:15:08",2005-07-13,"03:36:08"
6129,3875,222,1,2005-07-11,"08:15:09",2005-07-18,"13:00:09"
6130,2547,538,2,2005-07-11,"08:19:56",2005-07-16,"12:02:56"
6131,3313,107,1,2005-07-11,"08:22:05",2005-07-14,"07:40:05"
6132,3229,319,1,2005-07-11,"08:24:44",2005-07-13,"06:41:44"
6133,1992,107,1,2005-07-11,"08:25:22",2005-07-13,"13:17:22"
6134,3225,305,2,2005-07-11,"08:28:19",2005-07-18,"09:20:19"
6135,833,325,1,2005-07-11,"08:32:23",2005-07-17,"08:43:23"
6136,205,346,1,2005-07-11,"08:34:09",2005-07-14,"06:11:09"
6137,2029,67,2,2005-07-11,"08:34:20",2005-07-13,"03:31:20"
6138,1808,438,2,2005-07-11,"08:36:04",2005-07-13,"10:30:04"
6139,3065,206,2,2005-07-11,"08:39:33",2005-07-17,"08:00:33"
6140,2749,363,1,2005-07-11,"08:40:47",2005-07-14,"07:26:47"
6141,2279,228,1,2005-07-11,"08:52:16",2005-07-17,"03:00:16"
6142,1722,136,2,2005-07-11,"08:54:09",2005-07-18,"05:23:09"
6143,1030,169,2,2005-07-11,"09:02:37",2005-07-19,"05:57:37"
6144,1077,554,2,2005-07-11,"09:02:53",2005-07-15,"10:58:53"
6145,1359,540,1,2005-07-11,"09:07:01",2005-07-19,"08:21:01"
6146,3374,11,2,2005-07-11,"09:09:59",2005-07-20,"11:42:59"
6147,910,35,1,2005-07-11,"09:13:08",2005-07-17,"03:48:08"
6148,4318,410,1,2005-07-11,"09:14:22",2005-07-12,"08:01:22"
6149,4337,26,2,2005-07-11,"09:19:31",2005-07-17,"14:45:31"
6150,1110,418,2,2005-07-11,"09:23:56",2005-07-15,"10:56:56"
6151,352,476,1,2005-07-11,"09:25:17",2005-07-12,"05:11:17"
6152,560,361,2,2005-07-11,"09:25:52",2005-07-17,"07:40:52"
6153,105,47,1,2005-07-11,"09:31:04",2005-07-19,"03:41:04"
6154,2717,368,1,2005-07-11,"09:32:19",2005-07-16,"15:10:19"
6155,785,229,1,2005-07-11,"09:45:31",2005-07-18,"08:09:31"
6156,302,297,1,2005-07-11,"09:45:48",2005-07-15,"04:51:48"
6157,4481,133,2,2005-07-11,"09:48:16",2005-07-16,"05:00:16"
6158,3954,92,2,2005-07-11,"09:50:24",2005-07-13,"04:49:24"
6159,126,225,2,2005-07-11,"09:55:34",2005-07-13,"10:01:34"
6160,2716,110,1,2005-07-11,"10:08:13",2005-07-14,"08:18:13"
6161,3681,524,2,2005-07-11,"10:11:54",2005-07-15,"12:12:54"
6162,786,79,2,2005-07-11,"10:12:30",2005-07-19,"06:02:30"
6163,1330,1,2,2005-07-11,"10:13:46",2005-07-19,"13:15:46"
6164,2755,47,1,2005-07-11,"10:16:23",2005-07-14,"11:21:23"
6165,3540,9,1,2005-07-11,"10:17:29",2005-07-17,"07:27:29"
6166,967,503,1,2005-07-11,"10:19:05",2005-07-12,"14:30:05"
6167,3255,200,1,2005-07-11,"10:21:21",2005-07-14,"15:38:21"
6168,284,77,2,2005-07-11,"10:21:38",2005-07-14,"09:55:38"
6169,2781,148,2,2005-07-11,"10:25:56",2005-07-19,"07:18:56"
6170,278,580,2,2005-07-11,"10:29:21",2005-07-16,"05:13:21"
6171,448,491,1,2005-07-11,"10:29:35",2005-07-16,"12:01:35"
6172,3514,219,1,2005-07-11,"10:32:09",2005-07-14,"16:23:09"
6173,4252,419,1,2005-07-11,"10:33:11",2005-07-15,"10:57:11"
6174,3123,7,2,2005-07-11,"10:36:28",2005-07-18,"16:19:28"
6175,3037,195,1,2005-07-11,"10:44:37",2005-07-15,"08:13:37"
6176,2969,279,2,2005-07-11,"10:48:21",2005-07-12,"15:54:21"
6177,313,589,1,2005-07-11,"10:53:49",2005-07-17,"14:54:49"
6178,2777,91,2,2005-07-11,"10:59:09",2005-07-16,"11:19:09"
6179,3665,42,1,2005-07-11,"10:59:59",2005-07-17,"06:02:59"
6180,4401,351,2,2005-07-11,"11:06:50",2005-07-19,"09:03:50"
6181,4398,200,1,2005-07-11,"11:10:11",2005-07-15,"09:33:11"
6182,2562,540,2,2005-07-11,"11:11:38",2005-07-17,"08:33:38"
6183,856,402,1,2005-07-11,"11:14:35",2005-07-16,"15:35:35"
6184,1131,146,1,2005-07-11,"11:19:21",2005-07-19,"07:35:21"
6185,4331,294,2,2005-07-11,"11:25:09",2005-07-18,"12:09:09"
6186,2086,128,2,2005-07-11,"11:26:41",2005-07-17,"12:02:41"
6187,3344,500,1,2005-07-11,"11:28:51",2005-07-12,"15:44:51"
6188,189,114,1,2005-07-11,"11:31:47",2005-07-15,"09:28:47"
6189,3800,552,2,2005-07-11,"11:36:03",2005-07-20,"15:33:03"
6190,2564,321,2,2005-07-11,"11:36:18",2005-07-19,"17:05:18"
6191,3448,480,1,2005-07-11,"11:37:52",2005-07-17,"12:45:52"
6192,4573,314,1,2005-07-11,"11:44:41",2005-07-19,"10:12:41"
6193,465,189,2,2005-07-11,"11:46:57",2005-07-19,"14:11:57"
6194,1049,83,2,2005-07-11,"11:51:00",2005-07-15,"12:34:00"
6195,4193,319,2,2005-07-11,"12:00:32",2005-07-16,"15:00:32"
6196,995,429,2,2005-07-11,"12:05:46",2005-07-18,"08:27:46"
6197,4156,596,1,2005-07-11,"12:09:51",2005-07-12,"06:15:51"
6198,3345,470,2,2005-07-11,"12:12:17",2005-07-18,"07:40:17"
6199,4329,80,2,2005-07-11,"12:16:03",2005-07-18,"15:33:03"
6200,3258,137,2,2005-07-11,"12:16:42",2005-07-17,"09:27:42"
6201,4530,559,2,2005-07-11,"12:18:07",2005-07-12,"12:11:07"
6202,1424,373,1,2005-07-11,"12:24:25",2005-07-18,"08:13:25"
6203,1001,408,1,2005-07-11,"12:28:57",2005-07-15,"14:10:57"
6204,2572,362,2,2005-07-11,"12:29:22",2005-07-13,"10:41:22"
6205,3442,303,2,2005-07-11,"12:31:24",2005-07-13,"11:31:24"
6206,1368,459,2,2005-07-11,"12:32:14",2005-07-15,"15:01:14"
6207,3226,143,2,2005-07-11,"12:34:24",2005-07-14,"10:15:24"
6208,672,31,1,2005-07-11,"12:34:56",2005-07-19,"15:17:56"
6209,3091,219,2,2005-07-11,"12:36:05",2005-07-17,"14:48:05"
6210,931,209,2,2005-07-11,"12:36:43",2005-07-17,"17:45:43"
6211,2699,6,2,2005-07-11,"12:39:01",2005-07-20,"15:59:01"
6212,3962,337,2,2005-07-11,"12:40:48",2005-07-15,"17:49:48"
6213,485,23,2,2005-07-11,"12:43:07",2005-07-16,"07:23:07"
6214,1258,49,2,2005-07-11,"12:49:48",2005-07-18,"07:41:48"
6215,316,390,1,2005-07-11,"12:52:36",2005-07-12,"08:33:36"
6216,3571,387,1,2005-07-11,"12:57:05",2005-07-13,"12:31:05"
6217,1090,177,2,2005-07-11,"13:13:45",2005-07-19,"16:37:45"
6218,815,410,2,2005-07-11,"13:14:58",2005-07-16,"08:13:58"
6219,38,303,2,2005-07-11,"13:18:37",2005-07-13,"13:18:37"
6220,1717,421,2,2005-07-11,"13:22:06",2005-07-12,"17:46:06"
6221,1699,393,1,2005-07-11,"13:24:27",2005-07-15,"17:51:27"
6222,2066,386,1,2005-07-11,"13:25:49",2005-07-13,"14:32:49"
6223,3754,192,1,2005-07-11,"13:27:09",2005-07-12,"14:02:09"
6224,3274,475,1,2005-07-11,"13:42:18",2005-07-16,"09:28:18"
6225,2483,204,1,2005-07-11,"13:45:14",2005-07-14,"10:23:14"
6226,2758,134,2,2005-07-11,"13:48:11",2005-07-15,"17:18:11"
6227,1654,210,1,2005-07-11,"13:56:46",2005-07-18,"12:53:46"
6228,2281,367,2,2005-07-11,"13:58:36",2005-07-17,"19:03:36"
6229,3137,399,1,2005-07-11,"13:59:50",2005-07-20,"09:26:50"
6230,2260,490,2,2005-07-11,"14:02:19",2005-07-17,"08:11:19"
6231,2526,122,2,2005-07-11,"14:02:36",2005-07-13,"19:04:36"
6232,2492,590,2,2005-07-11,"14:08:27",2005-07-20,"19:34:27"
6233,3731,378,2,2005-07-11,"14:10:47",2005-07-15,"15:13:47"
6234,2911,232,1,2005-07-11,"14:16:10",2005-07-19,"19:55:10"
6235,2659,379,2,2005-07-11,"14:17:51",2005-07-17,"11:14:51"
6236,3813,338,2,2005-07-11,"14:18:17",2005-07-14,"08:47:17"
6237,2215,166,1,2005-07-11,"14:19:12",2005-07-15,"15:05:12"
6238,3749,23,1,2005-07-11,"14:20:18",2005-07-14,"18:34:18"
6239,4107,132,2,2005-07-11,"14:20:48",2005-07-17,"13:41:48"
6240,640,524,1,2005-07-11,"14:32:41",2005-07-20,"18:38:41"
6241,4449,74,1,2005-07-11,"14:40:48",2005-07-18,"09:51:48"
6242,670,245,2,2005-07-11,"14:45:04",2005-07-12,"18:34:04"
6243,3456,26,2,2005-07-11,"14:53:25",2005-07-15,"09:26:25"
6244,1558,383,1,2005-07-11,"14:53:38",2005-07-12,"16:42:38"
6245,512,241,1,2005-07-11,"14:56:57",2005-07-16,"14:35:57"
6246,2376,172,2,2005-07-11,"14:57:51",2005-07-19,"19:10:51"
6247,2504,589,1,2005-07-11,"15:00:05",2005-07-18,"13:47:05"
6248,2686,6,1,2005-07-11,"15:01:54",2005-07-19,"16:58:54"
6249,4334,30,2,2005-07-11,"15:02:02",2005-07-14,"11:37:02"
6250,4087,458,1,2005-07-11,"15:02:04",2005-07-17,"10:54:04"
6251,3956,230,2,2005-07-11,"15:06:20",2005-07-18,"20:11:20"
6252,1294,295,1,2005-07-11,"15:06:29",2005-07-16,"14:07:29"
6253,1425,570,1,2005-07-11,"15:07:19",2005-07-13,"11:00:19"
6254,2038,20,2,2005-07-11,"15:10:18",2005-07-17,"14:20:18"
6255,1459,319,2,2005-07-11,"15:11:33",2005-07-15,"19:55:33"
6256,480,307,1,2005-07-11,"15:19:22",2005-07-13,"12:43:22"
6257,3253,492,2,2005-07-11,"15:23:46",2005-07-14,"17:26:46"
6258,632,417,1,2005-07-11,"15:24:32",2005-07-18,"18:29:32"
6259,3007,84,2,2005-07-11,"15:25:52",2005-07-13,"11:54:52"
6260,4308,454,2,2005-07-11,"15:26:29",2005-07-13,"17:37:29"
6261,694,386,1,2005-07-11,"15:28:34",2005-07-14,"17:54:34"
6262,4136,355,1,2005-07-11,"15:33:24",2005-07-17,"12:40:24"
6263,2391,336,2,2005-07-11,"15:33:50",2005-07-17,"12:49:50"
6264,4246,565,2,2005-07-11,"15:42:35",2005-07-12,"11:29:35"
6265,3931,477,2,2005-07-11,"15:43:51",2005-07-12,"12:51:51"
6266,941,397,1,2005-07-11,"15:45:39",2005-07-15,"18:29:39"
6267,2152,20,2,2005-07-11,"15:53:00",2005-07-17,"18:09:00"
6268,1154,125,1,2005-07-11,"15:55:34",2005-07-19,"17:25:34"
6269,3915,167,1,2005-07-11,"15:58:43",2005-07-13,"13:25:43"
6270,2308,292,2,2005-07-11,"15:59:10",2005-07-18,"10:29:10"
6271,1246,467,2,2005-07-11,"16:01:35",2005-07-20,"12:07:35"
6272,3103,240,1,2005-07-11,"16:03:49",2005-07-15,"19:54:49"
6273,2403,152,2,2005-07-11,"16:08:41",2005-07-14,"16:41:41"
6274,2998,472,1,2005-07-11,"16:09:42",2005-07-19,"20:46:42"
6275,3599,333,2,2005-07-11,"16:12:11",2005-07-17,"20:19:11"
6276,1826,284,2,2005-07-11,"16:15:50",2005-07-19,"20:50:50"
6277,4023,92,2,2005-07-11,"16:19:01",2005-07-18,"21:00:01"
6278,2232,558,2,2005-07-11,"16:20:02",2005-07-19,"19:29:02"
6279,1254,49,2,2005-07-11,"16:26:07",2005-07-17,"21:05:07"
6280,4055,33,2,2005-07-11,"16:36:17",2005-07-13,"14:04:17"
6281,835,236,2,2005-07-11,"16:38:16",2005-07-13,"10:57:16"
6282,4453,60,1,2005-07-11,"16:46:22",2005-07-15,"13:19:22"
6283,3319,402,1,2005-07-11,"16:47:32",2005-07-17,"21:46:32"
6284,2938,177,1,2005-07-11,"16:51:39",2005-07-15,"19:59:39"
6285,2140,444,2,2005-07-11,"16:52:07",2005-07-13,"21:33:07"
6286,1070,140,1,2005-07-11,"16:55:35",2005-07-13,"22:51:35"
6287,35,93,1,2005-07-11,"17:00:04",2005-07-12,"13:16:04"
6288,3235,357,1,2005-07-11,"17:01:52",2005-07-19,"15:11:52"
6289,3185,99,2,2005-07-11,"17:06:39",2005-07-12,"15:54:39"
6290,2634,66,2,2005-07-11,"17:12:42",2005-07-19,"21:53:42"
6291,3126,262,2,2005-07-11,"17:16:40",2005-07-13,"18:24:40"
6292,4375,505,2,2005-07-11,"17:23:33",2005-07-12,"16:27:33"
6293,4260,471,2,2005-07-11,"17:24:57",2005-07-13,"18:45:57"
6294,1732,463,1,2005-07-11,"17:25:55",2005-07-15,"17:48:55"
6295,1393,7,1,2005-07-11,"17:30:58",2005-07-15,"15:50:58"
6296,4202,484,1,2005-07-11,"17:34:04",2005-07-17,"21:12:04"
6297,2738,69,2,2005-07-11,"17:37:22",2005-07-19,"13:54:22"
6298,3906,256,2,2005-07-11,"17:42:33",2005-07-13,"18:14:33"
6299,4125,324,2,2005-07-11,"17:45:08",2005-07-13,"16:36:08"
6300,1269,283,1,2005-07-11,"17:50:09",2005-07-18,"13:11:09"
6301,3528,275,2,2005-07-11,"17:54:09",2005-07-18,"20:42:09"
6302,3221,391,1,2005-07-11,"17:55:38",2005-07-17,"22:11:38"
6303,846,236,1,2005-07-11,"17:55:43",2005-07-13,"12:50:43"
6304,4183,579,1,2005-07-11,"18:02:16",2005-07-14,"14:01:16"
6305,1544,337,1,2005-07-11,"18:02:25",2005-07-20,"13:29:25"
6306,486,208,2,2005-07-11,"18:04:26",2005-07-20,"14:22:26"
6307,4029,345,2,2005-07-11,"18:04:29",2005-07-17,"23:40:29"
6308,3155,472,2,2005-07-11,"18:08:41",2005-07-19,"15:48:41"
6309,1054,232,1,2005-07-11,"18:13:24",2005-07-13,"23:11:24"
6310,3064,537,2,2005-07-11,"18:14:05",2005-07-16,"15:39:05"
6311,1789,373,2,2005-07-11,"18:18:52",2005-07-16,"17:52:52"
6312,2188,417,1,2005-07-11,"18:19:02",2005-07-18,"00:00:02"
6313,2976,283,1,2005-07-11,"18:29:52",2005-07-14,"21:34:52"
6314,4128,55,1,2005-07-11,"18:32:44",2005-07-17,"23:58:44"
6315,608,374,2,2005-07-11,"18:42:49",2005-07-12,"23:19:49"
6316,1910,526,2,2005-07-11,"18:44:52",2005-07-19,"23:35:52"
6317,4206,225,1,2005-07-11,"18:47:41",2005-07-14,"18:18:41"
6318,2048,425,1,2005-07-11,"18:48:22",2005-07-12,"13:39:22"
6319,3739,233,1,2005-07-11,"18:50:45",2005-07-12,"15:26:45"
6320,441,511,2,2005-07-11,"18:50:55",2005-07-13,"22:46:55"
6321,2655,388,2,2005-07-11,"18:51:02",2005-07-14,"20:57:02"
6322,4115,403,2,2005-07-11,"18:58:20",2005-07-14,"16:41:20"
6323,1352,346,1,2005-07-11,"19:02:19",2005-07-14,"15:54:19"
6324,655,386,1,2005-07-11,"19:02:34",2005-07-17,"15:57:34"
6325,4556,542,2,2005-07-11,"19:06:01",2005-07-18,"18:25:01"
6326,2137,563,1,2005-07-11,"19:06:55",2005-07-12,"20:41:55"
6327,909,146,1,2005-07-11,"19:07:29",2005-07-15,"16:09:29"
6328,999,260,2,2005-07-11,"19:09:33",2005-07-12,"20:16:33"
6329,2763,352,2,2005-07-11,"19:10:38",2005-07-19,"14:46:38"
6330,3917,119,1,2005-07-11,"19:15:42",2005-07-17,"19:10:42"
6331,1356,295,2,2005-07-11,"19:17:21",2005-07-18,"18:35:21"
6332,1733,538,2,2005-07-11,"19:19:06",2005-07-13,"13:51:06"
6333,2610,285,1,2005-07-11,"19:20:16",2005-07-17,"15:33:16"
6334,948,168,2,2005-07-11,"19:20:44",2005-07-19,"18:49:44"
6335,2757,396,1,2005-07-11,"19:25:15",2005-07-16,"17:02:15"
6336,1229,471,2,2005-07-11,"19:30:13",2005-07-20,"21:27:13"
6337,3967,47,2,2005-07-11,"19:30:47",2005-07-19,"20:27:47"
6338,1691,54,2,2005-07-11,"19:39:41",2005-07-18,"01:13:41"
6339,2401,145,2,2005-07-11,"19:45:32",2005-07-18,"22:34:32"
6340,2374,264,2,2005-07-11,"19:46:05",2005-07-20,"16:51:05"
6341,3580,448,1,2005-07-11,"19:48:02",2005-07-15,"01:31:02"
6342,1851,403,2,2005-07-11,"19:48:24",2005-07-13,"14:09:24"
6343,513,147,1,2005-07-11,"19:51:35",2005-07-12,"19:13:35"
6344,3074,78,2,2005-07-11,"20:04:43",2005-07-18,"14:35:43"
6345,4332,532,1,2005-07-11,"20:05:18",2005-07-20,"17:28:18"
6346,4066,445,2,2005-07-11,"20:08:34",2005-07-16,"16:35:34"
6347,3160,178,1,2005-07-11,"20:18:53",2005-07-16,"20:45:53"
6348,21,66,2,2005-07-11,"20:21:18",2005-07-19,"15:56:18"
6349,1581,216,2,2005-07-11,"20:25:05",2005-07-21,"00:35:05"
6350,2853,225,1,2005-07-11,"20:30:15",2005-07-16,"21:30:15"
6351,1852,507,2,2005-07-11,"20:31:44",2005-07-18,"17:16:44"
6352,1143,235,1,2005-07-11,"20:34:13",2005-07-13,"19:49:13"
6353,699,130,1,2005-07-11,"20:48:56",2005-07-21,"00:11:56"
6354,3203,176,2,2005-07-11,"20:54:27",2005-07-18,"23:46:27"
6355,2472,482,2,2005-07-11,"20:56:29",2005-07-20,"01:50:29"
6356,2645,149,2,2005-07-11,"20:57:48",2005-07-12,"22:40:48"
6357,658,252,1,2005-07-11,"20:58:51",2005-07-12,"15:06:51"
6358,4527,567,2,2005-07-11,"21:03:12",2005-07-15,"20:06:12"
6359,1656,30,2,2005-07-11,"21:06:17",2005-07-16,"02:51:17"
6360,3075,338,1,2005-07-11,"21:07:40",2005-07-16,"15:11:40"
6361,2903,561,2,2005-07-11,"21:09:14",2005-07-14,"18:26:14"
6362,4259,358,1,2005-07-11,"21:09:31",2005-07-13,"23:08:31"
6363,4167,344,1,2005-07-11,"21:13:19",2005-07-20,"15:44:19"
6364,4146,160,2,2005-07-11,"21:14:48",2005-07-20,"23:20:48"
6365,4550,566,1,2005-07-11,"21:17:40",2005-07-14,"20:53:40"
6366,3989,366,1,2005-07-11,"21:18:16",2005-07-17,"00:21:16"
6367,1465,357,1,2005-07-11,"21:18:29",2005-07-15,"01:05:29"
6368,3666,588,2,2005-07-11,"21:19:01",2005-07-13,"17:56:01"
6369,1086,252,2,2005-07-11,"21:23:36",2005-07-13,"22:23:36"
6370,1410,99,2,2005-07-11,"21:28:32",2005-07-20,"02:51:32"
6371,4297,265,1,2005-07-11,"21:31:51",2005-07-16,"23:10:51"
6372,741,64,2,2005-07-11,"21:35:06",2005-07-15,"02:30:06"
6373,1042,115,2,2005-07-11,"21:35:20",2005-07-13,"23:22:20"
6374,266,244,2,2005-07-11,"21:36:10",2005-07-17,"15:50:10"
6375,1936,8,2,2005-07-11,"21:39:46",2005-07-18,"02:12:46"
6376,1834,263,1,2005-07-11,"21:40:23",2005-07-13,"23:16:23"
6377,4017,118,1,2005-07-11,"21:41:16",2005-07-15,"20:05:16"
6378,3170,145,1,2005-07-11,"21:45:23",2005-07-14,"16:56:23"
6379,522,287,2,2005-07-11,"21:51:25",2005-07-17,"03:38:25"
6380,3378,172,1,2005-07-11,"21:55:40",2005-07-17,"20:42:40"
6381,2584,340,1,2005-07-11,"21:58:48",2005-07-16,"16:18:48"
6382,3223,336,2,2005-07-11,"21:58:53",2005-07-17,"21:18:53"
6383,4275,486,1,2005-07-11,"22:06:53",2005-07-17,"16:09:53"
6384,491,313,1,2005-07-11,"22:07:26",2005-07-16,"22:39:26"
6385,1830,69,1,2005-07-11,"22:07:32",2005-07-20,"16:57:32"
6386,633,593,2,2005-07-11,"22:14:57",2005-07-15,"16:41:57"
6387,1726,384,2,2005-07-11,"22:15:56",2005-07-14,"20:20:56"
6388,3506,525,2,2005-07-11,"22:17:16",2005-07-19,"23:50:16"
6389,2268,274,2,2005-07-11,"22:18:20",2005-07-16,"16:57:20"
6390,3057,77,2,2005-07-11,"22:19:23",2005-07-15,"20:10:23"
6391,1745,264,1,2005-07-11,"22:23:09",2005-07-15,"23:02:09"
6392,4406,468,1,2005-07-11,"22:25:19",2005-07-16,"04:24:19"
6393,3802,164,1,2005-07-11,"22:28:12",2005-07-14,"18:03:12"
6394,2574,52,2,2005-07-11,"22:29:15",2005-07-20,"02:19:15"
6395,3058,264,1,2005-07-11,"22:29:29",2005-07-18,"00:50:29"
6396,2394,507,2,2005-07-11,"22:31:08",2005-07-19,"17:19:08"
6397,2423,287,1,2005-07-11,"22:34:02",2005-07-13,"23:01:02"
6398,1409,296,2,2005-07-11,"22:34:49",2005-07-17,"17:58:49"
6399,2031,288,1,2005-07-11,"22:39:05",2005-07-16,"01:12:05"
6400,3289,536,2,2005-07-11,"22:43:44",2005-07-19,"03:58:44"
6401,1427,35,2,2005-07-11,"22:44:34",2005-07-12,"22:18:34"
6402,2576,66,1,2005-07-11,"22:46:10",2005-07-16,"04:02:10"
6403,1019,238,1,2005-07-11,"22:46:25",2005-07-13,"22:15:25"
6404,1183,526,2,2005-07-11,"22:49:50",2005-07-14,"18:29:50"
6405,3983,357,2,2005-07-11,"22:53:12",2005-07-18,"23:02:12"
6406,4439,392,2,2005-07-11,"22:55:27",2005-07-20,"04:50:27"
6407,775,140,1,2005-07-11,"23:02:19",2005-07-21,"00:30:19"
6408,2008,350,2,2005-07-11,"23:03:02",2005-07-19,"23:09:02"
6409,3859,537,2,2005-07-11,"23:05:49",2005-07-13,"00:13:49"
6410,1127,560,2,2005-07-11,"23:08:06",2005-07-19,"19:57:06"
6411,4347,124,1,2005-07-11,"23:10:50",2005-07-19,"17:15:50"
6412,3797,220,1,2005-07-11,"23:19:21",2005-07-16,"19:48:21"
6413,4446,251,2,2005-07-11,"23:26:11",2005-07-17,"21:58:11"
6414,814,502,1,2005-07-11,"23:26:13",2005-07-18,"17:29:13"
6415,4175,84,2,2005-07-11,"23:27:52",2005-07-19,"22:29:52"
6416,1063,158,1,2005-07-11,"23:29:14",2005-07-13,"20:20:14"
6417,3042,80,2,2005-07-11,"23:35:11",2005-07-18,"20:00:11"
6418,3101,185,1,2005-07-11,"23:36:27",2005-07-16,"18:42:27"
6419,3683,311,1,2005-07-11,"23:36:38",2005-07-13,"03:23:38"
6420,4443,206,2,2005-07-11,"23:38:49",2005-07-17,"17:46:49"
6421,4477,479,2,2005-07-11,"23:45:25",2005-07-15,"20:45:25"
6422,762,257,1,2005-07-11,"23:46:19",2005-07-20,"22:12:19"
6423,892,427,1,2005-07-11,"23:47:31",2005-07-19,"18:16:31"
6424,3040,359,1,2005-07-11,"23:49:37",2005-07-21,"00:53:37"
6425,2487,339,1,2005-07-11,"23:54:52",2005-07-13,"18:37:52"
6426,498,495,1,2005-07-11,"23:56:38",2005-07-21,"05:22:38"
6427,1043,122,2,2005-07-11,"23:57:34",2005-07-14,"18:05:34"
6428,4365,187,2,2005-07-12,"00:01:51",2005-07-20,"22:02:51"
6429,141,342,1,2005-07-12,"00:02:50",2005-07-21,"02:08:50"
6430,178,390,1,2005-07-12,"00:03:34",2005-07-15,"03:11:34"
6431,3471,458,1,2005-07-12,"00:03:57",2005-07-20,"03:47:57"
6432,970,293,1,2005-07-12,"00:09:41",2005-07-20,"20:06:41"
6433,1357,101,2,2005-07-12,"00:12:02",2005-07-21,"04:25:02"
6434,1478,102,2,2005-07-12,"00:14:25",2005-07-20,"19:54:25"
6435,1957,561,1,2005-07-12,"00:16:19",2005-07-17,"19:15:19"
6436,3758,122,2,2005-07-12,"00:18:42",2005-07-13,"03:57:42"
6437,4539,355,1,2005-07-12,"00:20:29",2005-07-12,"22:26:29"
6438,412,211,1,2005-07-12,"00:23:01",2005-07-17,"22:45:01"
6439,3463,406,2,2005-07-12,"00:23:48",2005-07-13,"00:54:48"
6440,2148,269,2,2005-07-12,"00:25:04",2005-07-13,"04:52:04"
6441,2489,505,1,2005-07-12,"00:27:08",2005-07-14,"03:12:08"
6442,1273,360,2,2005-07-12,"00:29:45",2005-07-15,"19:37:45"
6443,895,155,1,2005-07-12,"00:35:51",2005-07-16,"04:50:51"
6444,2214,168,1,2005-07-12,"00:36:02",2005-07-18,"05:53:02"
6445,582,385,2,2005-07-12,"00:37:02",2005-07-17,"22:05:02"
6446,3634,473,2,2005-07-12,"00:44:08",2005-07-14,"20:39:08"
6447,3945,482,2,2005-07-12,"00:45:17",2005-07-18,"05:56:17"
6448,2663,160,1,2005-07-12,"00:45:59",2005-07-17,"00:34:59"
6449,4395,117,1,2005-07-12,"00:48:58",2005-07-21,"02:57:58"
6450,2413,32,2,2005-07-12,"00:49:05",2005-07-13,"01:54:05"
6451,1008,381,2,2005-07-12,"00:52:19",2005-07-16,"21:30:19"
6452,109,388,1,2005-07-12,"00:57:31",2005-07-14,"20:41:31"
6453,2506,169,2,2005-07-12,"00:59:53",2005-07-14,"19:17:53"
6454,4028,446,1,2005-07-12,"01:00:12",2005-07-16,"22:12:12"
6455,4267,277,2,2005-07-12,"01:01:58",2005-07-16,"02:42:58"
6456,259,387,2,2005-07-12,"01:05:11",2005-07-20,"23:26:11"
6457,2970,64,1,2005-07-12,"01:06:35",2005-07-14,"03:27:35"
6458,2809,138,1,2005-07-12,"01:08:52",2005-07-16,"20:22:52"
6459,4025,557,1,2005-07-12,"01:12:03",2005-07-15,"23:48:03"
6460,2402,371,2,2005-07-12,"01:13:44",2005-07-17,"04:51:44"
6461,1799,135,1,2005-07-12,"01:14:03",2005-07-19,"21:12:03"
6462,4534,414,2,2005-07-12,"01:15:24",2005-07-19,"05:11:24"
6463,2930,391,1,2005-07-12,"01:16:11",2005-07-13,"01:37:11"
6464,3100,303,1,2005-07-12,"01:16:40",2005-07-20,"00:53:40"
6465,2047,207,2,2005-07-12,"01:17:11",2005-07-20,"00:29:11"
6466,3369,235,1,2005-07-12,"01:21:03",2005-07-14,"04:05:03"
6467,2067,457,2,2005-07-12,"01:22:03",2005-07-20,"04:37:03"
6468,4560,541,2,2005-07-12,"01:27:09",2005-07-20,"00:37:09"
6469,3830,147,2,2005-07-12,"01:29:27",2005-07-16,"20:22:27"
6470,1680,240,2,2005-07-12,"01:29:41",2005-07-15,"21:33:41"
6471,2253,397,1,2005-07-12,"01:31:06",2005-07-13,"05:26:06"
6472,3780,183,1,2005-07-12,"01:33:25",2005-07-15,"20:26:25"
6473,527,594,1,2005-07-12,"01:35:40",2005-07-20,"20:11:40"
6474,310,43,2,2005-07-12,"01:36:46",2005-07-16,"07:24:46"
6475,2035,74,1,2005-07-12,"01:36:57",2005-07-17,"21:22:57"
6476,978,28,2,2005-07-12,"01:37:48",2005-07-12,"20:21:48"
6477,804,181,2,2005-07-12,"01:38:42",2005-07-17,"05:19:42"
6478,2589,483,1,2005-07-12,"01:41:44",2005-07-15,"20:48:44"
6479,2587,558,1,2005-07-12,"01:49:00",2005-07-21,"04:26:00"
6480,3076,309,1,2005-07-12,"01:49:29",2005-07-17,"01:00:29"
6481,2392,128,1,2005-07-12,"01:50:15",2005-07-20,"03:03:15"
6482,4135,57,2,2005-07-12,"01:50:21",2005-07-14,"06:49:21"
6483,1053,263,2,2005-07-12,"01:59:20",2005-07-12,"22:22:20"
6484,4093,556,2,2005-07-12,"02:04:10",2005-07-17,"23:18:10"
6485,1224,319,1,2005-07-12,"02:07:59",2005-07-19,"22:56:59"
6486,4008,75,2,2005-07-12,"02:09:36",2005-07-14,"03:04:36"
6487,4000,277,2,2005-07-12,"02:17:00",2005-07-19,"00:57:00"
6488,3974,169,2,2005-07-12,"02:20:09",2005-07-20,"00:53:09"
6489,1821,268,2,2005-07-12,"02:22:46",2005-07-17,"06:16:46"
6490,2249,548,2,2005-07-12,"02:28:03",2005-07-19,"03:06:03"
6491,2803,415,1,2005-07-12,"02:28:31",2005-07-21,"00:38:31"
6492,466,590,2,2005-07-12,"02:28:40",2005-07-17,"05:58:40"
6493,16,184,1,2005-07-12,"02:40:41",2005-07-16,"04:56:41"
6494,1124,57,1,2005-07-12,"02:42:51",2005-07-20,"06:57:51"
6495,2440,19,1,2005-07-12,"02:57:02",2005-07-14,"08:35:02"
6496,3550,139,1,2005-07-12,"02:57:39",2005-07-20,"01:43:39"
6497,933,222,2,2005-07-12,"03:04:29",2005-07-17,"21:36:29"
6498,243,48,1,2005-07-12,"03:05:38",2005-07-19,"07:12:38"
6499,3165,474,2,2005-07-12,"03:11:18",2005-07-21,"07:50:18"
6500,4521,577,2,2005-07-12,"03:11:23",2005-07-13,"00:51:23"
6501,2851,219,2,2005-07-12,"03:11:55",2005-07-16,"02:08:55"
6502,1641,40,2,2005-07-12,"03:15:45",2005-07-17,"08:47:45"
6503,1319,120,1,2005-07-12,"03:18:07",2005-07-15,"00:05:07"
6504,3786,535,2,2005-07-12,"03:19:14",2005-07-17,"01:13:14"
6505,3986,415,2,2005-07-12,"03:27:37",2005-07-17,"22:42:37"
6506,386,423,1,2005-07-12,"03:28:22",2005-07-17,"22:43:22"
6507,2463,118,1,2005-07-12,"03:33:12",2005-07-20,"03:56:12"
6508,1474,597,2,2005-07-12,"03:34:50",2005-07-17,"02:57:50"
6509,2468,427,2,2005-07-12,"03:35:01",2005-07-13,"06:50:01"
6510,905,446,1,2005-07-12,"03:35:39",2005-07-21,"01:41:39"
6511,1350,322,2,2005-07-12,"03:39:29",2005-07-17,"01:01:29"
6512,1703,68,2,2005-07-12,"03:42:49",2005-07-13,"05:01:49"
6513,2671,393,1,2005-07-12,"03:44:43",2005-07-13,"05:54:43"
6514,3562,73,1,2005-07-12,"03:47:44",2005-07-20,"00:11:44"
6515,706,261,2,2005-07-12,"03:50:32",2005-07-15,"03:54:32"
6516,863,291,2,2005-07-12,"03:51:54",2005-07-14,"03:41:54"
6517,185,387,1,2005-07-12,"03:52:39",2005-07-20,"08:00:39"
6518,2698,288,2,2005-07-12,"03:59:42",2005-07-19,"22:21:42"
6519,4149,598,1,2005-07-12,"04:00:36",2005-07-19,"01:15:36"
6520,1535,270,1,2005-07-12,"04:05:16",2005-07-15,"08:26:16"
6521,3293,49,1,2005-07-12,"04:06:11",2005-07-21,"05:50:11"
6522,3916,142,1,2005-07-12,"04:11:58",2005-07-15,"08:32:58"
6523,1848,574,1,2005-07-12,"04:14:19",2005-07-17,"00:38:19"
6524,1467,376,2,2005-07-12,"04:14:35",2005-07-17,"03:59:35"
6525,1408,103,1,2005-07-12,"04:17:15",2005-07-18,"23:11:15"
6526,1718,225,2,2005-07-12,"04:21:20",2005-07-18,"23:45:20"
6527,538,65,1,2005-07-12,"04:23:06",2005-07-17,"00:20:06"
6528,3824,598,2,2005-07-12,"04:29:44",2005-07-18,"02:39:44"
6529,1058,503,2,2005-07-12,"04:31:04",2005-07-17,"07:09:04"
6530,3410,75,1,2005-07-12,"04:33:19",2005-07-15,"08:26:19"
6531,4231,510,2,2005-07-12,"04:35:24",2005-07-16,"05:37:24"
6532,2361,225,1,2005-07-12,"04:38:32",2005-07-13,"03:54:32"
6533,3853,366,1,2005-07-12,"04:39:38",2005-07-18,"05:29:38"
6534,2359,577,1,2005-07-12,"04:39:43",2005-07-16,"06:33:43"
6535,1921,446,1,2005-07-12,"04:43:43",2005-07-17,"04:52:43"
6536,3521,289,2,2005-07-12,"04:44:25",2005-07-18,"01:52:25"
6537,3381,207,2,2005-07-12,"04:46:30",2005-07-19,"03:04:30"
6538,1987,529,2,2005-07-12,"04:50:26",2005-07-20,"23:44:26"
6539,2275,259,1,2005-07-12,"04:50:49",2005-07-19,"03:23:49"
6540,937,156,1,2005-07-12,"04:51:13",2005-07-21,"03:38:13"
6541,1795,529,2,2005-07-12,"04:53:41",2005-07-17,"23:17:41"
6542,2421,359,1,2005-07-12,"04:53:49",2005-07-13,"01:48:49"
6543,2568,264,2,2005-07-12,"04:54:32",2005-07-15,"09:50:32"
6544,1218,97,1,2005-07-12,"04:56:15",2005-07-17,"08:28:15"
6545,4447,376,1,2005-07-12,"04:56:30",2005-07-20,"05:41:30"
6546,393,105,2,2005-07-12,"04:57:17",2005-07-17,"09:29:17"
6547,2656,262,2,2005-07-12,"04:57:46",2005-07-18,"08:36:46"
6548,2480,488,2,2005-07-12,"05:00:46",2005-07-19,"04:40:46"
6549,2688,493,2,2005-07-12,"05:02:01",2005-07-20,"06:19:01"
6550,2184,112,1,2005-07-12,"05:03:14",2005-07-19,"04:06:14"
6551,282,567,1,2005-07-12,"05:03:43",2005-07-13,"10:44:43"
6552,766,493,2,2005-07-12,"05:05:06",2005-07-13,"05:12:06"
6553,1137,265,1,2005-07-12,"05:06:39",2005-07-21,"10:37:39"
6554,2741,178,2,2005-07-12,"05:07:26",2005-07-21,"06:06:26"
6555,1282,188,1,2005-07-12,"05:08:16",2005-07-14,"04:09:16"
6556,3901,570,2,2005-07-12,"05:10:16",2005-07-13,"04:16:16"
6557,1442,116,1,2005-07-12,"05:12:03",2005-07-20,"06:49:03"
6558,2195,164,2,2005-07-12,"05:16:07",2005-07-13,"05:32:07"
6559,458,353,2,2005-07-12,"05:20:35",2005-07-16,"08:44:35"
6560,433,54,2,2005-07-12,"05:22:06",2005-07-15,"00:04:06"
6561,4568,528,2,2005-07-12,"05:24:02",2005-07-16,"03:43:02"
6562,3969,27,2,2005-07-12,"05:26:26",2005-07-16,"05:10:26"
6563,87,438,1,2005-07-12,"05:34:09",2005-07-21,"07:37:09"
6564,2320,210,2,2005-07-12,"05:34:44",2005-07-18,"06:12:44"
6565,2751,35,2,2005-07-12,"05:39:50",2005-07-13,"01:07:50"
6566,1822,178,2,2005-07-12,"05:42:53",2005-07-19,"01:23:53"
6567,1336,198,2,2005-07-12,"05:43:09",2005-07-19,"08:18:09"
6568,4203,13,2,2005-07-12,"05:45:47",2005-07-15,"05:18:47"
6569,759,183,2,2005-07-12,"05:47:40",2005-07-20,"06:23:40"
6570,2082,217,1,2005-07-12,"05:50:31",2005-07-13,"09:58:31"
6571,3700,140,1,2005-07-12,"05:51:47",2005-07-15,"11:31:47"
6572,3121,35,1,2005-07-12,"05:56:38",2005-07-16,"10:41:38"
6573,3308,239,2,2005-07-12,"06:03:40",2005-07-13,"11:49:40"
6574,621,115,2,2005-07-12,"06:04:22",2005-07-18,"03:19:22"
6575,1414,598,2,2005-07-12,"06:12:53",2005-07-18,"07:55:53"
6576,339,362,1,2005-07-12,"06:13:41",2005-07-16,"03:22:41"
6577,4191,439,1,2005-07-12,"06:15:05",2005-07-15,"06:23:05"
6578,2304,229,1,2005-07-12,"06:15:41",2005-07-15,"10:43:41"
6580,1543,31,1,2005-07-12,"06:26:10",2005-07-13,"06:44:10"
6581,2121,468,2,2005-07-12,"06:26:49",2005-07-14,"05:07:49"
6582,2077,420,1,2005-07-12,"06:28:12",2005-07-19,"06:19:12"
6583,2343,462,1,2005-07-12,"06:42:31",2005-07-15,"07:51:31"
6584,1800,472,2,2005-07-12,"06:43:36",2005-07-16,"12:18:36"
6585,2064,136,1,2005-07-12,"06:50:52",2005-07-21,"06:51:52"
6586,3860,93,1,2005-07-12,"06:56:24",2005-07-17,"09:36:24"
6587,238,419,2,2005-07-12,"06:56:26",2005-07-20,"05:53:26"
6588,1257,420,1,2005-07-12,"06:57:40",2005-07-16,"04:27:40"
6589,1595,424,2,2005-07-12,"07:06:29",2005-07-14,"12:06:29"
6590,1067,442,2,2005-07-12,"07:08:21",2005-07-18,"06:16:21"
6591,2846,509,2,2005-07-12,"07:13:46",2005-07-16,"05:15:46"
6592,3481,273,1,2005-07-12,"07:19:35",2005-07-19,"07:15:35"
6593,3441,356,2,2005-07-12,"07:21:17",2005-07-14,"02:35:17"
6594,4458,517,1,2005-07-12,"07:25:43",2005-07-13,"07:59:43"
6595,1286,458,2,2005-07-12,"07:25:48",2005-07-20,"02:24:48"
6596,890,409,1,2005-07-12,"07:32:59",2005-07-13,"02:47:59"
6597,979,479,2,2005-07-12,"07:37:02",2005-07-16,"10:24:02"
6598,2049,532,1,2005-07-12,"07:38:25",2005-07-19,"07:58:25"
6599,4348,519,2,2005-07-12,"07:41:14",2005-07-21,"02:45:14"
6600,3315,389,2,2005-07-12,"07:41:48",2005-07-18,"12:36:48"
6601,1640,464,2,2005-07-12,"07:44:49",2005-07-20,"03:22:49"
6602,2382,214,2,2005-07-12,"07:50:24",2005-07-20,"03:25:24"
6603,3583,425,2,2005-07-12,"07:52:55",2005-07-16,"13:19:55"
6604,822,365,2,2005-07-12,"07:57:45",2005-07-16,"05:41:45"
6605,2892,547,1,2005-07-12,"08:01:07",2005-07-19,"03:12:07"
6606,2805,178,1,2005-07-12,"08:03:40",2005-07-13,"09:05:40"
6607,337,562,1,2005-07-12,"08:08:50",2005-07-20,"09:17:50"
6608,3577,244,2,2005-07-12,"08:16:50",2005-07-18,"07:08:50"
6609,3332,133,2,2005-07-12,"08:19:41",2005-07-19,"08:19:41"
6610,645,353,2,2005-07-12,"08:20:02",2005-07-21,"09:16:02"
6611,1604,286,1,2005-07-12,"08:20:23",2005-07-16,"07:19:23"
6612,235,152,1,2005-07-12,"08:28:33",2005-07-17,"06:25:33"
6613,3421,460,2,2005-07-12,"08:30:07",2005-07-14,"10:25:07"
6614,3004,144,2,2005-07-12,"08:33:49",2005-07-18,"07:28:49"
6615,23,438,1,2005-07-12,"08:36:22",2005-07-20,"09:03:22"
6616,1833,179,1,2005-07-12,"08:37:30",2005-07-20,"10:33:30"
6617,2292,248,2,2005-07-12,"08:39:56",2005-07-14,"09:32:56"
6618,4266,327,1,2005-07-12,"08:41:42",2005-07-14,"05:34:42"
6619,4062,305,1,2005-07-12,"08:50:48",2005-07-14,"11:54:48"
6620,2362,337,2,2005-07-12,"08:51:03",2005-07-16,"03:59:03"
6621,2229,561,1,2005-07-12,"08:57:30",2005-07-14,"09:47:30"
6622,4350,325,1,2005-07-12,"09:04:11",2005-07-13,"04:27:11"
6623,4412,302,2,2005-07-12,"09:05:34",2005-07-19,"13:54:34"
6624,3946,335,2,2005-07-12,"09:05:50",2005-07-18,"13:59:50"
6625,735,443,2,2005-07-12,"09:06:40",2005-07-21,"04:57:40"
6626,2418,269,2,2005-07-12,"09:16:24",2005-07-17,"04:06:24"
6627,626,565,1,2005-07-12,"09:16:46",2005-07-17,"10:58:46"
6628,2894,211,2,2005-07-12,"09:18:08",2005-07-21,"04:27:08"
6629,2855,582,2,2005-07-12,"09:18:35",2005-07-20,"11:34:35"
6630,1843,462,2,2005-07-12,"09:30:05",2005-07-14,"08:29:05"
6631,2340,204,2,2005-07-12,"09:31:43",2005-07-15,"05:00:43"
6632,2929,442,1,2005-07-12,"09:33:10",2005-07-15,"11:36:10"
6633,2908,150,2,2005-07-12,"09:35:42",2005-07-13,"12:56:42"
6634,2943,50,1,2005-07-12,"09:37:18",2005-07-13,"09:28:18"
6635,515,273,1,2005-07-12,"09:47:58",2005-07-16,"15:43:58"
6636,3270,441,1,2005-07-12,"09:49:46",2005-07-14,"12:15:46"
6637,2852,164,1,2005-07-12,"09:57:39",2005-07-19,"08:40:39"
6638,207,87,1,2005-07-12,"09:58:02",2005-07-13,"09:40:02"
6639,3385,587,1,2005-07-12,"10:00:44",2005-07-19,"04:56:44"
6640,2794,148,2,2005-07-12,"10:27:19",2005-07-21,"06:28:19"
6641,2165,334,2,2005-07-12,"10:33:14",2005-07-20,"08:24:14"
6642,201,441,1,2005-07-12,"10:37:52",2005-07-13,"15:13:52"
6643,174,88,1,2005-07-12,"10:39:22",2005-07-18,"13:52:22"
6644,2667,285,1,2005-07-12,"10:39:39",2005-07-14,"11:50:39"
6645,2858,73,1,2005-07-12,"10:39:55",2005-07-17,"07:41:55"
6646,4061,508,1,2005-07-12,"10:41:34",2005-07-15,"05:31:34"
6647,1841,8,1,2005-07-12,"10:43:53",2005-07-14,"05:37:53"
6648,718,356,1,2005-07-12,"10:46:30",2005-07-14,"16:15:30"
6649,70,57,2,2005-07-12,"10:51:09",2005-07-14,"16:05:09"
6650,1589,526,1,2005-07-12,"10:57:10",2005-07-14,"07:24:10"
6651,98,447,2,2005-07-12,"10:57:28",2005-07-15,"06:06:28"
6652,2200,518,1,2005-07-12,"10:59:38",2005-07-13,"13:52:38"
6653,614,25,2,2005-07-12,"11:06:17",2005-07-19,"16:52:17"
6654,2870,458,1,2005-07-12,"11:06:28",2005-07-20,"10:27:28"
6655,3937,100,1,2005-07-12,"11:08:32",2005-07-15,"15:17:32"
6656,2282,330,1,2005-07-12,"11:09:47",2005-07-14,"05:50:47"
6657,3697,553,1,2005-07-12,"11:11:36",2005-07-16,"15:56:36"
6658,172,27,2,2005-07-12,"11:13:21",2005-07-17,"09:10:21"
6659,2285,134,2,2005-07-12,"11:18:05",2005-07-16,"16:45:05"
6660,446,598,2,2005-07-12,"11:20:12",2005-07-20,"12:58:12"
6661,2367,315,2,2005-07-12,"11:20:39",2005-07-16,"08:17:39"
6662,1464,99,1,2005-07-12,"11:21:06",2005-07-13,"13:00:06"
6663,4364,5,1,2005-07-12,"11:27:35",2005-07-21,"16:35:35"
6664,4578,351,1,2005-07-12,"11:28:22",2005-07-15,"09:30:22"
6665,2912,587,2,2005-07-12,"11:29:14",2005-07-19,"11:26:14"
6666,3194,314,2,2005-07-12,"11:32:15",2005-07-14,"16:09:15"
6667,215,50,1,2005-07-12,"11:36:22",2005-07-19,"12:53:22"
6668,1498,199,2,2005-07-12,"11:37:45",2005-07-14,"13:28:45"
6669,1420,355,1,2005-07-12,"11:39:55",2005-07-20,"05:56:55"
6670,3106,249,2,2005-07-12,"11:44:33",2005-07-19,"07:54:33"
6671,955,526,2,2005-07-12,"11:48:48",2005-07-19,"16:55:48"
6672,375,439,2,2005-07-12,"11:49:16",2005-07-13,"07:03:16"
6673,1997,322,1,2005-07-12,"11:50:56",2005-07-13,"14:27:56"
6674,2385,399,1,2005-07-12,"11:51:54",2005-07-13,"16:57:54"
6675,2124,523,1,2005-07-12,"11:53:06",2005-07-13,"06:09:06"
6676,2294,571,1,2005-07-12,"11:53:40",2005-07-19,"09:15:40"
6677,2389,516,2,2005-07-12,"11:58:14",2005-07-21,"06:05:14"
6678,3473,330,2,2005-07-12,"11:58:36",2005-07-15,"17:50:36"
6679,3664,586,1,2005-07-12,"12:01:07",2005-07-14,"11:36:07"
6680,2887,43,1,2005-07-12,"12:01:56",2005-07-16,"17:32:56"
6681,854,368,2,2005-07-12,"12:04:12",2005-07-19,"11:01:12"
6682,1984,339,2,2005-07-12,"12:12:43",2005-07-21,"10:49:43"
6683,3433,244,2,2005-07-12,"12:14:05",2005-07-17,"14:02:05"
6684,2817,583,2,2005-07-12,"12:14:42",2005-07-21,"11:07:42"
6685,1434,5,1,2005-07-12,"12:16:28",2005-07-19,"17:03:28"
6686,3804,6,2,2005-07-12,"12:18:38",2005-07-13,"17:56:38"
6687,2736,128,1,2005-07-12,"12:19:23",2005-07-19,"17:12:23"
6688,2377,246,1,2005-07-12,"12:22:12",2005-07-14,"14:05:12"
6689,1568,525,1,2005-07-12,"12:22:13",2005-07-16,"07:44:13"
6690,4254,447,2,2005-07-12,"12:23:02",2005-07-16,"15:39:02"
6691,403,192,2,2005-07-12,"12:26:38",2005-07-18,"13:26:38"
6692,2837,372,2,2005-07-12,"12:35:39",2005-07-20,"11:20:39"
6693,2014,573,1,2005-07-12,"12:37:00",2005-07-20,"09:36:00"
6694,586,204,1,2005-07-12,"12:39:23",2005-07-19,"14:47:23"
6695,3088,550,2,2005-07-12,"12:39:39",2005-07-17,"13:36:39"
6696,299,273,1,2005-07-12,"12:44:04",2005-07-16,"14:17:04"
6697,210,103,1,2005-07-12,"12:44:57",2005-07-19,"13:02:57"
6698,4419,64,2,2005-07-12,"12:45:00",2005-07-16,"11:16:00"
6699,3411,565,1,2005-07-12,"12:45:21",2005-07-15,"12:59:21"
6700,3063,184,1,2005-07-12,"12:47:22",2005-07-21,"16:04:22"
6701,3428,454,1,2005-07-12,"12:47:59",2005-07-13,"10:28:59"
6702,233,164,1,2005-07-12,"12:48:03",2005-07-13,"11:55:03"
6703,46,470,1,2005-07-12,"12:50:19",2005-07-16,"13:41:19"
6704,1590,595,2,2005-07-12,"12:50:24",2005-07-20,"16:41:24"
6705,4268,363,1,2005-07-12,"12:53:11",2005-07-13,"07:17:11"
6706,4552,267,1,2005-07-12,"12:59:16",2005-07-19,"10:37:16"
6707,406,80,2,2005-07-12,"13:07:55",2005-07-16,"16:26:55"
6708,372,82,1,2005-07-12,"13:10:55",2005-07-21,"07:36:55"
6709,4049,322,2,2005-07-12,"13:20:41",2005-07-16,"10:37:41"
6710,806,462,2,2005-07-12,"13:23:09",2005-07-20,"10:10:09"
6711,2247,257,2,2005-07-12,"13:23:40",2005-07-20,"11:45:40"
6712,4581,226,2,2005-07-12,"13:24:47",2005-07-20,"09:35:47"
6713,4218,557,1,2005-07-12,"13:27:36",2005-07-16,"11:14:36"
6714,1947,370,2,2005-07-12,"13:29:06",2005-07-18,"16:02:06"
6715,643,386,2,2005-07-12,"13:32:28",2005-07-15,"17:01:28"
6716,2783,367,1,2005-07-12,"13:34:58",2005-07-19,"15:09:58"
6717,523,273,1,2005-07-12,"13:35:02",2005-07-20,"15:03:02"
6718,2283,541,1,2005-07-12,"13:38:06",2005-07-18,"09:05:06"
6719,739,330,2,2005-07-12,"13:40:37",2005-07-15,"15:23:37"
6720,2704,151,2,2005-07-12,"13:41:16",2005-07-13,"14:41:16"
6721,2798,462,2,2005-07-12,"13:42:58",2005-07-19,"16:39:58"
6722,3124,211,2,2005-07-12,"13:44:03",2005-07-19,"12:43:03"
6723,2678,499,2,2005-07-12,"13:44:57",2005-07-14,"15:57:57"
6724,2486,262,1,2005-07-12,"13:45:15",2005-07-19,"19:18:15"
6725,831,213,1,2005-07-12,"13:47:17",2005-07-17,"13:31:17"
6726,4494,97,1,2005-07-12,"13:48:14",2005-07-16,"11:11:14"
6727,3793,407,1,2005-07-12,"13:54:25",2005-07-14,"17:29:25"
6728,2113,414,1,2005-07-12,"13:56:48",2005-07-15,"18:49:48"
6729,2495,455,2,2005-07-12,"13:58:23",2005-07-19,"09:34:23"
6730,1552,532,1,2005-07-12,"13:58:25",2005-07-20,"13:01:25"
6731,844,593,2,2005-07-12,"13:58:27",2005-07-15,"10:04:27"
6732,1913,299,1,2005-07-12,"13:58:51",2005-07-17,"17:42:51"
6733,1476,585,2,2005-07-12,"14:04:01",2005-07-21,"18:57:01"
6734,2248,446,1,2005-07-12,"14:04:24",2005-07-21,"19:47:24"
6735,276,428,2,2005-07-12,"14:08:20",2005-07-18,"09:41:20"
6736,530,342,1,2005-07-12,"14:16:50",2005-07-15,"16:26:50"
6737,315,304,1,2005-07-12,"14:16:52",2005-07-18,"19:48:52"
6738,1197,366,2,2005-07-12,"14:17:55",2005-07-21,"10:11:55"
6739,1221,71,2,2005-07-12,"14:22:08",2005-07-18,"16:57:08"
6740,2431,139,1,2005-07-12,"14:22:08",2005-07-14,"14:35:08"
6741,237,359,1,2005-07-12,"14:24:16",2005-07-15,"08:31:16"
6742,4242,558,2,2005-07-12,"14:25:31",2005-07-17,"08:50:31"
6743,158,261,1,2005-07-12,"14:29:25",2005-07-13,"13:13:25"
6744,2565,64,1,2005-07-12,"14:30:28",2005-07-14,"16:20:28"
6745,1331,524,2,2005-07-12,"14:30:51",2005-07-13,"13:42:51"
6746,3127,537,2,2005-07-12,"14:33:01",2005-07-17,"19:52:01"
6747,3651,126,2,2005-07-12,"14:33:21",2005-07-13,"09:59:21"
6748,3655,540,2,2005-07-12,"14:39:27",2005-07-18,"13:40:27"
6749,2895,334,2,2005-07-12,"14:43:05",2005-07-21,"15:13:05"
6750,3838,459,2,2005-07-12,"14:49:39",2005-07-18,"18:43:39"
6751,1749,312,2,2005-07-12,"14:50:34",2005-07-15,"19:39:34"
6752,3392,453,1,2005-07-12,"14:53:15",2005-07-20,"09:23:15"
6753,2591,147,1,2005-07-12,"14:55:42",2005-07-18,"19:16:42"
6754,1460,114,2,2005-07-12,"14:59:24",2005-07-14,"11:04:24"
6755,2542,126,2,2005-07-12,"15:07:49",2005-07-21,"18:43:49"
6756,1174,531,2,2005-07-12,"15:08:28",2005-07-13,"14:25:28"
6757,547,558,2,2005-07-12,"15:09:48",2005-07-17,"15:04:48"
6758,4098,546,2,2005-07-12,"15:13:49",2005-07-20,"09:31:49"
6759,3624,49,1,2005-07-12,"15:14:48",2005-07-15,"11:29:48"
6760,501,502,2,2005-07-12,"15:16:00",2005-07-20,"13:20:00"
6761,3645,7,2,2005-07-12,"15:17:42",2005-07-18,"17:59:42"
6762,3857,262,1,2005-07-12,"15:25:33",2005-07-21,"18:57:33"
6763,3364,314,2,2005-07-12,"15:26:34",2005-07-18,"16:38:34"
6764,4407,396,2,2005-07-12,"15:29:27",2005-07-21,"20:00:27"
6765,2571,433,2,2005-07-12,"15:30:47",2005-07-19,"14:19:47"
6766,3615,171,2,2005-07-12,"15:32:01",2005-07-18,"14:03:01"
6767,1819,208,2,2005-07-12,"15:46:55",2005-07-17,"17:36:55"
6768,3418,151,2,2005-07-12,"15:47:51",2005-07-19,"21:17:51"
6769,1687,63,2,2005-07-12,"15:48:54",2005-07-21,"14:39:54"
6770,2080,360,2,2005-07-12,"15:49:40",2005-07-20,"10:14:40"
6771,1113,396,2,2005-07-12,"15:54:40",2005-07-17,"15:56:40"
6772,3810,89,1,2005-07-12,"15:55:35",2005-07-18,"10:47:35"
6773,3346,12,2,2005-07-12,"15:55:39",2005-07-18,"17:52:39"
6774,868,171,1,2005-07-12,"15:56:08",2005-07-13,"18:42:08"
6775,2909,383,1,2005-07-12,"16:01:44",2005-07-19,"14:11:44"
6776,2398,348,1,2005-07-12,"16:02:09",2005-07-20,"16:31:09"
6777,4089,351,2,2005-07-12,"16:04:40",2005-07-20,"15:05:40"
6778,4503,381,2,2005-07-12,"16:06:00",2005-07-14,"21:57:00"
6779,4468,404,2,2005-07-12,"16:10:50",2005-07-17,"14:51:50"
6780,1255,121,2,2005-07-12,"16:18:12",2005-07-13,"17:56:12"
6781,3783,533,1,2005-07-12,"16:21:47",2005-07-15,"19:52:47"
6782,2742,199,2,2005-07-12,"16:23:25",2005-07-20,"18:46:25"
6783,3633,506,2,2005-07-12,"16:27:56",2005-07-13,"12:11:56"
6784,197,578,1,2005-07-12,"16:28:49",2005-07-15,"17:27:49"
6785,4448,69,1,2005-07-12,"16:30:57",2005-07-18,"20:46:57"
6786,2011,546,2,2005-07-12,"16:32:33",2005-07-16,"12:42:33"
6787,1481,342,2,2005-07-12,"16:33:28",2005-07-18,"21:48:28"
6788,1162,460,2,2005-07-12,"16:33:44",2005-07-20,"15:38:44"
6789,1973,76,2,2005-07-12,"16:34:40",2005-07-14,"17:02:40"
6790,4486,400,2,2005-07-12,"16:34:59",2005-07-17,"21:43:59"
6791,1495,144,2,2005-07-12,"16:35:07",2005-07-20,"15:32:07"
6792,510,571,2,2005-07-12,"16:37:28",2005-07-20,"11:20:28"
6793,103,148,2,2005-07-12,"16:37:55",2005-07-21,"16:04:55"
6794,813,233,2,2005-07-12,"16:38:23",2005-07-20,"17:36:23"
6795,1489,245,1,2005-07-12,"16:41:00",2005-07-21,"20:52:00"
6796,227,291,2,2005-07-12,"16:44:16",2005-07-16,"14:48:16"
6797,1536,469,2,2005-07-12,"16:47:06",2005-07-14,"14:38:06"
6798,275,115,2,2005-07-12,"16:49:11",2005-07-19,"12:11:11"
6799,2778,42,2,2005-07-12,"16:52:13",2005-07-14,"15:11:13"
6800,3742,599,2,2005-07-12,"17:03:56",2005-07-21,"20:32:56"
6801,872,500,1,2005-07-12,"17:09:08",2005-07-21,"22:25:08"
6802,2942,298,2,2005-07-12,"17:14:17",2005-07-17,"11:54:17"
6803,2676,490,2,2005-07-12,"17:21:49",2005-07-14,"18:01:49"
6804,1554,269,1,2005-07-12,"17:22:06",2005-07-21,"11:37:06"
6805,1758,262,2,2005-07-12,"17:23:01",2005-07-21,"19:38:01"
6806,656,179,1,2005-07-12,"17:31:43",2005-07-17,"14:36:43"
6807,669,376,2,2005-07-12,"17:33:53",2005-07-18,"16:28:53"
6808,362,263,2,2005-07-12,"17:36:42",2005-07-18,"23:33:42"
6809,3455,168,1,2005-07-12,"17:51:54",2005-07-17,"15:10:54"
6810,2802,485,2,2005-07-12,"17:54:19",2005-07-20,"16:58:19"
6811,1572,107,1,2005-07-12,"17:54:33",2005-07-20,"17:39:33"
6812,2227,553,2,2005-07-12,"18:03:25",2005-07-20,"18:33:25"
6813,135,54,1,2005-07-12,"18:03:50",2005-07-16,"16:30:50"
6814,1863,579,2,2005-07-12,"18:11:58",2005-07-18,"20:37:58"
6815,3236,468,1,2005-07-12,"18:14:10",2005-07-17,"14:16:10"
6816,2963,290,2,2005-07-12,"18:18:50",2005-07-18,"21:09:50"
6817,184,135,1,2005-07-12,"18:19:57",2005-07-19,"22:53:57"
6818,1013,153,2,2005-07-12,"18:20:54",2005-07-21,"00:03:54"
6819,1253,198,1,2005-07-12,"18:21:01",2005-07-13,"21:14:01"
6820,223,243,1,2005-07-12,"18:21:30",2005-07-14,"15:14:30"
6821,623,363,2,2005-07-12,"18:22:10",2005-07-14,"13:25:10"
6822,1592,300,1,2005-07-12,"18:23:39",2005-07-19,"21:06:39"
6823,795,557,1,2005-07-12,"18:24:31",2005-07-17,"23:13:31"
6824,858,579,1,2005-07-12,"18:26:46",2005-07-21,"15:23:46"
6825,2342,281,1,2005-07-12,"18:28:12",2005-07-15,"19:24:12"
6826,1708,408,1,2005-07-12,"18:32:02",2005-07-16,"23:21:02"
6827,1529,283,1,2005-07-12,"18:33:45",2005-07-13,"19:09:45"
6828,874,502,1,2005-07-12,"18:38:51",2005-07-14,"20:10:51"
6829,4184,361,1,2005-07-12,"18:38:59",2005-07-16,"23:25:59"
6830,1943,578,1,2005-07-12,"18:42:55",2005-07-17,"17:58:55"
6831,924,163,2,2005-07-12,"18:44:04",2005-07-16,"21:39:04"
6832,444,220,2,2005-07-12,"18:51:41",2005-07-20,"13:29:41"
6833,912,301,2,2005-07-12,"18:53:34",2005-07-19,"22:21:34"
6834,897,533,1,2005-07-12,"18:53:37",2005-07-19,"13:42:37"
6835,1444,367,1,2005-07-12,"18:58:03",2005-07-18,"00:41:03"
6836,2744,113,1,2005-07-12,"18:58:05",2005-07-15,"17:45:05"
6837,1203,533,2,2005-07-12,"18:59:45",2005-07-21,"22:47:45"
6838,3492,354,1,2005-07-12,"19:01:30",2005-07-17,"23:42:30"
6839,3900,357,1,2005-07-12,"19:03:19",2005-07-15,"23:48:19"
6840,1381,323,2,2005-07-12,"19:03:22",2005-07-21,"18:34:22"
6841,2265,108,1,2005-07-12,"19:04:24",2005-07-14,"23:58:24"
6842,3376,366,1,2005-07-12,"19:07:55",2005-07-19,"22:47:55"
6843,746,561,1,2005-07-12,"19:14:05",2005-07-20,"23:15:05"
6844,3211,482,2,2005-07-12,"19:14:53",2005-07-18,"16:07:53"
6845,3833,414,1,2005-07-12,"19:20:41",2005-07-14,"15:27:41"
6846,1214,18,1,2005-07-12,"19:20:45",2005-07-17,"00:06:45"
6847,346,63,2,2005-07-12,"19:22:37",2005-07-21,"18:53:37"
6848,1782,433,1,2005-07-12,"19:24:07",2005-07-14,"17:03:07"
6849,4307,479,1,2005-07-12,"19:29:19",2005-07-19,"22:03:19"
6850,1145,433,2,2005-07-12,"19:30:42",2005-07-17,"21:26:42"
6851,664,280,1,2005-07-12,"19:32:14",2005-07-17,"21:03:14"
6852,2182,75,2,2005-07-12,"19:33:49",2005-07-13,"20:01:49"
6853,4006,299,1,2005-07-12,"19:38:11",2005-07-20,"00:14:11"
6854,3173,151,1,2005-07-12,"19:38:57",2005-07-16,"16:28:57"
6855,2657,24,2,2005-07-12,"19:46:29",2005-07-15,"16:56:29"
6856,4338,275,1,2005-07-12,"19:50:16",2005-07-14,"22:25:16"
6857,424,196,1,2005-07-12,"19:53:30",2005-07-13,"15:22:30"
6858,1095,516,1,2005-07-12,"19:53:51",2005-07-19,"14:12:51"
6859,4108,321,2,2005-07-12,"19:53:57",2005-07-17,"19:48:57"
6860,2907,91,1,2005-07-12,"19:54:17",2005-07-18,"13:59:17"
6861,354,83,1,2005-07-12,"19:56:52",2005-07-13,"16:02:52"
6862,3477,231,2,2005-07-12,"19:58:09",2005-07-18,"15:48:09"
6863,229,484,1,2005-07-12,"19:58:34",2005-07-21,"16:57:34"
6864,2252,38,2,2005-07-12,"19:59:25",2005-07-19,"15:52:25"
6865,1428,175,2,2005-07-12,"20:02:40",2005-07-20,"00:39:40"
6866,2481,312,1,2005-07-12,"20:03:44",2005-07-15,"01:55:44"
6867,3354,190,1,2005-07-12,"20:06:47",2005-07-19,"16:59:47"
6868,719,306,2,2005-07-12,"20:10:17",2005-07-15,"22:34:17"
6869,3546,278,1,2005-07-12,"20:12:06",2005-07-13,"18:37:06"
6870,3102,13,2,2005-07-12,"20:13:45",2005-07-16,"22:09:45"
6871,3612,204,2,2005-07-12,"20:13:49",2005-07-14,"20:11:49"
6872,3246,86,1,2005-07-12,"20:15:04",2005-07-18,"18:19:04"
6873,802,161,1,2005-07-12,"20:20:50",2005-07-17,"01:51:50"
6874,4478,539,1,2005-07-12,"20:20:53",2005-07-19,"19:41:53"
6875,3420,172,2,2005-07-12,"20:23:05",2005-07-19,"00:09:05"
6876,34,531,1,2005-07-12,"20:32:50",2005-07-16,"21:12:50"
6877,3968,231,1,2005-07-12,"20:32:58",2005-07-18,"18:01:58"
6878,2428,363,2,2005-07-12,"20:37:13",2005-07-19,"20:13:13"
6879,1901,416,2,2005-07-12,"20:37:37",2005-07-20,"15:40:37"
6880,1473,229,1,2005-07-12,"20:41:35",2005-07-17,"02:22:35"
6881,2496,346,2,2005-07-12,"20:46:35",2005-07-21,"00:26:35"
6882,2469,166,1,2005-07-12,"20:50:39",2005-07-14,"21:01:39"
6883,468,596,2,2005-07-12,"20:50:48",2005-07-19,"16:00:48"
6884,3642,17,1,2005-07-12,"20:52:41",2005-07-20,"23:13:41"
6885,3972,159,2,2005-07-12,"20:56:04",2005-07-15,"19:21:04"
6886,4533,429,2,2005-07-12,"20:58:04",2005-07-18,"16:56:04"
6887,4487,542,1,2005-07-12,"21:00:23",2005-07-21,"17:46:23"
6888,1896,490,2,2005-07-12,"21:01:11",2005-07-17,"21:49:11"
6889,2919,198,2,2005-07-12,"21:01:22",2005-07-20,"20:16:22"
6890,2538,473,1,2005-07-12,"21:03:03",2005-07-14,"00:47:03"
6891,3189,507,2,2005-07-12,"21:07:35",2005-07-14,"16:59:35"
6892,1567,138,2,2005-07-12,"21:10:04",2005-07-13,"23:03:04"
6893,2611,377,2,2005-07-12,"21:20:11",2005-07-21,"18:55:11"
6894,1347,315,2,2005-07-12,"21:20:50",2005-07-20,"23:42:50"
6895,2935,599,2,2005-07-12,"21:23:59",2005-07-19,"20:47:59"
6896,1266,111,1,2005-07-12,"21:25:37",2005-07-20,"23:51:37"
6897,170,13,1,2005-07-12,"21:30:41",2005-07-15,"03:19:41"
6898,1725,557,1,2005-07-12,"21:39:04",2005-07-15,"20:30:04"
6899,3565,483,2,2005-07-12,"21:44:16",2005-07-21,"22:21:16"
6900,129,292,1,2005-07-12,"21:45:25",2005-07-19,"21:19:25"
6901,4574,158,1,2005-07-12,"21:46:33",2005-07-16,"21:36:33"
6902,314,485,1,2005-07-12,"21:57:16",2005-07-14,"20:56:16"
6903,3690,517,2,2005-07-12,"21:58:15",2005-07-14,"01:38:15"
6904,2312,465,1,2005-07-12,"22:02:09",2005-07-17,"16:42:09"
6905,763,25,1,2005-07-12,"22:02:18",2005-07-18,"23:30:18"
6906,1435,335,1,2005-07-12,"22:03:02",2005-07-15,"00:35:02"
6907,2516,575,1,2005-07-12,"22:03:49",2005-07-18,"19:18:49"
6908,3161,529,2,2005-07-12,"22:08:46",2005-07-21,"00:21:46"
6909,769,174,2,2005-07-12,"22:09:30",2005-07-17,"02:05:30"
6910,1290,546,1,2005-07-12,"22:11:21",2005-07-21,"02:35:21"
6911,901,361,1,2005-07-12,"22:14:34",2005-07-18,"20:17:34"
6912,1701,471,1,2005-07-12,"22:17:16",2005-07-19,"18:18:16"
6913,569,443,2,2005-07-12,"22:18:12",2005-07-14,"23:03:12"
6914,496,361,1,2005-07-12,"22:26:56",2005-07-17,"20:03:56"
6915,1243,559,1,2005-07-12,"22:28:09",2005-07-14,"00:53:09"
6916,3311,88,1,2005-07-12,"22:29:18",2005-07-19,"16:46:18"
6917,3048,23,1,2005-07-12,"22:30:15",2005-07-20,"03:20:15"
6918,4085,140,1,2005-07-12,"22:30:29",2005-07-19,"22:51:29"
6919,1122,540,1,2005-07-12,"22:32:17",2005-07-18,"20:09:17"
6920,2301,109,2,2005-07-12,"22:32:58",2005-07-19,"20:29:58"
6921,3322,265,2,2005-07-12,"22:39:03",2005-07-21,"18:54:03"
6922,1114,371,1,2005-07-12,"22:39:48",2005-07-14,"18:35:48"
6923,2642,490,2,2005-07-12,"22:40:48",2005-07-19,"23:07:48"
6924,1257,502,2,2005-07-26,"22:51:53",2005-08-03,"19:04:53"
6925,2919,42,1,2005-07-26,"22:52:32",2005-07-29,"21:22:32"
6926,1276,354,1,2005-07-26,"22:52:45",2005-07-28,"18:32:45"
6927,4511,470,2,2005-07-26,"22:56:00",2005-08-05,"03:16:00"
6928,3605,487,1,2005-07-26,"22:56:21",2005-07-30,"04:46:21"
6929,3339,508,1,2005-07-26,"22:59:19",2005-08-03,"22:40:19"
6930,2989,393,2,2005-07-26,"23:00:01",2005-08-04,"01:57:01"
6931,2794,333,2,2005-07-26,"23:02:57",2005-07-28,"04:48:57"
6932,4517,463,1,2005-07-26,"23:08:04",2005-08-05,"01:35:04"
6933,1334,385,1,2005-07-26,"23:09:23",2005-07-31,"20:50:23"
6934,455,107,1,2005-07-26,"23:11:03",2005-08-04,"19:18:03"
6935,2771,435,1,2005-07-26,"23:13:10",2005-07-27,"18:09:10"
6936,60,538,1,2005-07-26,"23:13:34",2005-07-30,"19:14:34"
6937,1768,592,1,2005-07-26,"23:15:50",2005-07-27,"19:14:50"
6938,2058,427,2,2005-07-26,"23:16:04",2005-08-05,"00:59:04"
6939,278,354,2,2005-07-26,"23:17:51",2005-08-03,"21:12:51"
6940,3876,149,2,2005-07-26,"23:18:35",2005-08-05,"01:44:35"
6941,1575,441,2,2005-07-26,"23:18:49",2005-07-31,"00:23:49"
6942,1203,470,2,2005-07-26,"23:27:40",2005-07-31,"03:17:40"
6943,2436,21,2,2005-07-26,"23:28:13",2005-07-30,"02:22:13"
6944,1168,373,1,2005-07-26,"23:34:02",2005-08-05,"01:27:02"
6945,1627,560,1,2005-07-26,"23:35:29",2005-07-28,"00:12:29"
6946,1854,181,2,2005-07-26,"23:40:07",2005-08-04,"01:18:07"
6947,760,200,2,2005-07-26,"23:42:03",2005-08-02,"05:06:03"
6948,3088,228,2,2005-07-26,"23:43:49",2005-07-27,"21:24:49"
6949,1594,103,2,2005-07-26,"23:44:12",2005-07-30,"05:39:12"
6950,197,503,2,2005-07-26,"23:45:33",2005-07-31,"04:40:33"
6951,3348,98,1,2005-07-26,"23:47:31",2005-07-31,"22:17:31"
6952,4288,290,2,2005-07-26,"23:51:27",2005-07-30,"02:45:27"
6953,2910,306,1,2005-07-26,"23:52:47",2005-07-30,"23:07:47"
6954,1112,584,2,2005-07-26,"23:55:13",2005-07-28,"19:01:13"
6955,1104,469,2,2005-07-26,"23:55:48",2005-08-02,"03:25:48"
6956,2499,240,1,2005-07-26,"23:55:57",2005-08-03,"21:41:57"
6957,2231,518,2,2005-07-27,"00:00:00",2005-07-29,"19:32:00"
6958,657,333,2,2005-07-27,"00:02:41",2005-07-28,"00:53:41"
6959,1618,452,2,2005-07-27,"00:07:51",2005-07-27,"20:45:51"
6960,192,421,2,2005-07-27,"00:08:33",2005-08-03,"20:58:33"
6961,2205,38,2,2005-07-27,"00:10:49",2005-07-30,"00:26:49"
6962,4500,245,2,2005-07-27,"00:10:58",2005-07-30,"02:11:58"
6963,4284,489,1,2005-07-27,"00:13:02",2005-08-03,"18:13:02"
6964,1537,404,2,2005-07-27,"00:15:04",2005-07-31,"00:04:04"
6965,74,185,2,2005-07-27,"00:15:18",2005-07-28,"04:30:18"
6966,1577,45,2,2005-07-27,"00:15:35",2005-08-05,"03:04:35"
6967,1145,296,1,2005-07-27,"00:16:31",2005-08-03,"22:19:31"
6968,1662,370,2,2005-07-27,"00:16:45",2005-07-30,"23:16:45"
6969,2650,579,1,2005-07-27,"00:23:54",2005-08-03,"04:34:54"
6970,17,418,2,2005-07-27,"00:26:14",2005-08-03,"20:00:14"
6971,3493,366,2,2005-07-27,"00:26:17",2005-08-01,"03:59:17"
6972,1716,434,2,2005-07-27,"00:31:25",2005-07-28,"22:15:25"
6973,4572,564,2,2005-07-27,"00:32:04",2005-07-29,"01:05:04"
6974,2924,122,2,2005-07-27,"00:39:16",2005-08-04,"01:59:16"
6975,3328,527,1,2005-07-27,"00:39:54",2005-08-02,"19:49:54"
6976,3096,41,2,2005-07-27,"00:40:01",2005-07-31,"22:30:01"
6977,3545,429,2,2005-07-27,"00:40:50",2005-08-02,"19:08:50"
6978,3645,132,2,2005-07-27,"00:47:40",2005-07-31,"04:32:40"
6979,1001,141,2,2005-07-27,"00:49:53",2005-07-31,"03:59:53"
6980,1127,164,1,2005-07-27,"00:50:30",2005-08-03,"23:35:30"
6981,154,362,2,2005-07-27,"00:51:38",2005-07-28,"01:06:38"
6982,3843,284,2,2005-07-27,"00:53:41",2005-07-31,"06:19:41"
6983,1758,443,2,2005-07-27,"00:55:03",2005-08-01,"21:19:03"
6984,2407,297,2,2005-07-27,"00:56:30",2005-08-02,"01:14:30"
6985,1834,448,1,2005-07-27,"00:57:42",2005-07-31,"00:53:42"
6986,2104,262,1,2005-07-27,"00:59:05",2005-07-29,"00:31:05"
6987,3134,334,1,2005-07-27,"00:59:50",2005-07-28,"01:47:50"
6988,756,316,2,2005-07-27,"01:00:08",2005-07-31,"04:35:08"
6989,4036,120,1,2005-07-27,"01:00:34",2005-07-30,"23:53:34"
6990,4065,146,1,2005-07-27,"01:02:46",2005-07-31,"00:22:46"
6991,319,307,2,2005-07-27,"01:03:06",2005-08-05,"04:18:06"
6992,3411,106,2,2005-07-27,"01:04:45",2005-07-28,"02:34:45"
6993,3114,154,2,2005-07-27,"01:05:24",2005-07-30,"06:23:24"
6994,4316,400,2,2005-07-27,"01:08:26",2005-08-04,"22:58:26"
6995,1630,66,1,2005-07-27,"01:12:13",2005-07-29,"21:26:13"
6996,3237,236,1,2005-07-27,"01:13:45",2005-07-28,"20:43:45"
6997,2130,342,2,2005-07-27,"01:14:02",2005-07-29,"01:12:02"
6998,788,300,2,2005-07-27,"01:16:29",2005-07-30,"05:50:29"
6999,12,224,2,2005-07-27,"01:21:19",2005-07-29,"20:33:19"
7000,2024,31,2,2005-07-27,"01:23:24",2005-08-03,"02:10:24"
7001,1460,240,2,2005-07-27,"01:25:34",2005-07-31,"23:30:34"
7002,4157,349,1,2005-07-27,"01:26:14",2005-08-01,"20:10:14"
7003,636,161,2,2005-07-27,"01:32:06",2005-07-30,"21:33:06"
7004,4416,314,1,2005-07-27,"01:36:05",2005-08-03,"23:46:05"
7005,2438,446,2,2005-07-27,"01:38:36",2005-08-02,"05:56:36"
7006,3522,264,1,2005-07-27,"01:42:20",2005-08-03,"03:19:20"
7007,4186,257,1,2005-07-27,"01:43:39",2005-07-31,"21:04:39"
7008,3659,12,2,2005-07-27,"01:44:03",2005-07-28,"21:19:03"
7009,1585,414,1,2005-07-27,"01:45:44",2005-07-28,"05:50:44"
7010,3016,590,1,2005-07-27,"01:56:01",2005-07-30,"04:40:01"
7011,4082,254,1,2005-07-27,"01:58:34",2005-07-28,"06:11:34"
7012,779,239,2,2005-07-27,"02:01:03",2005-08-05,"07:34:03"
7013,3919,463,1,2005-07-27,"02:03:21",2005-07-31,"22:12:21"
7014,714,524,2,2005-07-27,"02:14:40",2005-08-03,"00:32:40"
7015,376,34,2,2005-07-27,"02:15:01",2005-07-28,"07:46:01"
7016,1425,423,2,2005-07-27,"02:15:16",2005-08-01,"23:08:16"
7017,753,176,1,2005-07-27,"02:16:03",2005-07-31,"07:49:03"
7018,1078,451,2,2005-07-27,"02:20:22",2005-08-02,"05:04:22"
7019,3837,491,1,2005-07-27,"02:20:26",2005-08-02,"22:48:26"
7020,3965,506,2,2005-07-27,"02:24:27",2005-07-29,"01:27:27"
7021,2690,380,1,2005-07-27,"02:26:38",2005-08-05,"01:18:38"
7022,1711,243,1,2005-07-27,"02:31:15",2005-07-29,"02:52:15"
7023,4196,303,1,2005-07-27,"02:32:44",2005-08-03,"04:06:44"
7024,3113,252,1,2005-07-27,"02:36:40",2005-07-28,"06:58:40"
7025,3530,176,2,2005-07-27,"02:40:29",2005-07-29,"23:02:29"
7026,3456,493,2,2005-07-27,"02:48:58",2005-07-29,"03:41:58"
7027,3280,61,1,2005-07-27,"02:50:15",2005-08-04,"02:58:15"
7028,834,179,2,2005-07-27,"02:54:25",2005-08-02,"06:16:25"
7029,2862,389,1,2005-07-27,"02:57:43",2005-07-30,"08:24:43"
7030,1277,550,1,2005-07-27,"03:01:40",2005-07-31,"07:01:40"
7031,1435,530,1,2005-07-27,"03:02:07",2005-08-02,"07:14:07"
7032,3397,269,1,2005-07-27,"03:03:09",2005-07-28,"22:57:09"
7033,2803,352,2,2005-07-27,"03:03:25",2005-07-28,"01:57:25"
7034,1712,281,1,2005-07-27,"03:03:37",2005-07-28,"23:18:37"
7035,2439,90,2,2005-07-27,"03:06:09",2005-08-02,"21:59:09"
7036,2569,70,2,2005-07-27,"03:06:12",2005-07-28,"23:26:12"
7037,3155,171,2,2005-07-27,"03:06:44",2005-08-02,"04:51:44"
7038,1909,518,2,2005-07-27,"03:07:29",2005-07-31,"04:55:29"
7039,1906,99,1,2005-07-27,"03:11:48",2005-08-01,"23:55:48"
7040,470,524,2,2005-07-27,"03:17:19",2005-07-29,"07:03:19"
7041,4212,379,2,2005-07-27,"03:18:32",2005-07-30,"06:40:32"
7042,399,188,1,2005-07-27,"03:20:18",2005-08-01,"02:23:18"
7043,3422,493,2,2005-07-27,"03:24:23",2005-08-05,"02:55:23"
7044,88,147,2,2005-07-27,"03:27:29",2005-08-01,"07:00:29"
7045,1788,64,2,2005-07-27,"03:27:35",2005-08-01,"06:31:35"
7046,3740,349,2,2005-07-27,"03:27:56",2005-07-30,"00:54:56"
7047,2866,236,1,2005-07-27,"03:31:11",2005-08-03,"23:40:11"
7048,3707,581,2,2005-07-27,"03:31:48",2005-08-05,"07:30:48"
7049,3043,332,2,2005-07-27,"03:32:41",2005-08-04,"08:32:41"
7050,1135,55,1,2005-07-27,"03:33:17",2005-08-02,"03:12:17"
7051,1310,184,2,2005-07-27,"03:34:37",2005-07-31,"03:48:37"
7052,3798,75,1,2005-07-27,"03:36:38",2005-08-03,"21:51:38"
7053,149,408,1,2005-07-27,"03:38:54",2005-07-31,"01:13:54"
7054,2661,179,1,2005-07-27,"03:43:28",2005-08-04,"09:15:28"
7055,4305,154,1,2005-07-27,"03:45:42",2005-07-30,"05:11:42"
7056,805,233,1,2005-07-27,"03:46:27",2005-08-05,"07:46:27"
7057,1196,320,1,2005-07-27,"03:50:03",2005-08-04,"04:36:03"
7058,716,90,2,2005-07-27,"03:50:46",2005-08-04,"07:40:46"
7059,129,578,1,2005-07-27,"03:51:02",2005-08-02,"22:04:02"
7060,3912,479,1,2005-07-27,"03:51:04",2005-08-03,"07:53:04"
7061,880,145,1,2005-07-27,"03:51:10",2005-07-31,"05:36:10"
7062,226,469,1,2005-07-27,"03:52:01",2005-08-03,"08:26:01"
7063,2125,58,1,2005-07-27,"03:52:27",2005-08-04,"07:53:27"
7064,4204,320,1,2005-07-27,"03:53:29",2005-08-03,"06:32:29"
7065,3570,536,2,2005-07-27,"03:53:43",2005-07-30,"23:41:43"
7066,1862,185,1,2005-07-27,"03:53:52",2005-08-05,"03:32:52"
7067,870,60,1,2005-07-27,"03:55:10",2005-08-01,"02:56:10"
7068,4465,568,1,2005-07-27,"03:57:50",2005-07-30,"04:27:50"
7069,2073,343,1,2005-07-27,"03:59:35",2005-08-05,"03:33:35"
7070,4182,280,2,2005-07-27,"04:01:08",2005-07-30,"08:10:08"
7071,4361,61,2,2005-07-27,"04:01:15",2005-08-03,"05:18:15"
7072,3899,260,2,2005-07-27,"04:02:33",2005-07-28,"09:26:33"
7073,3859,92,1,2005-07-27,"04:03:26",2005-08-03,"05:50:26"
7074,1390,165,1,2005-07-27,"04:06:24",2005-07-28,"02:04:24"
7075,4414,530,2,2005-07-27,"04:11:40",2005-08-03,"08:16:40"
7076,2821,333,1,2005-07-27,"04:12:14",2005-08-05,"00:44:14"
7077,3186,155,1,2005-07-27,"04:13:02",2005-07-31,"23:15:02"
7078,4518,545,1,2005-07-27,"04:16:37",2005-08-05,"02:34:37"
7079,4356,356,1,2005-07-27,"04:21:58",2005-08-04,"08:08:58"
7080,710,466,2,2005-07-27,"04:25:25",2005-08-04,"04:22:25"
7081,462,420,1,2005-07-27,"04:25:59",2005-08-01,"00:14:59"
7082,2032,64,2,2005-07-27,"04:27:32",2005-07-30,"06:06:32"
7083,2663,575,2,2005-07-27,"04:28:39",2005-07-30,"04:35:39"
7084,785,32,2,2005-07-27,"04:34:07",2005-08-05,"00:21:07"
7085,2603,223,2,2005-07-27,"04:35:44",2005-08-05,"07:10:44"
7086,2938,595,2,2005-07-27,"04:39:46",2005-08-05,"00:32:46"
7087,1159,22,1,2005-07-27,"04:42:08",2005-08-02,"00:53:08"
7088,373,88,2,2005-07-27,"04:42:28",2005-08-04,"07:09:28"
7089,1380,446,1,2005-07-27,"04:43:42",2005-07-30,"10:04:42"
7090,3495,218,2,2005-07-27,"04:43:53",2005-07-29,"07:33:53"
7091,2593,322,1,2005-07-27,"04:44:10",2005-07-31,"07:14:10"
7092,1433,345,2,2005-07-27,"04:46:00",2005-08-03,"07:22:00"
7093,3065,574,1,2005-07-27,"04:47:00",2005-07-31,"10:15:00"
7094,867,373,2,2005-07-27,"04:47:33",2005-07-31,"04:07:33"
7095,1008,551,2,2005-07-27,"04:51:15",2005-08-05,"10:25:15"
7096,2575,3,2,2005-07-27,"04:54:42",2005-08-03,"01:42:42"
7097,258,487,1,2005-07-27,"04:56:09",2005-07-31,"05:47:09"
7098,2555,359,2,2005-07-27,"05:01:08",2005-08-02,"07:49:08"
7099,3136,6,2,2005-07-27,"05:03:44",2005-07-29,"00:12:44"
7100,4224,413,2,2005-07-27,"05:05:01",2005-07-28,"23:12:01"
7101,2006,221,1,2005-07-27,"05:06:34",2005-07-29,"06:12:34"
7102,1081,411,2,2005-07-27,"05:07:21",2005-08-01,"09:41:21"
7103,1697,403,2,2005-07-27,"05:08:59",2005-07-29,"03:42:59"
7104,118,217,2,2005-07-27,"05:15:25",2005-08-01,"05:36:25"
7105,864,15,2,2005-07-27,"05:15:37",2005-07-28,"05:49:37"
7106,1415,201,2,2005-07-27,"05:21:24",2005-08-02,"01:58:24"
7107,1883,104,1,2005-07-27,"05:22:04",2005-08-02,"06:38:04"
7108,2720,355,1,2005-07-27,"05:28:32",2005-07-31,"07:52:32"
7109,1658,406,2,2005-07-27,"05:28:57",2005-08-04,"10:41:57"
7110,3289,157,1,2005-07-27,"05:30:48",2005-07-28,"01:43:48"
7111,1252,473,2,2005-07-27,"05:38:16",2005-07-29,"04:28:16"
7112,4056,101,1,2005-07-27,"05:38:42",2005-08-03,"05:35:42"
7113,1963,534,1,2005-07-27,"05:41:20",2005-07-30,"04:50:20"
7114,3892,121,1,2005-07-27,"05:42:13",2005-07-29,"01:59:13"
7115,3620,359,2,2005-07-27,"05:42:58",2005-08-02,"05:35:58"
7116,1755,209,1,2005-07-27,"05:46:43",2005-08-05,"05:54:43"
7117,2772,326,1,2005-07-27,"05:48:36",2005-08-01,"00:33:36"
7118,582,591,2,2005-07-27,"05:53:50",2005-08-05,"04:19:50"
7119,1732,102,1,2005-07-27,"05:55:32",2005-07-29,"03:19:32"
7120,416,98,1,2005-07-27,"05:56:39",2005-08-04,"10:57:39"
7121,1264,252,1,2005-07-27,"05:58:32",2005-07-29,"06:14:32"
7122,1699,172,2,2005-07-27,"06:03:18",2005-08-04,"10:43:18"
7123,134,232,1,2005-07-27,"06:08:48",2005-08-04,"05:26:48"
7124,3449,34,1,2005-07-27,"06:09:30",2005-08-02,"09:31:30"
7125,801,460,2,2005-07-27,"06:11:00",2005-08-04,"09:41:00"
7126,3240,582,2,2005-07-27,"06:13:13",2005-07-28,"08:22:13"
7127,273,486,2,2005-07-27,"06:13:48",2005-08-01,"02:50:48"
7128,143,529,1,2005-07-27,"06:14:36",2005-08-02,"05:18:36"
7129,1930,221,1,2005-07-27,"06:18:01",2005-07-28,"02:38:01"
7130,420,81,1,2005-07-27,"06:23:36",2005-07-28,"10:23:36"
7131,2832,585,1,2005-07-27,"06:25:06",2005-07-31,"09:07:06"
7132,3201,227,2,2005-07-27,"06:28:34",2005-08-05,"06:02:34"
7133,2995,496,2,2005-07-27,"06:29:23",2005-07-29,"03:20:23"
7134,1058,574,1,2005-07-27,"06:33:06",2005-07-28,"06:15:06"
7135,2959,172,1,2005-07-27,"06:34:32",2005-07-28,"03:01:32"
7136,1929,6,1,2005-07-27,"06:38:25",2005-08-03,"05:13:25"
7137,3957,483,2,2005-07-27,"06:40:41",2005-07-29,"09:05:41"
7138,1418,31,2,2005-07-27,"06:47:13",2005-08-03,"01:12:13"
7139,846,575,1,2005-07-27,"06:52:21",2005-07-30,"01:45:21"
7140,2028,35,2,2005-07-27,"06:54:12",2005-08-03,"10:36:12"
7141,3579,423,1,2005-07-27,"06:55:27",2005-08-01,"11:10:27"
7142,1743,396,2,2005-07-27,"06:55:39",2005-07-28,"01:41:39"
7143,2877,91,2,2005-07-27,"06:56:31",2005-07-31,"04:38:31"
7144,4506,485,1,2005-07-27,"07:00:37",2005-08-01,"06:57:37"
7145,3653,109,1,2005-07-27,"07:01:00",2005-07-31,"02:31:00"
7146,2245,323,1,2005-07-27,"07:02:30",2005-08-05,"10:29:30"
7147,990,192,1,2005-07-27,"07:02:34",2005-08-01,"02:16:34"
7148,1783,354,2,2005-07-27,"07:04:09",2005-08-03,"10:20:09"
7149,3902,242,2,2005-07-27,"07:10:40",2005-08-03,"07:37:40"
7150,457,191,2,2005-07-27,"07:11:14",2005-08-05,"06:55:14"
7151,1259,289,2,2005-07-27,"07:14:31",2005-08-01,"01:35:31"
7152,2338,370,1,2005-07-27,"07:15:01",2005-08-05,"04:50:01"
7153,2657,41,1,2005-07-27,"07:15:38",2005-07-28,"09:56:38"
7154,2019,518,2,2005-07-27,"07:16:17",2005-07-28,"04:04:17"
7155,171,23,1,2005-07-27,"07:18:46",2005-08-04,"10:28:46"
7156,34,154,1,2005-07-27,"07:19:34",2005-07-31,"04:31:34"
7157,1353,423,1,2005-07-27,"07:20:28",2005-08-02,"07:19:28"
7158,2432,38,2,2005-07-27,"07:23:58",2005-08-03,"06:00:58"
7159,1220,158,1,2005-07-27,"07:24:00",2005-08-05,"11:13:00"
7160,3905,71,2,2005-07-27,"07:26:06",2005-07-31,"04:54:06"
7161,378,572,2,2005-07-27,"07:26:32",2005-08-03,"01:26:32"
7162,2251,289,1,2005-07-27,"07:32:45",2005-07-30,"03:48:45"
7163,3666,38,2,2005-07-27,"07:36:11",2005-08-04,"06:03:11"
7164,527,284,2,2005-07-27,"07:36:34",2005-08-04,"05:05:34"
7165,497,243,2,2005-07-27,"07:36:46",2005-07-30,"09:22:46"
7166,1375,562,1,2005-07-27,"07:36:56",2005-08-02,"03:46:56"
7167,238,380,1,2005-07-27,"07:37:26",2005-08-03,"06:39:26"
7168,6,252,2,2005-07-27,"07:51:11",2005-08-01,"04:08:11"
7169,735,559,1,2005-07-27,"07:51:39",2005-08-01,"06:42:39"
7170,370,140,1,2005-07-27,"07:58:26",2005-07-28,"02:30:26"
7171,4381,406,1,2005-07-27,"07:58:35",2005-08-03,"07:45:35"
7172,2405,362,1,2005-07-27,"07:59:16",2005-08-01,"04:46:16"
7173,177,592,2,2005-07-27,"07:59:24",2005-07-28,"02:23:24"
7174,46,570,1,2005-07-27,"08:00:36",2005-08-01,"03:11:36"
7175,568,190,2,2005-07-27,"08:03:22",2005-08-01,"02:47:22"
7176,227,257,2,2005-07-27,"08:04:28",2005-07-29,"14:00:28"
7177,3818,133,2,2005-07-27,"08:07:39",2005-07-30,"03:17:39"
7178,1899,31,2,2005-07-27,"08:09:25",2005-07-29,"13:00:25"
7179,2365,537,2,2005-07-27,"08:10:29",2005-07-28,"12:24:29"
7180,460,215,1,2005-07-27,"08:14:34",2005-07-31,"05:24:34"
7181,2788,130,1,2005-07-27,"08:14:34",2005-07-28,"03:09:34"
7182,3209,97,2,2005-07-27,"08:15:38",2005-08-03,"12:48:38"
7183,3384,302,1,2005-07-27,"08:18:38",2005-08-01,"03:24:38"
7184,2324,457,2,2005-07-27,"08:22:26",2005-08-02,"09:34:26"
7185,2340,121,1,2005-07-27,"08:23:54",2005-07-30,"09:50:54"
7186,4005,584,1,2005-07-27,"08:26:12",2005-07-28,"12:21:12"
7187,2733,169,1,2005-07-27,"08:27:58",2005-08-05,"09:05:58"
7188,2199,259,1,2005-07-27,"08:32:08",2005-07-28,"08:02:08"
7189,4419,151,2,2005-07-27,"08:35:02",2005-07-30,"14:00:02"
7190,1330,372,2,2005-07-27,"08:36:01",2005-07-30,"08:32:01"
7191,4292,495,1,2005-07-27,"08:36:15",2005-08-03,"08:54:15"
7192,4329,532,2,2005-07-27,"08:36:55",2005-07-30,"11:58:55"
7193,1801,237,2,2005-07-27,"08:37:00",2005-07-30,"12:51:00"
7194,254,172,1,2005-07-27,"08:39:58",2005-08-01,"03:12:58"
7195,721,157,2,2005-07-27,"08:47:01",2005-07-30,"08:40:01"
7196,2998,118,1,2005-07-27,"08:49:08",2005-07-29,"03:54:08"
7197,2109,577,1,2005-07-27,"08:49:32",2005-07-31,"13:50:32"
7198,4283,520,2,2005-07-27,"08:50:07",2005-08-04,"09:46:07"
7199,3685,292,1,2005-07-27,"08:53:23",2005-08-03,"10:01:23"
7200,4406,78,2,2005-07-27,"08:57:38",2005-08-02,"12:29:38"
7201,482,598,2,2005-07-27,"08:57:40",2005-08-04,"09:55:40"
7202,109,560,1,2005-07-27,"09:00:20",2005-08-04,"03:09:20"
7203,1685,492,1,2005-07-27,"09:01:23",2005-08-04,"14:14:23"
7204,2512,531,2,2005-07-27,"09:02:31",2005-08-03,"08:56:31"
7205,2828,36,1,2005-07-27,"09:06:13",2005-08-05,"07:11:13"
7206,3752,373,2,2005-07-27,"09:07:05",2005-07-31,"03:13:05"
7207,336,51,1,2005-07-27,"09:13:26",2005-08-01,"10:24:26"
7208,1523,138,1,2005-07-27,"09:16:28",2005-07-28,"09:40:28"
7209,3766,49,2,2005-07-27,"09:16:53",2005-07-30,"08:09:53"
7210,1984,176,1,2005-07-27,"09:19:05",2005-07-28,"04:35:05"
7211,4445,285,1,2005-07-27,"09:20:00",2005-08-02,"14:53:00"
7212,2905,591,2,2005-07-27,"09:21:22",2005-08-01,"04:47:22"
7213,2836,502,2,2005-07-27,"09:22:29",2005-08-03,"13:53:29"
7214,802,309,2,2005-07-27,"09:23:33",2005-08-03,"13:14:33"
7215,2713,473,2,2005-07-27,"09:24:00",2005-08-05,"07:37:00"
7216,1812,292,1,2005-07-27,"09:27:45",2005-08-03,"13:08:45"
7217,2646,20,1,2005-07-27,"09:31:44",2005-07-29,"10:48:44"
7218,2458,530,1,2005-07-27,"09:34:24",2005-08-01,"07:00:24"
7219,4046,512,1,2005-07-27,"09:35:36",2005-07-29,"04:44:36"
7220,3867,79,2,2005-07-27,"09:35:54",2005-08-04,"06:00:54"
7221,3820,579,1,2005-07-27,"09:37:35",2005-07-28,"11:25:35"
7222,2330,206,1,2005-07-27,"09:38:43",2005-07-28,"06:25:43"
7223,2623,325,1,2005-07-27,"09:42:27",2005-08-04,"04:02:27"
7224,2701,106,2,2005-07-27,"09:44:26",2005-08-05,"12:46:26"
7225,632,306,2,2005-07-27,"09:47:12",2005-08-03,"13:19:12"
7226,3507,370,1,2005-07-27,"09:47:53",2005-08-01,"08:24:53"
7227,791,164,2,2005-07-27,"09:53:43",2005-08-05,"09:36:43"
7228,1693,481,2,2005-07-27,"09:55:33",2005-07-29,"04:33:33"
7229,978,182,2,2005-07-27,"10:00:54",2005-07-28,"13:58:54"
7230,1152,245,1,2005-07-27,"10:01:41",2005-08-02,"11:00:41"
7231,1638,86,2,2005-07-27,"10:01:51",2005-08-05,"13:38:51"
7232,1147,306,2,2005-07-27,"10:04:19",2005-07-28,"09:43:19"
7233,213,245,1,2005-07-27,"10:08:36",2005-07-31,"16:00:36"
7234,3873,372,1,2005-07-27,"10:08:45",2005-07-31,"13:58:45"
7235,1261,354,2,2005-07-27,"10:09:30",2005-08-05,"11:44:30"
7236,3004,218,1,2005-07-27,"10:09:39",2005-08-03,"16:05:39"
7237,1904,29,2,2005-07-27,"10:12:36",2005-07-31,"08:40:36"
7238,1197,116,1,2005-07-27,"10:13:41",2005-07-29,"11:07:41"
7239,1786,278,1,2005-07-27,"10:20:27",2005-07-29,"10:15:27"
7240,4565,324,1,2005-07-27,"10:21:15",2005-08-03,"05:04:15"
7241,2433,354,2,2005-07-27,"10:25:49",2005-07-28,"05:30:49"
7242,1966,565,2,2005-07-27,"10:25:51",2005-08-04,"16:02:51"
7243,1287,238,2,2005-07-27,"10:26:11",2005-07-29,"11:43:11"
7244,1329,339,1,2005-07-27,"10:27:33",2005-07-30,"13:09:33"
7245,260,95,2,2005-07-27,"10:29:06",2005-08-05,"12:09:06"
7246,2003,333,1,2005-07-27,"10:30:41",2005-07-30,"05:44:41"
7247,1445,102,2,2005-07-27,"10:32:58",2005-07-29,"05:00:58"
7248,4256,456,1,2005-07-27,"10:37:45",2005-08-01,"13:13:45"
7249,2441,425,2,2005-07-27,"10:39:53",2005-07-28,"14:48:53"
7250,3410,589,1,2005-07-27,"10:44:09",2005-07-28,"11:47:09"
7251,1737,360,1,2005-07-27,"10:44:55",2005-08-01,"16:12:55"
7252,3107,549,2,2005-07-27,"10:45:28",2005-08-04,"06:24:28"
7253,1950,236,1,2005-07-27,"10:46:37",2005-07-28,"11:18:37"
7254,2697,286,1,2005-07-27,"10:48:50",2005-07-28,"10:34:50"
7255,2101,502,2,2005-07-27,"10:49:54",2005-07-31,"10:40:54"
7256,4275,363,2,2005-07-27,"10:58:32",2005-07-29,"08:58:32"
7257,3302,480,2,2005-07-27,"11:04:17",2005-08-04,"12:32:17"
7258,2079,494,1,2005-07-27,"11:05:54",2005-08-02,"11:36:54"
7259,2345,406,2,2005-07-27,"11:06:00",2005-08-02,"06:44:00"
7260,3827,434,1,2005-07-27,"11:09:28",2005-08-03,"09:41:28"
7261,942,172,2,2005-07-27,"11:15:01",2005-07-28,"09:42:01"
7262,4097,522,2,2005-07-27,"11:15:36",2005-07-30,"10:49:36"
7263,725,324,1,2005-07-27,"11:17:22",2005-08-04,"10:59:22"
7264,2391,299,2,2005-07-27,"11:18:58",2005-08-03,"07:43:58"
7265,3465,290,1,2005-07-27,"11:19:01",2005-08-01,"09:29:01"
7266,3379,24,1,2005-07-27,"11:22:17",2005-08-04,"05:45:17"
7267,3661,122,1,2005-07-27,"11:22:55",2005-08-01,"08:13:55"
7268,2740,260,2,2005-07-27,"11:23:09",2005-08-01,"12:42:09"
7269,2089,209,1,2005-07-27,"11:23:47",2005-07-31,"13:10:47"
7270,1888,526,1,2005-07-27,"11:29:02",2005-08-05,"08:04:02"
7271,858,469,1,2005-07-27,"11:29:11",2005-08-05,"15:33:11"
7272,250,364,2,2005-07-27,"11:30:20",2005-07-29,"17:16:20"
7273,2465,1,1,2005-07-27,"11:31:22",2005-07-31,"06:50:22"
7274,4087,180,1,2005-07-27,"11:35:34",2005-08-01,"07:10:34"
7275,775,323,2,2005-07-27,"11:39:08",2005-07-30,"13:37:08"
7276,1665,314,1,2005-07-27,"11:41:57",2005-08-01,"10:39:57"
7277,1544,67,1,2005-07-27,"11:48:37",2005-08-03,"07:20:37"
7278,531,592,1,2005-07-27,"11:50:34",2005-08-01,"10:22:34"
7279,1424,12,2,2005-07-27,"11:50:47",2005-07-30,"11:19:47"
7280,236,342,2,2005-07-27,"11:50:52",2005-07-30,"15:53:52"
7281,1350,491,1,2005-07-27,"11:59:20",2005-08-04,"12:48:20"
7282,4418,276,2,2005-07-27,"12:00:19",2005-08-04,"14:48:19"
7283,3101,508,1,2005-07-27,"12:02:41",2005-08-05,"07:25:41"
7284,2336,52,2,2005-07-27,"12:12:04",2005-07-31,"11:17:04"
7285,2855,498,2,2005-07-27,"12:14:06",2005-08-03,"14:57:06"
7286,3452,498,1,2005-07-27,"12:23:49",2005-08-04,"07:57:49"
7287,926,198,1,2005-07-27,"12:24:12",2005-07-31,"15:34:12"
7288,45,226,2,2005-07-27,"12:24:59",2005-08-02,"15:52:59"
7289,2157,187,2,2005-07-27,"12:26:51",2005-08-02,"18:20:51"
7290,3652,423,1,2005-07-27,"12:28:45",2005-08-01,"16:18:45"
7291,310,263,1,2005-07-27,"12:30:47",2005-08-01,"12:45:47"
7292,795,468,2,2005-07-27,"12:34:14",2005-08-01,"18:16:14"
7293,3333,5,2,2005-07-27,"12:37:28",2005-07-30,"15:12:28"
7294,487,313,1,2005-07-27,"12:38:14",2005-07-30,"13:01:14"
7295,3396,462,1,2005-07-27,"12:38:47",2005-08-05,"10:12:47"
7296,1681,400,2,2005-07-27,"12:39:48",2005-08-04,"18:24:48"
7297,1855,135,2,2005-07-27,"12:39:48",2005-07-29,"17:50:48"
7298,1653,121,1,2005-07-27,"12:45:14",2005-07-30,"07:02:14"
7299,3002,286,1,2005-07-27,"12:49:56",2005-08-03,"12:25:56"
7300,4561,272,1,2005-07-27,"12:50:17",2005-08-04,"18:43:17"
7301,3367,93,2,2005-07-27,"12:50:23",2005-08-01,"09:43:23"
7302,4539,477,2,2005-07-27,"12:52:13",2005-07-29,"15:13:13"
7303,1398,163,2,2005-07-27,"12:54:39",2005-07-31,"09:26:39"
7304,1162,74,2,2005-07-27,"12:56:56",2005-08-05,"09:19:56"
7305,2464,229,2,2005-07-27,"12:57:06",2005-07-30,"13:13:06"
7306,2269,207,2,2005-07-27,"12:57:26",2005-08-03,"09:35:26"
7307,3882,595,1,2005-07-27,"12:59:10",2005-07-29,"11:35:10"
7308,1452,229,1,2005-07-27,"13:00:25",2005-08-03,"16:04:25"
7309,633,317,2,2005-07-27,"13:00:29",2005-07-29,"12:15:29"
7310,3711,103,1,2005-07-27,"13:00:55",2005-07-28,"17:54:55"
7311,2807,582,1,2005-07-27,"13:02:54",2005-08-04,"09:52:54"
7312,228,543,2,2005-07-27,"13:03:14",2005-07-31,"07:56:14"
7313,1884,396,1,2005-07-27,"13:11:57",2005-08-02,"07:31:57"
7314,1376,11,2,2005-07-27,"13:13:32",2005-08-03,"09:24:32"
7315,974,208,2,2005-07-27,"13:14:56",2005-08-03,"08:44:56"
7316,3344,114,2,2005-07-27,"13:19:03",2005-07-28,"07:43:03"
7317,1518,443,2,2005-07-27,"13:19:41",2005-07-29,"16:16:41"
7318,1954,301,2,2005-07-27,"13:25:31",2005-07-31,"11:44:31"
7319,2370,576,1,2005-07-27,"13:31:25",2005-08-04,"07:31:25"
7320,4348,241,2,2005-07-27,"13:33:35",2005-07-31,"13:22:35"
7321,3525,38,2,2005-07-27,"13:33:38",2005-08-03,"07:35:38"
7322,1810,508,2,2005-07-27,"13:37:26",2005-08-03,"18:00:26"
7323,3830,125,2,2005-07-27,"13:39:40",2005-07-29,"08:45:40"
7324,2572,462,2,2005-07-27,"13:42:39",2005-08-04,"10:33:39"
7325,1727,289,1,2005-07-27,"13:46:55",2005-07-28,"14:21:55"
7326,2844,432,1,2005-07-27,"13:50:40",2005-07-30,"08:16:40"
7327,4074,508,2,2005-07-27,"13:53:26",2005-08-04,"17:58:26"
7328,663,26,1,2005-07-27,"13:55:18",2005-08-01,"19:52:18"
7329,906,226,1,2005-07-27,"13:55:34",2005-08-04,"15:15:34"
7330,3705,237,1,2005-07-27,"13:56:46",2005-08-04,"07:56:46"
7331,2090,60,1,2005-07-27,"13:57:50",2005-07-31,"08:59:50"
7332,1761,151,1,2005-07-27,"13:58:57",2005-08-02,"12:40:57"
7333,1331,230,1,2005-07-27,"13:59:11",2005-07-30,"16:04:11"
7334,3006,461,1,2005-07-27,"13:59:58",2005-07-29,"11:33:58"
7335,1219,219,2,2005-07-27,"14:06:50",2005-08-05,"18:27:50"
7336,2706,46,2,2005-07-27,"14:11:45",2005-07-28,"11:00:45"
7337,3314,525,2,2005-07-27,"14:12:04",2005-08-03,"14:57:04"
7338,107,251,2,2005-07-27,"14:13:34",2005-08-03,"18:36:34"
7339,3343,316,2,2005-07-27,"14:17:48",2005-07-31,"12:47:48"
7340,1344,567,1,2005-07-27,"14:18:10",2005-07-30,"09:57:10"
7341,3567,498,2,2005-07-27,"14:23:55",2005-07-28,"14:11:55"
7342,4083,504,2,2005-07-27,"14:25:17",2005-08-04,"10:02:17"
7343,1177,526,2,2005-07-27,"14:27:13",2005-07-30,"09:27:13"
7344,1714,366,1,2005-07-27,"14:29:28",2005-07-31,"15:36:28"
7345,2434,572,2,2005-07-27,"14:29:53",2005-08-03,"18:38:53"
7346,741,2,1,2005-07-27,"14:30:42",2005-08-02,"16:48:42"
7347,3779,225,1,2005-07-27,"14:31:24",2005-07-31,"16:19:24"
7348,3238,43,1,2005-07-27,"14:32:32",2005-07-28,"17:05:32"
7349,861,195,2,2005-07-27,"14:33:00",2005-08-01,"15:01:00"
7350,737,410,2,2005-07-27,"14:34:14",2005-08-02,"19:19:14"
7351,2147,445,2,2005-07-27,"14:37:36",2005-07-30,"09:58:36"
7352,35,429,1,2005-07-27,"14:38:29",2005-07-28,"14:24:29"
7353,1308,357,1,2005-07-27,"14:38:39",2005-07-31,"19:50:39"
7354,2395,598,2,2005-07-27,"14:42:11",2005-08-03,"18:19:11"
7355,3803,115,2,2005-07-27,"14:45:59",2005-08-02,"17:23:59"
7356,309,397,2,2005-07-27,"14:47:35",2005-07-28,"18:10:35"
7357,1917,438,2,2005-07-27,"14:48:31",2005-08-02,"18:07:31"
7358,175,245,1,2005-07-27,"14:49:44",2005-07-28,"20:00:44"
7359,174,183,2,2005-07-27,"14:51:04",2005-07-31,"16:03:04"
7360,1312,467,2,2005-07-27,"14:52:06",2005-08-02,"12:24:06"
7361,4567,463,2,2005-07-27,"14:53:55",2005-07-31,"19:48:55"
7362,1902,419,1,2005-07-27,"14:58:27",2005-08-01,"11:51:27"
7363,1649,407,1,2005-07-27,"14:58:29",2005-08-05,"09:02:29"
7364,3046,592,2,2005-07-27,"14:58:40",2005-08-03,"09:01:40"
7365,3283,450,1,2005-07-27,"15:00:20",2005-07-30,"12:58:20"
7366,461,357,1,2005-07-27,"15:01:17",2005-08-04,"20:28:17"
7367,1738,383,1,2005-07-27,"15:05:45",2005-08-02,"13:46:45"
7368,2265,286,2,2005-07-27,"15:06:05",2005-07-31,"14:10:05"
7369,3889,139,2,2005-07-27,"15:07:58",2005-07-30,"09:16:58"
7370,2022,89,2,2005-07-27,"15:15:53",2005-08-03,"19:53:53"
7371,1807,577,1,2005-07-27,"15:18:42",2005-08-01,"09:58:42"
7372,3202,584,2,2005-07-27,"15:18:42",2005-08-01,"15:18:42"
7373,3074,488,1,2005-07-27,"15:19:33",2005-08-04,"10:45:33"
7374,3184,438,2,2005-07-27,"15:20:57",2005-08-05,"13:09:57"
7375,2970,381,1,2005-07-27,"15:22:33",2005-08-01,"20:06:33"
7376,488,2,2,2005-07-27,"15:23:02",2005-08-04,"10:35:02"
7377,1369,588,2,2005-07-27,"15:31:28",2005-08-02,"19:59:28"
7378,3297,144,2,2005-07-27,"15:31:33",2005-08-03,"17:15:33"
7379,424,415,2,2005-07-27,"15:36:43",2005-07-30,"16:37:43"
7380,988,348,1,2005-07-27,"15:37:01",2005-08-03,"19:24:01"
7381,1595,483,2,2005-07-27,"15:40:26",2005-08-02,"17:26:26"
7382,356,518,2,2005-07-27,"15:43:15",2005-07-28,"11:18:15"
7383,3860,50,1,2005-07-27,"15:46:53",2005-08-03,"11:10:53"
7384,3573,585,1,2005-07-27,"15:49:45",2005-08-04,"15:17:45"
7385,2996,56,2,2005-07-27,"15:49:46",2005-07-28,"13:50:46"
7386,3569,190,1,2005-07-27,"15:52:10",2005-08-04,"15:13:10"
7387,3274,233,1,2005-07-27,"15:54:19",2005-08-03,"14:46:19"
7388,4559,455,2,2005-07-27,"15:54:19",2005-08-01,"17:02:19"
7389,3822,156,2,2005-07-27,"15:56:15",2005-07-30,"21:28:15"
7390,1723,230,2,2005-07-27,"15:59:19",2005-08-04,"10:09:19"
7391,1153,531,2,2005-07-27,"16:00:00",2005-08-04,"18:07:00"
7392,3159,204,2,2005-07-27,"16:01:05",2005-08-01,"17:23:05"
7393,2369,181,1,2005-07-27,"16:02:52",2005-08-02,"13:24:52"
7394,2399,30,2,2005-07-27,"16:03:08",2005-08-04,"11:27:08"
7395,2888,411,2,2005-07-27,"16:03:11",2005-07-31,"20:26:11"
7396,3346,595,2,2005-07-27,"16:03:53",2005-08-05,"10:36:53"
7397,4474,245,1,2005-07-27,"16:05:00",2005-08-01,"20:29:00"
7398,1572,51,1,2005-07-27,"16:07:22",2005-08-05,"16:16:22"
7399,1682,526,2,2005-07-27,"16:16:02",2005-08-03,"18:02:02"
7400,2874,133,2,2005-07-27,"16:16:37",2005-07-31,"12:34:37"
7401,2759,583,1,2005-07-27,"16:17:55",2005-08-04,"15:48:55"
7402,2707,287,2,2005-07-27,"16:19:40",2005-08-05,"14:48:40"
7403,2551,163,1,2005-07-27,"16:22:09",2005-08-01,"15:32:09"
7404,2359,190,2,2005-07-27,"16:24:43",2005-07-29,"11:40:43"
7405,2312,42,2,2005-07-27,"16:25:11",2005-08-01,"12:33:11"
7406,1412,77,1,2005-07-27,"16:25:45",2005-08-05,"20:39:45"
7407,3093,410,2,2005-07-27,"16:29:04",2005-08-01,"17:47:04"
7408,625,371,2,2005-07-27,"16:31:40",2005-07-31,"11:56:40"
7409,2352,585,1,2005-07-27,"16:38:24",2005-07-30,"18:06:24"
7410,1559,337,1,2005-07-27,"16:41:59",2005-07-29,"22:11:59"
7411,515,302,1,2005-07-27,"16:42:30",2005-08-05,"17:38:30"
7412,950,582,2,2005-07-27,"16:44:34",2005-08-04,"15:06:34"
7413,2909,254,1,2005-07-27,"16:45:40",2005-07-31,"12:02:40"
7414,3276,265,1,2005-07-27,"16:46:07",2005-08-02,"20:04:07"
7415,4410,294,1,2005-07-27,"16:50:59",2005-08-02,"11:21:59"
7416,653,350,1,2005-07-27,"16:55:25",2005-07-29,"11:27:25"
7417,2952,214,1,2005-07-27,"16:58:33",2005-07-30,"22:17:33"
7418,3029,332,2,2005-07-27,"16:59:09",2005-07-29,"15:08:09"
7419,3454,352,2,2005-07-27,"17:04:15",2005-08-05,"21:54:15"
7420,3505,547,2,2005-07-27,"17:09:39",2005-07-30,"12:30:39"
7421,3548,70,1,2005-07-27,"17:10:05",2005-08-05,"17:55:05"
7422,3954,286,1,2005-07-27,"17:10:42",2005-08-03,"19:32:42"
7423,666,277,2,2005-07-27,"17:11:47",2005-07-29,"12:29:47"
7424,660,558,2,2005-07-27,"17:14:19",2005-08-01,"19:21:19"
7425,435,263,1,2005-07-27,"17:18:35",2005-08-02,"11:18:35"
7426,4420,239,1,2005-07-27,"17:19:46",2005-07-29,"21:41:46"
7427,2548,442,2,2005-07-27,"17:20:16",2005-08-03,"20:38:16"
7428,243,90,2,2005-07-27,"17:21:52",2005-08-05,"17:13:52"
7429,2160,515,1,2005-07-27,"17:24:50",2005-08-05,"23:02:50"
7430,4205,562,2,2005-07-27,"17:26:14",2005-08-01,"13:02:14"
7431,3931,589,1,2005-07-27,"17:27:27",2005-07-31,"18:40:27"
7432,3169,132,2,2005-07-27,"17:31:40",2005-07-28,"17:44:40"
7433,1748,282,1,2005-07-27,"17:32:20",2005-08-01,"18:49:20"
7434,2927,241,1,2005-07-27,"17:34:40",2005-07-29,"15:01:40"
7435,1574,380,1,2005-07-27,"17:38:44",2005-07-30,"16:57:44"
7436,299,45,2,2005-07-27,"17:39:12",2005-08-01,"12:40:12"
7437,2617,135,2,2005-07-27,"17:39:18",2005-07-28,"18:33:18"
7438,1364,52,1,2005-07-27,"17:40:40",2005-08-05,"15:25:40"
7439,4091,102,1,2005-07-27,"17:42:31",2005-08-05,"16:34:31"
7440,1476,484,1,2005-07-27,"17:43:27",2005-08-03,"22:12:27"
7441,4039,198,1,2005-07-27,"17:46:53",2005-07-31,"23:05:53"
7442,2471,105,1,2005-07-27,"17:47:00",2005-07-28,"21:37:00"
7443,703,380,1,2005-07-27,"17:47:43",2005-07-29,"13:15:43"
7444,120,531,1,2005-07-27,"17:49:16",2005-07-28,"15:05:16"
7445,4115,394,1,2005-07-27,"17:57:15",2005-07-31,"20:24:15"
7446,2337,486,1,2005-07-27,"18:00:24",2005-07-29,"13:40:24"
7447,1795,107,1,2005-07-27,"18:02:08",2005-07-29,"21:15:08"
7448,3584,175,1,2005-07-27,"18:06:30",2005-07-29,"15:43:30"
7449,2084,421,1,2005-07-27,"18:17:41",2005-08-01,"18:52:41"
7450,3496,191,1,2005-07-27,"18:18:35",2005-08-04,"15:18:35"
7451,2382,29,2,2005-07-27,"18:18:41",2005-08-03,"13:55:41"
7452,3482,285,2,2005-07-27,"18:26:39",2005-08-04,"17:35:39"
7453,2992,29,1,2005-07-27,"18:27:13",2005-07-29,"23:52:13"
7454,3248,75,1,2005-07-27,"18:27:26",2005-07-30,"23:50:26"
7455,3815,405,1,2005-07-27,"18:34:41",2005-07-31,"17:32:41"
7456,1959,501,2,2005-07-27,"18:34:53",2005-07-29,"17:46:53"
7457,3635,510,2,2005-07-27,"18:35:17",2005-07-30,"12:41:17"
7458,2964,327,1,2005-07-27,"18:36:17",2005-07-31,"22:43:17"
7459,2053,2,2,2005-07-27,"18:40:20",2005-08-02,"21:07:20"
7460,919,442,2,2005-07-27,"18:41:35",2005-07-29,"15:16:35"
7461,1236,476,1,2005-07-27,"18:45:15",2005-07-29,"17:19:15"
7462,878,114,2,2005-07-27,"18:47:47",2005-07-29,"20:46:47"
7463,3676,284,2,2005-07-27,"18:48:32",2005-07-29,"23:54:32"
7464,845,31,2,2005-07-27,"18:49:42",2005-07-28,"20:45:42"
7465,2357,115,1,2005-07-27,"18:50:30",2005-07-30,"20:55:30"
7466,2791,53,1,2005-07-27,"18:51:17",2005-07-31,"16:58:17"
7467,3869,240,2,2005-07-27,"18:51:54",2005-08-03,"23:27:54"
7468,3166,113,2,2005-07-27,"18:52:27",2005-08-03,"19:29:27"
7469,3723,189,1,2005-07-27,"18:57:40",2005-07-31,"00:17:40"
7470,289,564,2,2005-07-27,"19:01:03",2005-08-05,"19:16:03"
7471,1776,95,1,2005-07-27,"19:02:19",2005-07-30,"15:12:19"
7472,1535,103,2,2005-07-27,"19:04:19",2005-08-03,"00:08:19"
7473,401,341,1,2005-07-27,"19:05:40",2005-08-05,"14:47:40"
7474,2971,110,1,2005-07-27,"19:07:17",2005-07-30,"00:37:17"
7475,1670,255,2,2005-07-27,"19:07:43",2005-08-04,"22:12:43"
7476,2288,64,2,2005-07-27,"19:08:56",2005-07-31,"16:36:56"
7477,2692,355,1,2005-07-27,"19:11:03",2005-08-02,"19:25:03"
7478,3791,521,2,2005-07-27,"19:16:02",2005-08-04,"22:30:02"
7479,218,434,1,2005-07-27,"19:18:17",2005-07-30,"18:55:17"
7480,452,344,1,2005-07-27,"19:19:53",2005-08-02,"01:01:53"
7481,1804,240,2,2005-07-27,"19:20:25",2005-07-29,"19:07:25"
7482,485,348,2,2005-07-27,"19:24:16",2005-08-05,"18:49:16"
7483,3678,106,2,2005-07-27,"19:25:00",2005-07-29,"21:19:00"
7484,2746,211,2,2005-07-27,"19:28:17",2005-07-31,"20:05:17"
7485,631,362,1,2005-07-27,"19:29:09",2005-07-30,"16:28:09"
7486,4362,393,2,2005-07-27,"19:29:24",2005-08-02,"20:46:24"
7487,4451,58,1,2005-07-27,"19:32:45",2005-07-28,"15:11:45"
7488,554,365,1,2005-07-27,"19:36:15",2005-08-05,"14:14:15"
7489,3732,16,2,2005-07-27,"19:39:38",2005-07-30,"23:10:38"
7490,4503,595,1,2005-07-27,"19:48:12",2005-08-04,"17:15:12"
7491,4261,239,2,2005-07-27,"19:53:23",2005-07-28,"23:25:23"
7492,908,155,2,2005-07-27,"19:54:18",2005-07-31,"15:36:18"
7493,2868,177,2,2005-07-27,"19:55:46",2005-08-02,"19:46:46"
7494,2259,60,1,2005-07-27,"19:56:31",2005-07-30,"14:28:31"
7495,3446,426,1,2005-07-27,"20:01:20",2005-07-30,"16:40:20"
7496,2449,257,1,2005-07-27,"20:04:05",2005-08-02,"20:12:05"
7497,286,387,1,2005-07-27,"20:05:27",2005-07-30,"22:47:27"
7498,1144,455,1,2005-07-27,"20:09:31",2005-07-29,"23:38:31"
7499,3503,157,1,2005-07-27,"20:10:28",2005-07-30,"16:24:28"
7500,609,160,1,2005-07-27,"20:16:03",2005-07-29,"18:50:03"
7501,1464,587,2,2005-07-27,"20:16:59",2005-08-04,"00:11:59"
7502,3229,303,2,2005-07-27,"20:19:08",2005-07-28,"18:32:08"
7503,579,3,2,2005-07-27,"20:23:12",2005-08-05,"18:46:12"
7504,3354,283,2,2005-07-27,"20:24:31",2005-07-30,"21:25:31"
7505,1342,209,1,2005-07-27,"20:28:03",2005-08-03,"17:04:03"
7506,2091,527,1,2005-07-27,"20:28:34",2005-08-05,"18:14:34"
7507,3618,512,1,2005-07-27,"20:31:48",2005-08-02,"17:27:48"
7508,3401,465,1,2005-07-27,"20:33:08",2005-08-01,"01:29:08"
7509,4134,228,2,2005-07-27,"20:37:19",2005-08-04,"19:35:19"
7510,1617,257,2,2005-07-27,"20:37:57",2005-08-01,"17:14:57"
7511,4044,591,2,2005-07-27,"20:38:40",2005-08-04,"22:36:40"
7512,1343,352,1,2005-07-27,"20:40:40",2005-08-05,"01:44:40"
7513,939,411,2,2005-07-27,"20:51:04",2005-08-03,"20:15:04"
7514,400,44,2,2005-07-27,"20:51:49",2005-07-29,"18:21:49"
7515,1211,390,2,2005-07-27,"20:52:37",2005-08-02,"20:17:37"
7516,2178,134,1,2005-07-27,"20:55:28",2005-07-30,"00:50:28"
7517,3177,41,1,2005-07-27,"20:57:07",2005-08-04,"15:08:07"
7518,2676,257,1,2005-07-27,"21:01:16",2005-08-03,"15:26:16"
7519,4009,124,1,2005-07-27,"21:01:41",2005-08-05,"19:15:41"
7520,3875,191,1,2005-07-27,"21:02:02",2005-07-28,"18:18:02"
7521,3144,176,1,2005-07-27,"21:04:42",2005-08-03,"16:06:42"
7522,2038,478,1,2005-07-27,"21:11:03",2005-08-02,"16:40:03"
7523,4153,410,1,2005-07-27,"21:11:23",2005-07-28,"16:37:23"
7524,4295,225,1,2005-07-27,"21:11:44",2005-08-03,"02:17:44"
7525,4084,281,2,2005-07-27,"21:13:28",2005-08-04,"19:44:28"
7526,696,44,2,2005-07-27,"21:13:47",2005-08-05,"15:23:47"
7527,2124,426,1,2005-07-27,"21:14:28",2005-08-05,"21:08:28"
7528,1218,213,1,2005-07-27,"21:15:25",2005-08-03,"19:12:25"
7529,3644,145,1,2005-07-27,"21:18:08",2005-08-06,"00:59:08"
7530,3810,98,2,2005-07-27,"21:18:58",2005-07-31,"01:51:58"
7531,2393,221,2,2005-07-27,"21:19:34",2005-08-06,"01:07:34"
7532,677,34,1,2005-07-27,"21:20:52",2005-07-30,"21:38:52"
7533,1791,594,2,2005-07-27,"21:24:33",2005-08-05,"16:33:33"
7534,2276,282,2,2005-07-27,"21:26:17",2005-08-05,"00:23:17"
7535,772,123,1,2005-07-27,"21:32:39",2005-08-05,"23:42:39"
7536,3417,307,1,2005-07-27,"21:34:09",2005-08-02,"03:26:09"
7537,4456,269,1,2005-07-27,"21:36:09",2005-08-01,"01:51:09"
7538,2486,361,1,2005-07-27,"21:38:04",2005-08-02,"03:14:04"
7539,1849,423,1,2005-07-27,"21:39:42",2005-08-06,"00:12:42"
7540,2198,207,2,2005-07-27,"21:39:55",2005-08-04,"18:10:55"
7541,4100,206,1,2005-07-27,"21:40:05",2005-07-29,"16:13:05"
7542,1912,110,1,2005-07-27,"21:43:04",2005-07-30,"00:02:04"
7543,1289,526,2,2005-07-27,"21:44:28",2005-08-04,"21:42:28"
7544,766,249,2,2005-07-27,"21:47:37",2005-08-05,"02:29:37"
7545,2541,292,2,2005-07-27,"21:48:03",2005-08-01,"22:23:03"
7546,3683,494,2,2005-07-27,"21:50:09",2005-08-05,"03:07:09"
7547,1733,547,2,2005-07-27,"21:51:48",2005-08-06,"01:05:48"
7548,2194,484,1,2005-07-27,"21:53:18",2005-08-02,"17:50:18"
7549,1765,591,1,2005-07-27,"21:53:21",2005-08-05,"18:53:21"
7550,4488,71,2,2005-07-27,"21:55:07",2005-07-28,"23:34:07"
7551,2635,304,2,2005-07-27,"21:59:15",2005-07-31,"19:54:15"
7552,2166,16,1,2005-07-27,"22:03:41",2005-07-28,"22:24:41"
7553,1643,275,1,2005-07-27,"22:11:36",2005-08-03,"17:52:36"
7554,1805,135,2,2005-07-27,"22:12:41",2005-08-04,"01:34:41"
7555,3421,533,2,2005-07-27,"22:17:05",2005-08-02,"02:50:05"
7556,794,188,2,2005-07-27,"22:17:17",2005-07-28,"19:17:17"
7557,3152,131,1,2005-07-27,"22:18:19",2005-07-29,"00:24:19"
7558,550,80,1,2005-07-27,"22:19:08",2005-07-30,"21:31:08"
7559,661,149,2,2005-07-27,"22:20:03",2005-08-06,"00:26:03"
7560,3574,562,2,2005-07-27,"22:20:17",2005-08-02,"23:00:17"
7561,3433,291,1,2005-07-27,"22:21:05",2005-08-04,"01:02:05"
7562,4417,366,2,2005-07-27,"22:25:15",2005-08-01,"01:21:15"
7563,2709,453,2,2005-07-27,"22:25:36",2005-08-01,"03:59:36"
7564,2887,291,2,2005-07-27,"22:31:17",2005-08-01,"01:05:17"
7565,1028,114,2,2005-07-27,"22:33:59",2005-07-30,"03:03:59"
7566,1802,144,1,2005-07-27,"22:34:45",2005-08-01,"22:20:45"
7567,1066,504,1,2005-07-27,"22:38:05",2005-07-30,"17:20:05"
7568,1578,296,1,2005-07-27,"22:38:53",2005-07-29,"00:51:53"
7569,2315,528,2,2005-07-27,"22:38:53",2005-08-05,"19:03:53"
7570,3189,110,1,2005-07-27,"22:40:06",2005-07-28,"23:14:06"
7571,3850,368,1,2005-07-27,"22:43:42",2005-07-30,"22:17:42"
7572,3068,532,1,2005-07-27,"22:44:29",2005-08-01,"03:04:29"
7573,314,467,1,2005-07-27,"22:46:20",2005-08-04,"01:55:20"
7574,298,200,2,2005-07-27,"22:53:00",2005-07-29,"18:39:00"
7575,702,582,1,2005-07-27,"22:53:52",2005-07-29,"02:02:52"
7576,3374,446,2,2005-07-27,"22:54:35",2005-08-03,"03:53:35"
7577,2723,332,2,2005-07-27,"22:56:07",2005-08-05,"21:23:07"
7578,4210,332,1,2005-07-27,"22:58:17",2005-07-29,"23:14:17"
7579,501,352,2,2005-07-27,"23:06:41",2005-07-31,"20:08:41"
7580,338,28,1,2005-07-27,"23:07:40",2005-08-05,"02:17:40"
7581,2051,166,1,2005-07-27,"23:14:35",2005-07-29,"21:30:35"
7582,3941,128,2,2005-07-27,"23:15:14",2005-07-29,"03:18:14"
7583,2890,198,2,2005-07-27,"23:15:22",2005-08-04,"04:39:22"
7584,4390,338,2,2005-07-27,"23:15:46",2005-08-03,"02:18:46"
7585,467,440,1,2005-07-27,"23:18:22",2005-07-30,"23:08:22"
7586,15,316,1,2005-07-27,"23:19:29",2005-07-29,"23:04:29"
7587,655,113,1,2005-07-27,"23:23:03",2005-08-01,"17:34:03"
7588,4033,360,1,2005-07-27,"23:23:31",2005-08-04,"02:54:31"
7589,1569,32,1,2005-07-27,"23:23:36",2005-08-04,"00:16:36"
7590,2152,73,2,2005-07-27,"23:24:24",2005-07-28,"19:53:24"
7591,651,525,1,2005-07-27,"23:25:54",2005-08-02,"22:54:54"
7592,4105,316,2,2005-07-27,"23:26:04",2005-07-29,"23:48:04"
7593,1158,436,1,2005-07-27,"23:28:47",2005-08-02,"19:51:47"
7594,3230,424,1,2005-07-27,"23:30:41",2005-08-02,"04:29:41"
7595,4313,390,1,2005-07-27,"23:32:23",2005-08-03,"05:28:23"
7596,2097,275,2,2005-07-27,"23:33:57",2005-08-01,"20:46:57"
7597,2856,169,1,2005-07-27,"23:35:49",2005-07-30,"21:38:49"
7598,4545,438,2,2005-07-27,"23:36:01",2005-07-29,"23:35:01"
7599,3272,87,1,2005-07-27,"23:38:46",2005-07-28,"22:52:46"
7600,3492,107,1,2005-07-27,"23:41:18",2005-08-06,"04:40:18"
7601,903,228,1,2005-07-27,"23:48:15",2005-07-29,"02:45:15"
7602,2516,366,1,2005-07-27,"23:48:35",2005-08-04,"17:58:35"
7603,124,497,1,2005-07-27,"23:54:44",2005-07-29,"01:24:44"
7604,3720,406,2,2005-07-27,"23:54:52",2005-08-05,"03:04:52"
7605,1391,576,1,2005-07-27,"23:57:01",2005-08-03,"04:11:01"
7606,637,201,2,2005-07-28,"00:02:15",2005-07-29,"03:14:15"
7607,3914,293,1,2005-07-28,"00:05:53",2005-07-31,"04:13:53"
7608,1256,167,1,2005-07-28,"00:08:36",2005-07-28,"18:13:36"
7609,3655,179,1,2005-07-28,"00:11:00",2005-07-31,"03:04:00"
7610,1279,450,1,2005-07-28,"00:11:35",2005-07-31,"00:33:35"
7611,3347,467,1,2005-07-28,"00:11:47",2005-07-28,"18:35:47"
7612,1411,563,1,2005-07-28,"00:11:55",2005-07-30,"00:47:55"
7613,4253,202,2,2005-07-28,"00:13:58",2005-08-06,"05:36:58"
7614,3475,440,1,2005-07-28,"00:14:38",2005-07-29,"18:18:38"
7615,3884,373,1,2005-07-28,"00:15:24",2005-07-31,"02:00:24"
7616,3790,9,1,2005-07-28,"00:15:26",2005-07-30,"21:52:26"
7617,2904,340,1,2005-07-28,"00:18:40",2005-08-01,"01:17:40"
7618,774,271,1,2005-07-28,"00:24:14",2005-08-01,"04:35:14"
7619,1057,419,2,2005-07-28,"00:25:41",2005-07-30,"04:35:41"
7620,931,580,1,2005-07-28,"00:27:17",2005-07-31,"02:04:17"
7621,1833,88,1,2005-07-28,"00:34:06",2005-08-06,"00:13:06"
7622,4014,198,2,2005-07-28,"00:37:34",2005-07-31,"23:27:34"
7623,1146,459,2,2005-07-28,"00:37:41",2005-08-04,"19:38:41"
7624,2756,415,1,2005-07-28,"00:37:44",2005-07-30,"21:26:44"
7625,3129,382,1,2005-07-28,"00:47:56",2005-08-02,"23:34:56"
7626,4200,450,1,2005-07-28,"00:49:01",2005-07-31,"00:43:01"
7627,782,52,1,2005-07-28,"00:56:47",2005-08-02,"04:16:47"
7628,1240,516,1,2005-07-28,"00:58:04",2005-08-03,"19:16:04"
7629,2453,229,1,2005-07-28,"01:00:09",2005-07-30,"06:49:09"
7630,2798,351,2,2005-07-28,"01:01:03",2005-07-31,"01:08:03"
7631,2437,132,2,2005-07-28,"01:01:15",2005-08-01,"06:16:15"
7632,3233,181,2,2005-07-28,"01:02:40",2005-07-30,"05:31:40"
7633,4171,402,2,2005-07-28,"01:03:41",2005-08-01,"23:54:41"
7634,4487,365,1,2005-07-28,"01:07:01",2005-07-31,"05:00:01"
7635,55,413,2,2005-07-28,"01:08:11",2005-08-01,"03:32:11"
7636,202,51,1,2005-07-28,"01:08:36",2005-08-03,"21:36:36"
7637,87,91,1,2005-07-28,"01:12:25",2005-08-02,"03:48:25"
7638,1890,172,1,2005-07-28,"01:13:26",2005-07-28,"20:34:26"
7639,767,459,1,2005-07-28,"01:14:36",2005-07-29,"00:19:36"
7640,3014,229,1,2005-07-28,"01:14:49",2005-08-03,"21:50:49"
7641,1868,475,1,2005-07-28,"01:15:45",2005-08-04,"23:50:45"
7642,3995,523,2,2005-07-28,"01:16:51",2005-08-02,"00:45:51"
7643,4369,407,1,2005-07-28,"01:19:44",2005-08-04,"21:16:44"
7644,882,173,2,2005-07-28,"01:27:33",2005-07-31,"22:58:33"
7645,830,381,2,2005-07-28,"01:27:42",2005-08-03,"07:16:42"
7646,1615,255,1,2005-07-28,"01:31:45",2005-07-31,"07:16:45"
7647,3079,36,1,2005-07-28,"01:35:17",2005-08-01,"00:14:17"
7648,797,310,2,2005-07-28,"01:35:33",2005-08-04,"06:21:33"
7649,2704,318,1,2005-07-28,"01:37:26",2005-07-28,"21:18:26"
7650,701,290,2,2005-07-28,"01:47:20",2005-08-05,"06:00:20"
7651,2753,401,2,2005-07-28,"01:48:32",2005-08-03,"03:10:32"
7652,92,5,2,2005-07-28,"01:50:29",2005-07-30,"22:23:29"
7653,814,232,2,2005-07-28,"01:58:30",2005-07-28,"23:32:30"
7654,1009,360,2,2005-07-28,"02:00:14",2005-07-31,"20:50:14"
7655,2665,513,2,2005-07-28,"02:01:11",2005-07-30,"23:12:11"
7656,178,148,1,2005-07-28,"02:07:19",2005-07-31,"04:05:19"
7657,2319,518,1,2005-07-28,"02:09:00",2005-08-04,"21:44:00"
7658,1798,272,2,2005-07-28,"02:09:12",2005-07-30,"00:54:12"
7659,1622,584,2,2005-07-28,"02:09:45",2005-08-02,"05:34:45"
7660,4385,4,2,2005-07-28,"02:10:10",2005-07-30,"04:29:10"
7661,3060,256,2,2005-07-28,"02:10:27",2005-08-05,"03:45:27"
7662,1017,534,1,2005-07-28,"02:16:08",2005-08-03,"21:51:08"
7663,832,470,2,2005-07-28,"02:19:48",2005-07-30,"21:43:48"
7664,1989,461,1,2005-07-28,"02:24:23",2005-07-29,"23:01:23"
7665,1455,590,1,2005-07-28,"02:28:30",2005-07-31,"20:42:30"
7666,688,196,2,2005-07-28,"02:35:12",2005-08-05,"05:43:12"
7667,2415,443,1,2005-07-28,"02:37:22",2005-08-05,"21:37:22"
7668,3880,508,1,2005-07-28,"02:41:31",2005-08-02,"06:08:31"
7669,2624,483,1,2005-07-28,"02:44:07",2005-07-29,"00:54:07"
7670,1356,252,2,2005-07-28,"02:44:25",2005-07-29,"21:55:25"
7671,3464,442,1,2005-07-28,"02:48:31",2005-07-30,"23:04:31"
7672,573,542,1,2005-07-28,"02:49:41",2005-08-04,"02:38:41"
7673,2368,409,1,2005-07-28,"02:53:53",2005-08-06,"00:07:53"
7674,682,177,1,2005-07-28,"02:54:30",2005-08-05,"23:09:30"
7675,153,189,1,2005-07-28,"02:55:20",2005-07-31,"05:27:20"
7676,1110,508,2,2005-07-28,"02:55:27",2005-08-01,"03:50:27"
7677,4464,566,1,2005-07-28,"02:56:37",2005-07-31,"02:21:37"
7678,3398,510,1,2005-07-28,"02:58:16",2005-08-06,"04:22:16"
7679,1063,444,1,2005-07-28,"02:58:39",2005-08-02,"04:58:39"
7680,1784,559,2,2005-07-28,"02:59:08",2005-08-03,"03:37:08"
7681,1176,432,2,2005-07-28,"03:07:09",2005-07-29,"08:30:09"
7682,3296,400,2,2005-07-28,"03:07:29",2005-08-04,"08:48:29"
7683,1760,73,1,2005-07-28,"03:11:29",2005-08-04,"00:14:29"
7684,3365,40,2,2005-07-28,"03:11:54",2005-07-31,"04:40:54"
7685,2213,468,2,2005-07-28,"03:13:00",2005-08-01,"00:29:00"
7686,2144,184,2,2005-07-28,"03:19:23",2005-08-04,"05:17:23"
7687,689,325,2,2005-07-28,"03:20:26",2005-08-02,"05:48:26"
7688,1179,491,2,2005-07-28,"03:20:47",2005-08-06,"06:07:47"
7689,1803,253,2,2005-07-28,"03:21:24",2005-07-31,"08:01:24"
7690,1076,150,1,2005-07-28,"03:26:21",2005-07-29,"00:08:21"
7691,1579,112,1,2005-07-28,"03:30:09",2005-07-29,"21:31:09"
7692,267,392,1,2005-07-28,"03:30:21",2005-07-30,"22:25:21"
7693,2479,148,2,2005-07-28,"03:31:22",2005-07-31,"06:42:22"
7694,2892,538,1,2005-07-28,"03:39:25",2005-07-31,"05:47:25"
7695,2742,323,2,2005-07-28,"03:41:13",2005-08-06,"05:06:13"
7696,3463,56,2,2005-07-28,"03:41:35",2005-08-06,"05:48:35"
7697,3966,377,2,2005-07-28,"03:43:45",2005-08-03,"07:55:45"
7698,3650,561,2,2005-07-28,"03:44:14",2005-08-04,"03:44:14"
7699,4332,53,2,2005-07-28,"03:52:21",2005-08-01,"05:00:21"
7700,3546,124,2,2005-07-28,"03:54:14",2005-08-05,"06:20:14"
7701,1604,306,2,2005-07-28,"03:54:28",2005-08-01,"08:39:28"
7702,253,349,1,2005-07-28,"03:56:05",2005-07-31,"03:29:05"
7703,2150,3,1,2005-07-28,"03:59:21",2005-08-05,"08:52:21"
7704,2342,265,1,2005-07-28,"04:02:13",2005-08-04,"00:51:13"
7705,1072,22,2,2005-07-28,"04:02:58",2005-08-05,"01:19:58"
7706,994,263,2,2005-07-28,"04:03:17",2005-07-29,"22:16:17"
7707,2563,232,1,2005-07-28,"04:07:47",2005-07-29,"02:02:47"
7708,398,363,1,2005-07-28,"04:19:15",2005-08-04,"04:41:15"
7709,3800,81,2,2005-07-28,"04:22:14",2005-07-31,"09:18:14"
7710,3716,77,2,2005-07-28,"04:24:07",2005-08-03,"22:49:07"
7711,2695,426,2,2005-07-28,"04:26:42",2005-07-29,"07:30:42"
7712,3256,361,2,2005-07-28,"04:29:53",2005-08-02,"00:57:53"
7713,2018,572,2,2005-07-28,"04:32:14",2005-08-03,"04:30:14"
7714,940,70,2,2005-07-28,"04:32:30",2005-08-02,"07:10:30"
7715,3210,512,2,2005-07-28,"04:32:38",2005-08-05,"00:37:38"
7716,1493,284,2,2005-07-28,"04:33:15",2005-08-04,"00:08:15"
7717,730,459,2,2005-07-28,"04:33:54",2005-07-30,"02:46:54"
7718,3587,4,2,2005-07-28,"04:37:59",2005-07-29,"09:20:59"
7719,2481,286,1,2005-07-28,"04:39:09",2005-08-05,"03:15:09"
7720,185,520,2,2005-07-28,"04:41:44",2005-08-04,"06:51:44"
7721,2228,83,1,2005-07-28,"04:42:58",2005-07-31,"07:52:58"
7722,3828,309,1,2005-07-28,"04:44:58",2005-07-30,"01:29:58"
7723,3263,147,2,2005-07-28,"04:45:37",2005-07-30,"09:03:37"
7724,346,3,1,2005-07-28,"04:46:30",2005-08-04,"08:41:30"
7725,1922,326,1,2005-07-28,"04:47:14",2005-08-04,"09:03:14"
7726,2578,219,1,2005-07-28,"04:52:19",2005-08-04,"09:05:19"
7727,2274,123,2,2005-07-28,"04:52:43",2005-08-03,"01:12:43"
7728,492,130,1,2005-07-28,"04:56:33",2005-07-31,"07:54:33"
7729,1491,89,1,2005-07-28,"04:57:57",2005-07-30,"09:38:57"
7730,3118,155,2,2005-07-28,"04:59:48",2005-08-04,"04:35:48"
7731,1533,413,1,2005-07-28,"05:01:18",2005-07-29,"02:22:18"
7732,3597,158,1,2005-07-28,"05:03:32",2005-07-29,"10:20:32"
7733,10,82,2,2005-07-28,"05:04:47",2005-08-05,"05:12:47"
7734,2726,135,2,2005-07-28,"05:08:44",2005-07-30,"09:42:44"
7735,3949,372,2,2005-07-28,"05:09:56",2005-07-31,"23:34:56"
7736,4466,205,2,2005-07-28,"05:12:04",2005-08-05,"02:28:04"
7737,1235,494,1,2005-07-28,"05:15:03",2005-08-04,"01:24:03"
7738,80,10,2,2005-07-28,"05:21:42",2005-08-03,"09:46:42"
7739,1554,186,2,2005-07-28,"05:21:51",2005-07-30,"02:06:51"
7740,3613,395,2,2005-07-28,"05:23:36",2005-08-01,"02:20:36"
7741,3917,591,1,2005-07-28,"05:25:55",2005-08-02,"02:40:55"
7742,1808,49,2,2005-07-28,"05:33:16",2005-08-06,"01:04:16"
7743,2883,210,2,2005-07-28,"05:36:13",2005-08-03,"11:28:13"
7744,1863,288,1,2005-07-28,"05:38:20",2005-07-31,"11:00:20"
7745,1014,285,2,2005-07-28,"05:46:28",2005-08-06,"07:44:28"
7746,176,299,1,2005-07-28,"05:48:56",2005-08-04,"07:33:56"
7747,1775,78,1,2005-07-28,"05:50:11",2005-08-03,"09:51:11"
7748,3523,415,2,2005-07-28,"05:52:23",2005-07-31,"01:35:23"
7749,3585,232,1,2005-07-28,"05:53:36",2005-08-01,"03:49:36"
7750,820,220,2,2005-07-28,"05:55:30",2005-08-06,"04:32:30"
7751,4425,176,1,2005-07-28,"05:56:13",2005-08-05,"08:08:13"
7752,2218,209,1,2005-07-28,"06:01:00",2005-08-03,"06:09:00"
7753,3071,531,1,2005-07-28,"06:09:19",2005-08-06,"06:17:19"
7754,1981,138,1,2005-07-28,"06:10:55",2005-07-29,"02:46:55"
7755,1247,449,2,2005-07-28,"06:22:18",2005-08-06,"11:38:18"
7756,1611,469,2,2005-07-28,"06:22:52",2005-08-05,"11:55:52"
7757,3445,502,1,2005-07-28,"06:23:00",2005-07-30,"12:02:00"
7758,4333,356,2,2005-07-28,"06:23:41",2005-08-03,"06:06:41"
7759,3381,405,1,2005-07-28,"06:28:45",2005-08-03,"11:38:45"
7760,409,307,1,2005-07-28,"06:29:45",2005-08-03,"01:36:45"
7761,3568,112,2,2005-07-28,"06:31:45",2005-07-30,"01:36:45"
7762,3234,462,2,2005-07-28,"06:34:23",2005-08-05,"09:55:23"
7763,2461,116,2,2005-07-28,"06:35:16",2005-08-03,"02:46:16"
7764,3537,142,2,2005-07-28,"06:40:05",2005-07-30,"02:51:05"
7765,4098,294,1,2005-07-28,"06:40:33",2005-07-31,"01:25:33"
7766,2774,292,2,2005-07-28,"06:41:57",2005-08-06,"11:21:57"
7767,329,139,2,2005-07-28,"06:42:02",2005-08-05,"11:19:02"
7768,2450,123,1,2005-07-28,"06:44:03",2005-07-29,"09:46:03"
7769,3250,30,1,2005-07-28,"06:45:23",2005-07-30,"12:18:23"
7770,1486,507,1,2005-07-28,"06:49:35",2005-08-06,"08:16:35"
7771,1003,175,1,2005-07-28,"06:52:12",2005-07-30,"12:48:12"
7772,986,552,1,2005-07-28,"06:59:09",2005-08-01,"10:49:09"
7773,4143,380,2,2005-07-28,"07:02:17",2005-07-30,"04:16:17"
7774,3483,259,1,2005-07-28,"07:03:25",2005-08-03,"02:05:25"
7775,3795,475,2,2005-07-28,"07:04:36",2005-08-03,"06:36:36"
7776,4170,385,1,2005-07-28,"07:04:36",2005-08-01,"09:32:36"
7777,4422,287,1,2005-07-28,"07:04:42",2005-07-29,"01:57:42"
7778,1044,248,1,2005-07-28,"07:10:11",2005-08-05,"05:09:11"
7779,3663,414,1,2005-07-28,"07:11:11",2005-07-30,"11:12:11"
7780,3069,236,1,2005-07-28,"07:11:55",2005-08-06,"05:41:55"
7781,541,539,2,2005-07-28,"07:13:20",2005-08-06,"05:43:20"
7782,3770,199,1,2005-07-28,"07:13:40",2005-08-05,"06:50:40"
7783,3817,581,2,2005-07-28,"07:14:43",2005-08-01,"05:03:43"
7784,3611,505,1,2005-07-28,"07:15:32",2005-08-06,"05:00:32"
7785,4277,460,1,2005-07-28,"07:16:11",2005-08-02,"03:43:11"
7786,2285,222,1,2005-07-28,"07:18:26",2005-07-29,"03:00:26"
7787,2191,203,2,2005-07-28,"07:19:02",2005-08-06,"02:38:02"
7788,95,487,1,2005-07-28,"07:21:55",2005-08-03,"06:33:55"
7789,2837,426,1,2005-07-28,"07:22:07",2005-08-06,"10:47:07"
7790,2327,189,1,2005-07-28,"07:22:35",2005-07-30,"02:59:35"
7791,822,514,1,2005-07-28,"07:22:51",2005-07-30,"03:09:51"
7792,3736,236,1,2005-07-28,"07:24:02",2005-08-04,"11:13:02"
7793,24,32,1,2005-07-28,"07:26:14",2005-08-03,"07:45:14"
7794,4509,510,2,2005-07-28,"07:28:03",2005-08-06,"12:32:03"
7795,1278,38,1,2005-07-28,"07:28:16",2005-07-31,"12:03:16"
7796,622,419,2,2005-07-28,"07:39:39",2005-08-02,"05:34:39"
7797,4180,370,1,2005-07-28,"07:41:07",2005-07-31,"04:13:07"
7798,3281,236,1,2005-07-28,"07:41:59",2005-07-31,"12:36:59"
7799,2163,384,2,2005-07-28,"07:42:09",2005-08-02,"10:02:09"
7800,3386,499,2,2005-07-28,"07:50:59",2005-07-29,"07:31:59"
7801,2052,9,1,2005-07-28,"07:51:56",2005-07-30,"12:18:56"
7802,1108,298,1,2005-07-28,"07:51:57",2005-07-29,"09:32:57"
7803,3438,449,1,2005-07-28,"07:52:13",2005-08-03,"13:35:13"
7804,592,249,2,2005-07-28,"07:56:00",2005-07-30,"10:33:00"
7805,3204,366,1,2005-07-28,"07:56:41",2005-08-04,"06:53:41"
7806,4317,440,1,2005-07-28,"07:58:17",2005-08-06,"10:15:17"
7807,2204,504,2,2005-07-28,"07:58:27",2005-08-01,"02:48:27"
7808,4052,327,1,2005-07-28,"07:58:56",2005-08-02,"10:49:56"
7809,4150,94,1,2005-07-28,"07:59:46",2005-08-02,"02:56:46"
7810,30,537,2,2005-07-28,"08:00:38",2005-08-02,"06:14:38"
7811,3891,347,2,2005-07-28,"08:06:01",2005-07-30,"10:08:01"
7812,4556,237,2,2005-07-28,"08:06:52",2005-07-31,"09:57:52"
7813,4216,411,2,2005-07-28,"08:08:27",2005-07-30,"03:08:27"
7814,2662,258,2,2005-07-28,"08:09:48",2005-08-01,"13:14:48"
7815,3551,300,2,2005-07-28,"08:14:11",2005-07-30,"02:34:11"
7816,1422,283,2,2005-07-28,"08:14:12",2005-07-30,"08:00:12"
7817,600,259,1,2005-07-28,"08:20:55",2005-07-30,"11:55:55"
7818,1672,301,1,2005-07-28,"08:25:00",2005-07-29,"14:07:00"
7819,3182,100,2,2005-07-28,"08:27:14",2005-08-02,"12:34:14"
7820,4475,459,1,2005-07-28,"08:28:51",2005-08-05,"10:00:51"
7821,1184,433,2,2005-07-28,"08:31:23",2005-08-03,"05:08:23"
7822,1428,156,1,2005-07-28,"08:31:45",2005-07-31,"11:06:45"
7823,84,428,1,2005-07-28,"08:32:53",2005-08-06,"11:59:53"
7824,2241,153,2,2005-07-28,"08:34:47",2005-08-05,"09:43:47"
7825,4340,348,1,2005-07-28,"08:34:57",2005-08-06,"02:45:57"
7826,1473,214,2,2005-07-28,"08:35:51",2005-08-05,"07:57:51"
7827,659,422,1,2005-07-28,"08:37:22",2005-07-31,"04:27:22"
7828,1710,212,1,2005-07-28,"08:40:46",2005-07-30,"14:22:46"
7829,111,5,1,2005-07-28,"08:43:39",2005-08-04,"14:33:39"
7830,4492,144,2,2005-07-28,"08:43:49",2005-08-04,"09:30:49"
7831,4436,499,2,2005-07-28,"08:44:21",2005-07-30,"03:25:21"
7832,284,92,1,2005-07-28,"08:46:11",2005-08-04,"06:55:11"
7833,1166,263,1,2005-07-28,"08:46:14",2005-08-04,"06:13:14"
7834,4124,278,2,2005-07-28,"08:46:43",2005-07-31,"07:09:43"
7835,43,547,2,2005-07-28,"08:49:39",2005-08-02,"07:16:39"
7836,1770,481,1,2005-07-28,"08:55:27",2005-08-05,"09:35:27"
7837,115,374,1,2005-07-28,"08:58:32",2005-07-29,"14:11:32"
7838,2222,550,1,2005-07-28,"09:00:21",2005-07-29,"05:52:21"
7839,914,518,1,2005-07-28,"09:01:13",2005-08-04,"11:46:13"
7840,2899,482,1,2005-07-28,"09:03:02",2005-08-06,"06:15:02"
7841,1092,1,2,2005-07-28,"09:04:45",2005-07-30,"12:37:45"
7842,2447,276,2,2005-07-28,"09:10:06",2005-08-04,"06:52:06"
7843,3962,75,2,2005-07-28,"09:10:22",2005-08-01,"11:27:22"
7844,4220,187,2,2005-07-28,"09:16:19",2005-08-05,"14:06:19"
7845,38,352,2,2005-07-28,"09:18:07",2005-08-04,"10:23:07"
7846,4201,309,2,2005-07-28,"09:21:18",2005-08-06,"07:10:18"
7847,3602,323,2,2005-07-28,"09:23:14",2005-08-02,"11:02:14"
7848,162,509,2,2005-07-28,"09:24:31",2005-08-05,"05:11:31"
7849,996,423,2,2005-07-28,"09:30:02",2005-08-06,"12:41:02"
7850,2913,118,2,2005-07-28,"09:31:13",2005-08-02,"14:06:13"
7851,3596,253,2,2005-07-28,"09:31:58",2005-08-04,"09:58:58"
7852,3462,123,1,2005-07-28,"09:34:29",2005-07-30,"05:48:29"
7853,4053,318,1,2005-07-28,"09:36:38",2005-07-29,"15:01:38"
7854,3531,84,1,2005-07-28,"09:42:31",2005-08-02,"09:25:31"
7855,2474,288,2,2005-07-28,"09:43:02",2005-07-30,"12:57:02"
7856,2376,375,2,2005-07-28,"09:48:24",2005-07-29,"09:49:24"
7857,4027,500,2,2005-07-28,"09:49:40",2005-08-01,"05:34:40"
7858,992,144,1,2005-07-28,"09:50:18",2005-08-05,"14:33:18"
7859,3392,547,1,2005-07-28,"09:57:17",2005-08-04,"06:04:17"
7860,2400,241,1,2005-07-28,"09:58:02",2005-08-05,"06:04:02"
7861,1781,208,1,2005-07-28,"10:02:01",2005-08-06,"13:17:01"
7862,2507,299,1,2005-07-28,"10:02:25",2005-08-05,"13:10:25"
7863,1212,182,1,2005-07-28,"10:05:46",2005-07-29,"14:42:46"
7864,1238,20,1,2005-07-28,"10:06:10",2005-08-04,"08:38:10"
7865,2334,148,2,2005-07-28,"10:07:04",2005-08-06,"08:16:04"
7866,1602,101,2,2005-07-28,"10:08:01",2005-08-04,"09:29:01"
7867,713,297,2,2005-07-28,"10:08:54",2005-07-30,"10:26:54"
7868,3589,43,1,2005-07-28,"10:08:55",2005-07-30,"11:52:55"
7869,3005,298,1,2005-07-28,"10:13:15",2005-08-03,"12:58:15"
7870,970,240,1,2005-07-28,"10:16:03",2005-07-31,"16:06:03"
7871,3990,491,2,2005-07-28,"10:16:37",2005-08-05,"11:24:37"
7872,826,66,1,2005-07-28,"10:18:16",2005-07-31,"10:57:16"
7873,2947,82,2,2005-07-28,"10:19:46",2005-07-31,"04:43:46"
7874,2981,86,1,2005-07-28,"10:21:52",2005-08-06,"16:19:52"
7875,3693,504,1,2005-07-28,"10:23:48",2005-08-02,"12:09:48"
7876,3563,577,1,2005-07-28,"10:24:22",2005-08-04,"07:15:22"
7877,2576,65,1,2005-07-28,"10:25:36",2005-08-05,"12:46:36"
7878,1564,141,1,2005-07-28,"10:27:10",2005-07-29,"11:22:10"
7879,1969,125,1,2005-07-28,"10:27:46",2005-07-31,"07:48:46"
7880,3670,182,2,2005-07-28,"10:30:37",2005-08-03,"08:05:37"
7881,533,249,1,2005-07-28,"10:33:22",2005-08-02,"12:10:22"
7882,3922,516,1,2005-07-28,"10:33:42",2005-07-29,"13:49:42"
7883,447,526,1,2005-07-28,"10:37:20",2005-08-02,"05:08:20"
7884,3871,502,1,2005-07-28,"10:37:24",2005-07-31,"10:31:24"
7885,4294,260,1,2005-07-28,"10:37:41",2005-08-05,"07:56:41"
7886,237,352,2,2005-07-28,"10:37:55",2005-08-04,"13:22:55"
7887,2820,253,1,2005-07-28,"10:40:12",2005-08-02,"06:09:12"
7888,545,378,1,2005-07-28,"10:40:24",2005-08-01,"16:18:24"
7889,3123,416,1,2005-07-28,"10:43:21",2005-07-30,"09:11:21"
7890,3443,553,1,2005-07-28,"10:43:40",2005-07-31,"06:07:40"
7891,3637,560,2,2005-07-28,"10:43:56",2005-08-05,"14:04:56"
7892,2717,397,1,2005-07-28,"10:46:58",2005-07-30,"16:03:58"
7893,3058,479,1,2005-07-28,"10:49:27",2005-08-02,"06:46:27"
7894,3532,330,2,2005-07-28,"10:53:58",2005-08-02,"13:42:58"
7895,900,67,2,2005-07-28,"10:57:15",2005-08-02,"15:10:15"
7896,3561,389,2,2005-07-28,"11:00:58",2005-08-04,"14:30:58"
7897,1396,75,1,2005-07-28,"11:01:51",2005-07-31,"13:13:51"
7898,2680,499,1,2005-07-28,"11:08:22",2005-08-03,"12:28:22"
7899,4130,452,2,2005-07-28,"11:10:12",2005-08-02,"13:20:12"
7900,2781,154,2,2005-07-28,"11:11:33",2005-08-05,"06:29:33"
7901,4435,280,1,2005-07-28,"11:12:12",2005-08-01,"08:13:12"
7902,3066,356,2,2005-07-28,"11:14:19",2005-07-30,"09:01:19"
7903,2767,588,1,2005-07-28,"11:20:36",2005-07-31,"09:16:36"
7904,316,477,2,2005-07-28,"11:25:39",2005-08-06,"08:22:39"
7905,4287,455,1,2005-07-28,"11:26:57",2005-08-02,"06:14:57"
7906,1216,85,2,2005-07-28,"11:31:42",2005-08-01,"11:56:42"
7907,3252,433,1,2005-07-28,"11:32:00",2005-07-30,"15:27:00"
7908,3646,360,2,2005-07-28,"11:32:57",2005-08-03,"13:30:57"
7909,3355,210,1,2005-07-28,"11:38:08",2005-07-29,"13:54:08"
7910,2044,480,2,2005-07-28,"11:44:56",2005-08-05,"14:37:56"
7911,390,3,1,2005-07-28,"11:46:45",2005-07-29,"07:19:45"
7912,745,127,1,2005-07-28,"11:46:58",2005-08-05,"12:50:58"
7913,4001,459,1,2005-07-28,"11:47:23",2005-08-05,"06:36:23"
7914,2796,469,1,2005-07-28,"11:48:08",2005-07-30,"14:14:08"
7915,2088,186,2,2005-07-28,"11:49:46",2005-08-04,"12:21:46"
7916,3877,13,1,2005-07-28,"11:49:53",2005-07-29,"15:01:53"
7917,2071,416,1,2005-07-28,"11:56:57",2005-07-29,"14:06:57"
7918,63,473,2,2005-07-28,"11:58:53",2005-08-04,"12:08:53"
7919,2138,36,1,2005-07-28,"11:59:45",2005-08-06,"11:19:45"
7920,66,48,1,2005-07-28,"12:01:19",2005-08-05,"07:08:19"
7921,116,100,2,2005-07-28,"12:02:46",2005-08-01,"12:08:46"
7922,817,125,2,2005-07-28,"12:05:25",2005-08-02,"12:13:25"
7923,2273,458,1,2005-07-28,"12:08:29",2005-08-04,"12:30:29"
7924,656,97,2,2005-07-28,"12:08:53",2005-07-30,"06:45:53"
7925,1763,500,1,2005-07-28,"12:10:02",2005-08-02,"15:50:02"
7926,180,78,1,2005-07-28,"12:13:02",2005-08-05,"08:54:02"
7927,1263,27,1,2005-07-28,"12:13:42",2005-08-05,"12:02:42"
7928,912,473,1,2005-07-28,"12:15:51",2005-08-05,"06:34:51"
7929,2652,307,2,2005-07-28,"12:16:40",2005-07-31,"13:09:40"
7930,4181,320,1,2005-07-28,"12:21:08",2005-07-30,"11:56:08"
7931,1923,326,2,2005-07-28,"12:23:41",2005-08-06,"09:49:41"
7932,3738,462,1,2005-07-28,"12:24:54",2005-07-30,"11:33:54"
7933,3175,297,2,2005-07-28,"12:27:27",2005-07-29,"10:34:27"
7934,2642,332,2,2005-07-28,"12:33:10",2005-08-04,"07:40:10"
7935,3664,462,2,2005-07-28,"12:33:17",2005-08-04,"14:40:17"
7936,563,520,2,2005-07-28,"12:33:21",2005-07-30,"13:31:21"
7937,3944,323,1,2005-07-28,"12:38:22",2005-07-29,"09:19:22"
7938,2579,114,1,2005-07-28,"12:39:11",2005-08-04,"16:56:11"
7939,2004,37,2,2005-07-28,"12:45:47",2005-07-30,"18:32:47"
7940,901,409,2,2005-07-28,"12:46:47",2005-07-29,"06:46:47"
7941,439,566,1,2005-07-28,"12:47:20",2005-08-01,"08:46:20"
7942,1636,56,2,2005-07-28,"12:49:44",2005-07-31,"18:07:44"
7943,2914,346,2,2005-07-28,"12:50:55",2005-08-04,"11:29:55"
7944,3148,504,1,2005-07-28,"12:51:22",2005-07-30,"12:19:22"
7945,3326,316,1,2005-07-28,"12:53:58",2005-08-03,"14:04:58"
7946,99,90,2,2005-07-28,"13:01:22",2005-08-03,"15:27:22"
7947,2504,279,2,2005-07-28,"13:05:50",2005-08-02,"11:16:50"
7948,215,589,1,2005-07-28,"13:06:16",2005-08-05,"08:38:16"
7949,2145,487,1,2005-07-28,"13:07:24",2005-08-02,"09:41:24"
7950,2286,122,2,2005-07-28,"13:21:00",2005-08-05,"18:47:00"
7951,3979,237,1,2005-07-28,"13:21:16",2005-08-06,"08:21:16"
7952,3313,158,1,2005-07-28,"13:23:49",2005-08-01,"08:50:49"
7953,4471,319,2,2005-07-28,"13:24:32",2005-08-05,"16:09:32"
7954,3735,145,2,2005-07-28,"13:25:05",2005-07-29,"18:50:05"
7955,1519,522,1,2005-07-28,"13:31:36",2005-07-30,"10:03:36"
7956,4335,118,2,2005-07-28,"13:32:17",2005-08-06,"14:51:17"
7957,1623,78,1,2005-07-28,"13:34:08",2005-08-05,"07:58:08"
7958,421,593,1,2005-07-28,"13:34:34",2005-07-29,"16:03:34"
7959,1549,178,2,2005-07-28,"13:43:20",2005-08-02,"12:13:20"
7960,2718,324,1,2005-07-28,"13:47:08",2005-08-03,"15:17:08"
7961,3284,45,1,2005-07-28,"13:47:21",2005-08-01,"09:33:21"
7962,1746,126,1,2005-07-28,"13:48:09",2005-08-03,"19:21:09"
7963,921,247,2,2005-07-28,"13:48:38",2005-08-06,"19:37:38"
7964,2528,574,2,2005-07-28,"13:49:58",2005-08-03,"10:03:58"
7965,3671,134,1,2005-07-28,"13:52:57",2005-07-29,"14:54:57"
7966,2514,91,1,2005-07-28,"13:53:54",2005-08-06,"15:32:54"
7967,2040,187,1,2005-07-28,"13:56:51",2005-08-03,"19:38:51"
7968,3865,597,1,2005-07-28,"13:57:35",2005-08-04,"13:40:35"
7969,2224,123,1,2005-07-28,"13:57:37",2005-08-04,"19:31:37"
7970,998,507,1,2005-07-28,"13:58:38",2005-08-02,"12:27:38"
7971,1910,445,1,2005-07-28,"14:00:47",2005-08-02,"10:01:47"
7972,2930,269,2,2005-07-28,"14:07:46",2005-08-01,"11:28:46"
7973,3936,339,2,2005-07-28,"14:10:06",2005-07-29,"11:26:06"
7974,2442,380,2,2005-07-28,"14:11:57",2005-08-02,"19:25:57"
7975,2565,211,1,2005-07-28,"14:12:47",2005-08-05,"09:18:47"
7976,2296,205,1,2005-07-28,"14:13:24",2005-08-05,"09:01:24"
7977,3162,389,2,2005-07-28,"14:15:54",2005-08-01,"18:58:54"
7978,508,431,2,2005-07-28,"14:16:14",2005-08-01,"12:53:14"
7979,3303,94,2,2005-07-28,"14:16:30",2005-08-03,"09:39:30"
7980,1019,329,1,2005-07-28,"14:16:49",2005-08-05,"09:20:49"
7981,90,392,2,2005-07-28,"14:18:25",2005-08-04,"15:21:25"
7982,668,71,2,2005-07-28,"14:19:59",2005-07-29,"14:09:59"
7983,1836,115,1,2005-07-28,"14:23:01",2005-07-29,"11:51:01"
7984,2893,208,1,2005-07-28,"14:27:51",2005-08-04,"17:34:51"
7985,4022,388,2,2005-07-28,"14:29:01",2005-08-03,"17:20:01"
7986,1283,395,1,2005-07-28,"14:30:13",2005-08-05,"09:35:13"
7987,288,443,2,2005-07-28,"14:36:52",2005-08-05,"16:49:52"
7988,2906,517,1,2005-07-28,"14:37:18",2005-08-05,"10:53:18"
7989,3196,149,2,2005-07-28,"14:39:05",2005-08-05,"13:58:05"
7990,188,232,2,2005-07-28,"14:43:08",2005-08-01,"10:51:08"
7991,1133,59,2,2005-07-28,"14:45:45",2005-07-29,"15:05:45"
7992,1851,33,1,2005-07-28,"14:53:06",2005-07-29,"18:17:06"
7993,2926,353,2,2005-07-28,"14:56:41",2005-08-01,"17:01:41"
7994,2431,21,2,2005-07-28,"14:56:54",2005-07-30,"09:56:54"
7995,536,89,2,2005-07-28,"15:00:09",2005-08-01,"12:33:09"
7996,2171,408,2,2005-07-28,"15:00:49",2005-08-04,"20:58:49"
7997,1845,591,1,2005-07-28,"15:02:25",2005-08-04,"14:35:25"
7998,1397,598,2,2005-07-28,"15:08:48",2005-07-31,"16:14:48"
7999,2750,170,2,2005-07-28,"15:10:14",2005-08-06,"17:08:14"
8000,1644,212,1,2005-07-28,"15:10:25",2005-08-06,"19:15:25"
8001,2570,10,1,2005-07-28,"15:10:55",2005-08-05,"18:23:55"
8002,22,449,2,2005-07-28,"15:11:00",2005-07-31,"15:46:00"
8003,2775,89,1,2005-07-28,"15:11:27",2005-08-04,"18:35:27"
8004,4428,393,2,2005-07-28,"15:14:07",2005-07-30,"19:32:07"
8005,670,488,1,2005-07-28,"15:15:11",2005-07-29,"14:54:11"
8006,3959,109,2,2005-07-28,"15:15:41",2005-08-05,"19:29:41"
8007,1942,525,2,2005-07-28,"15:22:27",2005-07-30,"13:06:27"
8008,2093,41,1,2005-07-28,"15:25:55",2005-08-04,"13:16:55"
8009,337,372,2,2005-07-28,"15:25:58",2005-08-04,"10:16:58"
8010,68,467,2,2005-07-28,"15:26:20",2005-08-04,"18:39:20"
8011,4274,497,1,2005-07-28,"15:26:39",2005-07-30,"13:59:39"
8012,1513,343,2,2005-07-28,"15:29:00",2005-08-05,"12:28:00"
8013,2074,403,1,2005-07-28,"15:30:26",2005-08-05,"16:29:26"
8014,2339,11,1,2005-07-28,"15:32:07",2005-07-31,"20:52:07"
8015,1814,23,2,2005-07-28,"15:33:03",2005-07-30,"15:32:03"
8016,516,391,2,2005-07-28,"15:35:41",2005-07-30,"20:06:41"
8017,1764,328,1,2005-07-28,"15:35:41",2005-08-01,"19:12:41"
8018,4129,377,1,2005-07-28,"15:36:48",2005-08-06,"20:04:48"
8019,1844,84,2,2005-07-28,"15:37:43",2005-08-04,"15:40:43"
8020,4459,498,1,2005-07-28,"15:43:32",2005-08-05,"12:19:32"
8021,1920,501,1,2005-07-28,"15:45:24",2005-08-04,"10:49:24"
8022,294,314,1,2005-07-28,"15:48:56",2005-08-06,"13:40:56"
8023,2133,411,1,2005-07-28,"15:53:29",2005-07-31,"12:26:29"
8024,1735,90,1,2005-07-28,"15:55:40",2005-08-02,"09:56:40"
8025,2932,421,2,2005-07-28,"16:03:27",2005-08-03,"21:58:27"
8026,4225,511,2,2005-07-28,"16:05:38",2005-07-29,"21:28:38"
8027,1335,436,1,2005-07-28,"16:09:57",2005-08-05,"18:17:57"
8028,2715,137,1,2005-07-28,"16:11:15",2005-08-05,"15:11:15"
8029,4273,61,1,2005-07-28,"16:11:21",2005-08-05,"13:52:21"
8030,2633,30,1,2005-07-28,"16:12:53",2005-07-31,"17:15:53"
8031,2196,40,2,2005-07-28,"16:15:49",2005-08-02,"18:27:49"
8032,431,230,1,2005-07-28,"16:17:00",2005-07-29,"13:32:00"
8033,4268,1,1,2005-07-28,"16:18:23",2005-07-30,"17:56:23"
8034,1997,502,2,2005-07-28,"16:20:26",2005-08-04,"19:11:26"
8035,1503,14,1,2005-07-28,"16:23:01",2005-08-05,"10:52:01"
8036,2741,412,2,2005-07-28,"16:27:43",2005-08-01,"13:41:43"
8037,3973,409,2,2005-07-28,"16:31:20",2005-07-31,"12:18:20"
8038,1225,30,1,2005-07-28,"16:32:55",2005-07-30,"21:08:55"
8039,1996,203,1,2005-07-28,"16:35:16",2005-07-30,"14:49:16"
8040,4543,163,2,2005-07-28,"16:39:43",2005-08-02,"20:00:43"
8041,763,357,1,2005-07-28,"16:39:56",2005-07-30,"18:44:56"
8042,4325,14,2,2005-07-28,"16:45:11",2005-08-04,"17:16:11"
8043,208,577,1,2005-07-28,"16:45:44",2005-08-01,"12:26:44"
8044,879,442,1,2005-07-28,"16:49:12",2005-08-02,"22:41:12"
8045,3427,368,1,2005-07-28,"16:49:38",2005-08-03,"15:42:38"
8046,2873,120,1,2005-07-28,"16:49:41",2005-07-31,"21:33:41"
8047,2936,292,2,2005-07-28,"16:49:43",2005-08-03,"14:48:43"
8048,2721,182,1,2005-07-28,"16:50:26",2005-08-06,"19:20:26"
8049,673,42,1,2005-07-28,"16:51:58",2005-07-31,"22:18:58"
8050,1864,488,1,2005-07-28,"16:55:47",2005-08-02,"13:20:47"
8051,4405,192,1,2005-07-28,"16:56:16",2005-07-29,"22:48:16"
8052,2460,166,2,2005-07-28,"16:57:31",2005-08-03,"18:03:31"
8053,1511,526,2,2005-07-28,"16:59:41",2005-08-03,"22:28:41"
8054,1062,225,1,2005-07-28,"17:02:18",2005-08-06,"11:55:18"
8055,4162,304,2,2005-07-28,"17:02:32",2005-07-31,"22:05:32"
8056,4018,589,2,2005-07-28,"17:04:15",2005-08-03,"19:11:15"
8057,4177,483,1,2005-07-28,"17:07:13",2005-08-03,"16:25:13"
8058,2148,404,1,2005-07-28,"17:07:49",2005-08-03,"22:57:49"
8059,2611,372,2,2005-07-28,"17:09:59",2005-07-31,"15:42:59"
8060,3765,577,1,2005-07-28,"17:10:02",2005-08-05,"17:11:02"
8061,650,467,2,2005-07-28,"17:12:53",2005-08-05,"13:56:53"
8062,1384,317,2,2005-07-28,"17:15:06",2005-07-30,"16:56:06"
8063,935,163,1,2005-07-28,"17:15:11",2005-08-04,"16:45:11"
8064,3788,488,2,2005-07-28,"17:15:38",2005-08-04,"18:04:38"
8065,413,220,2,2005-07-28,"17:15:48",2005-08-04,"15:49:48"
8066,3208,462,2,2005-07-28,"17:20:09",2005-07-31,"18:36:09"
8067,3923,209,1,2005-07-28,"17:20:17",2005-07-29,"21:55:17"
8068,209,216,2,2005-07-28,"17:22:28",2005-07-29,"12:24:28"
8069,2822,178,1,2005-07-28,"17:23:46",2005-07-30,"16:19:46"
8070,1606,89,1,2005-07-28,"17:26:56",2005-08-01,"17:33:56"
8071,2582,131,2,2005-07-28,"17:27:48",2005-08-03,"11:48:48"
8072,2347,99,1,2005-07-28,"17:27:59",2005-07-30,"19:08:59"
8073,630,314,2,2005-07-28,"17:29:02",2005-08-01,"22:17:02"
8074,1558,1,1,2005-07-28,"17:33:39",2005-07-29,"20:17:39"
8075,2175,61,2,2005-07-28,"17:37:28",2005-07-29,"11:56:28"
8076,214,17,2,2005-07-28,"17:45:58",2005-08-04,"18:07:58"
8077,3253,122,2,2005-07-28,"17:54:35",2005-07-29,"19:28:35"
8078,3839,407,2,2005-07-28,"17:54:42",2005-07-30,"18:18:42"
8079,3564,432,2,2005-07-28,"17:58:36",2005-07-29,"14:48:36"
8080,3035,406,2,2005-07-28,"18:05:06",2005-07-29,"22:44:06"
8081,4404,362,1,2005-07-28,"18:06:46",2005-08-04,"18:54:46"
8082,3089,423,2,2005-07-28,"18:08:02",2005-08-04,"14:33:02"
8083,2187,30,2,2005-07-28,"18:09:48",2005-08-04,"21:47:48"
8084,911,571,2,2005-07-28,"18:11:58",2005-08-03,"23:41:58"
8085,3059,552,2,2005-07-28,"18:13:15",2005-08-04,"13:45:15"
8086,1182,3,2,2005-07-28,"18:17:14",2005-07-30,"18:22:14"
8087,1913,295,2,2005-07-28,"18:21:16",2005-08-03,"12:38:16"
8088,2590,343,2,2005-07-28,"18:23:49",2005-08-06,"23:25:49"
8089,1414,50,1,2005-07-28,"18:26:47",2005-08-03,"21:28:47"
8090,1336,387,2,2005-07-28,"18:27:29",2005-08-02,"14:08:29"
8091,3025,126,2,2005-07-28,"18:27:29",2005-08-01,"19:45:29"
8092,2034,167,2,2005-07-28,"18:28:07",2005-07-30,"19:17:07"
8093,1427,533,1,2005-07-28,"18:29:16",2005-08-05,"21:49:16"
8094,4276,432,2,2005-07-28,"18:30:28",2005-08-05,"17:37:28"
8095,2685,42,1,2005-07-28,"18:32:40",2005-08-06,"23:45:40"
8096,502,506,1,2005-07-28,"18:32:46",2005-08-06,"15:00:46"
8097,2719,436,1,2005-07-28,"18:32:49",2005-08-06,"16:09:49"
8098,1757,41,2,2005-07-28,"18:34:20",2005-07-31,"19:07:20"
8099,3694,36,2,2005-07-28,"18:35:12",2005-07-30,"15:44:12"
8100,2859,11,2,2005-07-28,"18:43:11",2005-08-02,"15:56:11"
8101,731,6,1,2005-07-28,"18:47:23",2005-07-31,"16:23:23"
8102,4505,237,2,2005-07-28,"18:49:43",2005-08-03,"23:04:43"
8103,4472,397,1,2005-07-28,"18:50:14",2005-08-04,"16:53:14"
8104,1080,533,2,2005-07-28,"18:59:36",2005-08-03,"22:05:36"
8105,1316,314,1,2005-07-28,"18:59:46",2005-07-29,"22:51:46"
8106,963,137,2,2005-07-28,"19:02:46",2005-07-30,"20:48:46"
8107,1318,518,2,2005-07-28,"19:03:16",2005-08-05,"17:18:16"
8108,1600,295,2,2005-07-28,"19:07:38",2005-08-03,"15:13:38"
8109,652,407,1,2005-07-28,"19:07:44",2005-07-31,"14:59:44"
8110,1244,225,1,2005-07-28,"19:07:45",2005-08-04,"22:12:45"
8111,3226,148,1,2005-07-28,"19:10:03",2005-07-29,"22:25:03"
8112,2444,528,1,2005-07-28,"19:11:07",2005-08-03,"18:41:07"
8113,4269,541,2,2005-07-28,"19:14:00",2005-08-06,"00:05:00"
8114,815,509,1,2005-07-28,"19:14:06",2005-08-05,"13:16:06"
8115,2080,106,2,2005-07-28,"19:14:17",2005-08-03,"14:58:17"
8116,4497,1,1,2005-07-28,"19:20:07",2005-07-29,"22:54:07"
8117,1502,300,1,2005-07-28,"19:20:16",2005-08-05,"23:55:16"
8118,331,566,1,2005-07-28,"19:22:22",2005-08-01,"22:13:22"
8119,1542,398,2,2005-07-28,"19:23:15",2005-08-04,"15:53:15"
8120,3993,235,2,2005-07-28,"19:24:24",2005-07-31,"14:31:24"
8121,2229,363,2,2005-07-28,"19:25:45",2005-08-02,"13:30:45"
8122,2141,18,2,2005-07-28,"19:27:37",2005-07-29,"19:48:37"
8123,2256,138,1,2005-07-28,"19:28:23",2005-08-04,"19:41:23"
8124,1187,357,1,2005-07-28,"19:28:58",2005-07-31,"00:45:58"
8125,4330,96,1,2005-07-28,"19:31:48",2005-07-30,"01:09:48"
8126,719,537,2,2005-07-28,"19:32:41",2005-08-05,"00:33:41"
8127,4265,20,2,2005-07-28,"19:45:19",2005-07-31,"22:07:19"
8128,2872,71,2,2005-07-28,"19:46:06",2005-08-06,"16:10:06"
8129,2546,345,2,2005-07-28,"19:47:02",2005-07-31,"21:33:02"
8130,4055,499,2,2005-07-28,"19:48:15",2005-08-05,"14:18:15"
8131,437,281,2,2005-07-28,"19:55:21",2005-08-02,"21:52:21"
8132,1303,562,2,2005-07-28,"19:57:31",2005-08-02,"22:16:31"
8133,849,461,1,2005-07-28,"20:01:06",2005-08-01,"20:01:06"
8134,1695,41,2,2005-07-28,"20:01:23",2005-08-03,"01:00:23"
8135,1339,164,2,2005-07-28,"20:03:25",2005-08-03,"01:28:25"
8136,3434,429,2,2005-07-28,"20:05:48",2005-08-01,"20:31:48"
8137,3188,312,1,2005-07-28,"20:07:18",2005-08-03,"17:41:18"
8138,1258,371,2,2005-07-28,"20:12:17",2005-08-01,"15:21:17"
8139,3651,177,2,2005-07-28,"20:16:30",2005-08-03,"18:00:30"
8140,4270,119,1,2005-07-28,"20:17:50",2005-07-30,"18:07:50"
8141,361,523,2,2005-07-28,"20:21:19",2005-07-30,"19:16:19"
8142,1075,322,2,2005-07-28,"20:21:54",2005-07-31,"18:39:54"
8143,3629,429,1,2005-07-28,"20:23:11",2005-08-01,"18:17:11"
8144,3556,320,2,2005-07-28,"20:30:55",2005-07-31,"18:10:55"
8145,937,198,2,2005-07-28,"20:34:41",2005-08-05,"15:28:41"
8146,2430,476,2,2005-07-28,"20:37:36",2005-07-31,"16:03:36"
8147,628,228,1,2005-07-28,"20:37:56",2005-07-30,"18:26:56"
8148,537,347,1,2005-07-28,"20:39:47",2005-08-02,"16:29:47"
8149,1790,591,2,2005-07-28,"20:48:12",2005-08-01,"20:07:12"
8150,3489,497,1,2005-07-28,"20:50:41",2005-08-02,"00:43:41"
8151,4370,495,1,2005-07-28,"20:50:52",2005-07-31,"14:50:52"
8152,2557,46,2,2005-07-28,"20:53:05",2005-08-06,"20:03:05"
8153,2173,347,2,2005-07-28,"20:55:49",2005-08-01,"15:56:49"
8154,1180,285,2,2005-07-28,"20:56:18",2005-08-01,"21:56:18"
8155,3023,428,2,2005-07-28,"20:57:06",2005-08-02,"18:40:06"
8156,1977,257,1,2005-07-28,"20:59:04",2005-08-01,"01:52:04"
8157,915,566,1,2005-07-28,"21:06:45",2005-08-04,"16:06:45"
8158,4327,458,2,2005-07-28,"21:08:46",2005-08-01,"21:50:46"
8159,1118,47,1,2005-07-28,"21:09:28",2005-08-04,"15:34:28"
8160,2446,138,2,2005-07-28,"21:10:30",2005-08-05,"16:52:30"
8161,848,555,1,2005-07-28,"21:11:00",2005-08-03,"23:32:00"
8162,4393,107,1,2005-07-28,"21:11:46",2005-08-04,"18:26:46"
8163,1919,157,1,2005-07-28,"21:11:48",2005-07-31,"18:30:48"
8164,1674,461,2,2005-07-28,"21:17:19",2005-07-30,"21:12:19"
8165,3460,197,1,2005-07-28,"21:23:06",2005-08-01,"21:32:06"
8166,3906,42,2,2005-07-28,"21:23:33",2005-08-03,"21:07:33"
8167,3181,311,1,2005-07-28,"21:25:45",2005-08-04,"18:04:45"
8168,1120,365,1,2005-07-28,"21:28:32",2005-07-30,"02:10:32"
8169,4086,366,1,2005-07-28,"21:29:46",2005-08-06,"22:29:46"
8170,2495,40,1,2005-07-28,"21:32:29",2005-08-03,"22:02:29"
8171,3380,296,1,2005-07-28,"21:32:57",2005-07-30,"21:19:57"
8172,1237,329,1,2005-07-28,"21:34:36",2005-08-06,"23:53:36"
8173,4377,332,2,2005-07-28,"21:35:44",2005-08-06,"19:15:44"
8174,465,359,1,2005-07-28,"21:36:52",2005-08-04,"00:32:52"
8175,641,429,2,2005-07-28,"21:38:16",2005-08-07,"01:34:16"
8176,3527,347,2,2005-07-28,"21:42:08",2005-08-03,"22:59:08"
8177,3696,122,2,2005-07-28,"21:43:54",2005-08-02,"22:38:54"
8178,2825,503,2,2005-07-28,"21:54:31",2005-08-02,"23:56:31"
8179,2902,578,2,2005-07-28,"22:05:13",2005-07-30,"21:57:13"
8180,3236,281,1,2005-07-28,"22:05:24",2005-08-01,"19:09:24"
8181,357,522,2,2005-07-28,"22:18:38",2005-08-06,"02:43:38"
8182,4120,427,2,2005-07-28,"22:19:12",2005-08-01,"22:40:12"
8183,1545,119,2,2005-07-28,"22:21:07",2005-08-04,"19:20:07"
8184,1249,160,1,2005-07-28,"22:22:35",2005-07-31,"19:30:35"
8185,2452,568,1,2005-07-28,"22:23:49",2005-07-31,"00:07:49"
8186,4255,102,1,2005-07-28,"22:30:27",2005-07-31,"21:08:27"
8187,945,87,1,2005-07-28,"22:33:53",2005-08-03,"03:54:53"
8188,3826,10,2,2005-07-28,"22:34:12",2005-08-01,"02:32:12"
8189,3515,361,2,2005-07-28,"22:36:26",2005-08-04,"00:12:26"
8190,2290,267,1,2005-07-28,"22:47:06",2005-08-04,"21:51:06"
8191,1777,508,2,2005-07-28,"22:47:14",2005-07-31,"23:13:14"
8192,255,552,1,2005-07-28,"22:49:11",2005-07-30,"04:13:11"
8193,2402,15,2,2005-07-28,"22:50:50",2005-08-01,"04:14:50"
8194,1148,424,1,2005-07-28,"22:51:44",2005-07-29,"17:13:44"
8195,3989,590,1,2005-07-28,"22:52:58",2005-08-04,"02:12:58"
8196,3435,21,1,2005-07-28,"22:56:11",2005-08-06,"04:53:11"
8197,4126,407,2,2005-07-28,"23:04:10",2005-08-05,"00:06:10"
8198,1767,356,2,2005-07-28,"23:08:05",2005-08-06,"00:43:05"
8199,404,471,1,2005-07-28,"23:10:25",2005-08-04,"23:30:25"
8200,353,185,1,2005-07-28,"23:10:46",2005-07-29,"18:35:46"
8201,220,567,2,2005-07-28,"23:10:48",2005-08-01,"00:50:48"
8202,3802,75,2,2005-07-28,"23:11:45",2005-08-03,"21:57:45"
8203,3878,100,2,2005-07-28,"23:14:56",2005-07-31,"04:19:56"
8204,2472,398,1,2005-07-28,"23:18:29",2005-08-02,"04:49:29"
8205,2944,434,2,2005-07-28,"23:18:48",2005-07-30,"00:37:48"
8206,2979,422,1,2005-07-28,"23:20:31",2005-08-04,"21:36:31"
8207,1195,475,1,2005-07-28,"23:26:31",2005-08-06,"03:26:31"
8208,1362,530,2,2005-07-28,"23:26:35",2005-08-01,"23:00:35"
8209,2484,127,2,2005-07-28,"23:29:28",2005-08-07,"04:22:28"
8210,3424,300,1,2005-07-28,"23:31:05",2005-08-06,"17:36:05"
8211,1859,193,1,2005-07-28,"23:34:22",2005-08-04,"21:18:22"
8212,1305,159,2,2005-07-28,"23:37:23",2005-08-04,"04:33:23"
8213,3816,17,2,2005-07-28,"23:37:33",2005-07-31,"00:32:33"
8214,352,509,2,2005-07-28,"23:37:57",2005-08-07,"00:29:57"
8215,2921,437,2,2005-07-28,"23:43:56",2005-08-03,"19:30:56"
8216,2211,254,1,2005-07-28,"23:43:59",2005-08-06,"05:05:59"
8217,3747,206,2,2005-07-28,"23:44:13",2005-08-03,"21:27:13"
8218,2769,578,1,2005-07-28,"23:45:41",2005-08-02,"00:14:41"
8219,3609,227,2,2005-07-28,"23:46:31",2005-08-03,"00:11:31"
8220,1061,360,2,2005-07-28,"23:46:41",2005-07-31,"22:14:41"
8221,3138,496,1,2005-07-28,"23:47:19",2005-08-02,"20:42:19"
8222,2999,278,1,2005-07-28,"23:51:53",2005-08-05,"22:48:53"
8223,4508,282,1,2005-07-28,"23:56:01",2005-08-03,"22:27:01"
8224,1995,467,1,2005-07-28,"23:59:02",2005-08-02,"04:54:02"
8225,3631,41,2,2005-07-28,"23:59:29",2005-07-30,"03:27:29"
8226,3541,368,2,2005-07-29,"00:01:04",2005-08-01,"19:08:04"
8227,269,167,1,2005-07-29,"00:02:22",2005-07-31,"04:05:22"
8228,1955,72,2,2005-07-29,"00:08:58",2005-08-03,"00:12:58"
8229,4272,498,2,2005-07-29,"00:09:08",2005-07-31,"19:29:08"
8230,1937,2,2,2005-07-29,"00:12:59",2005-08-06,"19:52:59"
8231,1083,331,1,2005-07-29,"00:14:37",2005-07-31,"19:12:37"
8232,3255,526,1,2005-07-29,"00:14:37",2005-08-06,"00:57:37"
8233,1640,93,2,2005-07-29,"00:16:23",2005-08-03,"05:17:23"
8234,644,227,2,2005-07-29,"00:19:20",2005-08-03,"19:16:20"
8235,1581,320,2,2005-07-29,"00:22:56",2005-08-03,"04:03:56"
8236,1901,369,2,2005-07-29,"00:27:04",2005-07-31,"05:02:04"
8237,608,441,1,2005-07-29,"00:29:56",2005-08-06,"03:10:56"
8238,2941,320,2,2005-07-29,"00:30:06",2005-08-02,"22:52:06"
8239,3951,549,1,2005-07-29,"00:31:39",2005-07-29,"19:33:39"
8240,1975,509,2,2005-07-29,"00:33:32",2005-08-05,"21:25:32"
8241,4297,26,1,2005-07-29,"00:33:36",2005-08-03,"01:31:36"
8242,509,99,2,2005-07-29,"00:34:27",2005-08-05,"23:13:27"
8243,1873,481,2,2005-07-29,"00:35:33",2005-08-04,"06:02:33"
8244,1552,175,2,2005-07-29,"00:35:34",2005-08-05,"04:18:34"
8245,3330,555,2,2005-07-29,"00:37:09",2005-08-05,"05:48:09"
8246,1724,146,2,2005-07-29,"00:38:41",2005-08-05,"06:28:41"
8247,2607,539,2,2005-07-29,"00:41:38",2005-08-06,"20:29:38"
8248,2017,272,2,2005-07-29,"00:41:56",2005-08-05,"18:53:56"
8249,3331,57,2,2005-07-29,"00:48:44",2005-08-07,"04:25:44"
8250,4519,533,1,2005-07-29,"00:49:15",2005-08-04,"02:53:15"
8251,2317,408,2,2005-07-29,"00:50:14",2005-08-03,"23:52:14"
8252,3312,257,1,2005-07-29,"00:54:17",2005-07-31,"20:34:17"
8253,2388,76,1,2005-07-29,"00:57:06",2005-08-07,"01:46:06"
8254,1787,392,2,2005-07-29,"00:59:31",2005-08-03,"23:43:31"
8255,3715,224,1,2005-07-29,"01:02:30",2005-08-01,"22:39:30"
8256,1483,537,2,2005-07-29,"01:02:42",2005-07-31,"22:29:42"
8257,3024,566,1,2005-07-29,"01:03:20",2005-08-04,"21:54:20"
8258,1379,370,2,2005-07-29,"01:03:42",2005-08-04,"22:08:42"
8259,343,274,2,2005-07-29,"01:05:16",2005-08-01,"23:27:16"
8260,4249,366,1,2005-07-29,"01:11:00",2005-08-06,"00:36:00"
8261,1915,50,2,2005-07-29,"01:11:05",2005-08-04,"03:13:05"
8262,1341,563,2,2005-07-29,"01:11:18",2005-08-02,"05:17:18"
8263,28,5,2,2005-07-29,"01:11:23",2005-07-31,"01:53:23"
8264,2987,175,2,2005-07-29,"01:18:50",2005-08-03,"05:31:50"
8265,2389,409,2,2005-07-29,"01:20:15",2005-08-06,"19:32:15"
8266,1972,196,1,2005-07-29,"01:20:16",2005-07-30,"04:31:16"
8267,4107,131,2,2005-07-29,"01:21:02",2005-08-04,"19:34:02"
8268,4239,421,1,2005-07-29,"01:23:23",2005-08-05,"01:36:23"
8269,2778,376,1,2005-07-29,"01:26:54",2005-08-04,"22:42:54"
8270,3565,282,1,2005-07-29,"01:27:22",2005-07-29,"20:55:22"
8271,83,481,2,2005-07-29,"01:27:44",2005-08-07,"05:01:44"
8272,70,346,2,2005-07-29,"01:29:51",2005-08-03,"21:56:51"
8273,4244,532,2,2005-07-29,"01:33:16",2005-08-06,"04:26:16"
8274,2634,340,2,2005-07-29,"01:34:32",2005-08-01,"20:15:32"
8275,4432,336,1,2005-07-29,"01:35:47",2005-07-30,"02:16:47"
8276,2451,466,1,2005-07-29,"01:38:43",2005-08-03,"23:00:43"
8277,1296,13,2,2005-07-29,"01:38:53",2005-08-04,"07:09:53"
8278,768,265,2,2005-07-29,"01:42:55",2005-08-05,"01:55:55"
8279,3838,176,1,2005-07-29,"01:43:37",2005-08-03,"02:36:37"
8280,1208,195,2,2005-07-29,"01:45:51",2005-08-05,"22:51:51"
8281,899,441,1,2005-07-29,"01:46:00",2005-08-04,"23:09:00"
8282,980,462,2,2005-07-29,"01:49:04",2005-08-05,"01:51:04"
8283,2002,300,2,2005-07-29,"01:52:22",2005-08-05,"03:22:22"
8284,4371,446,2,2005-07-29,"01:56:40",2005-08-07,"07:15:40"
8285,678,56,2,2005-07-29,"02:00:18",2005-08-03,"20:43:18"
8286,4092,87,1,2005-07-29,"02:02:46",2005-08-06,"06:00:46"
8287,812,178,1,2005-07-29,"02:03:58",2005-08-07,"02:11:58"
8288,1822,55,2,2005-07-29,"02:04:22",2005-08-05,"04:21:22"
8289,4579,459,2,2005-07-29,"02:23:24",2005-08-06,"03:23:24"
8290,3823,462,2,2005-07-29,"02:24:08",2005-08-03,"01:02:08"
8291,2817,455,2,2005-07-29,"02:28:25",2005-08-03,"20:57:25"
8292,4003,192,1,2005-07-29,"02:29:36",2005-08-07,"08:06:36"
8293,831,71,2,2005-07-29,"02:30:50",2005-08-04,"03:09:50"
8294,1811,520,1,2005-07-29,"02:32:41",2005-08-02,"06:28:41"
8295,2065,406,1,2005-07-29,"02:42:14",2005-07-30,"22:22:14"
8296,2543,88,1,2005-07-29,"02:43:25",2005-08-01,"00:23:25"
8297,3774,349,1,2005-07-29,"02:45:46",2005-07-31,"20:49:46"
8298,952,493,2,2005-07-29,"02:47:36",2005-08-05,"07:58:36"
8299,1797,173,2,2005-07-29,"02:56:00",2005-07-30,"22:35:00"
8300,4364,222,2,2005-07-29,"02:57:59",2005-08-05,"01:12:59"
8301,562,101,2,2005-07-29,"03:00:08",2005-08-01,"04:26:08"
8302,1314,103,2,2005-07-29,"03:01:24",2005-07-30,"01:08:24"
8303,1620,574,1,2005-07-29,"03:05:56",2005-08-04,"06:13:56"
8304,4431,119,2,2005-07-29,"03:08:30",2005-08-02,"03:04:30"
8305,3916,566,2,2005-07-29,"03:08:47",2005-08-06,"07:49:47"
8306,1708,232,1,2005-07-29,"03:12:26",2005-08-01,"23:26:26"
8307,3197,39,2,2005-07-29,"03:18:34",2005-08-06,"05:51:34"
8308,601,582,2,2005-07-29,"03:22:15",2005-08-04,"21:38:15"
8309,2250,446,1,2005-07-29,"03:22:20",2005-08-01,"06:30:20"
8310,2637,238,2,2005-07-29,"03:25:56",2005-08-06,"23:18:56"
8311,3623,63,1,2005-07-29,"03:26:07",2005-08-02,"01:46:07"
8312,3996,143,1,2005-07-29,"03:32:38",2005-07-31,"02:12:38"
8313,2736,91,1,2005-07-29,"03:34:21",2005-08-02,"01:32:21"
8314,2182,118,2,2005-07-29,"03:35:04",2005-08-06,"08:43:04"
8315,1420,135,2,2005-07-29,"03:37:07",2005-07-29,"23:22:07"
8316,4118,549,1,2005-07-29,"03:38:49",2005-08-03,"07:41:49"
8317,3898,415,1,2005-07-29,"03:39:07",2005-08-03,"00:14:07"
8318,4524,167,2,2005-07-29,"03:44:30",2005-07-30,"05:03:30"
8319,747,280,2,2005-07-29,"03:44:52",2005-08-01,"00:35:52"
8320,1285,513,1,2005-07-29,"03:49:58",2005-08-03,"01:00:58"
8321,1875,354,1,2005-07-29,"03:50:54",2005-08-01,"02:08:54"
8322,301,541,1,2005-07-29,"03:52:49",2005-08-02,"22:53:49"
8323,2766,87,2,2005-07-29,"03:52:59",2005-08-06,"01:49:59"
8324,1467,98,1,2005-07-29,"03:56:05",2005-08-02,"01:41:05"
8325,932,362,1,2005-07-29,"03:57:27",2005-08-06,"22:30:27"
8326,108,1,2,2005-07-29,"03:58:49",2005-08-01,"05:16:49"
8327,2928,317,1,2005-07-29,"04:00:52",2005-07-31,"08:27:52"
8328,4454,314,1,2005-07-29,"04:06:24",2005-08-03,"22:24:24"
8329,3468,108,1,2005-07-29,"04:06:33",2005-08-06,"01:46:33"
8330,2294,412,2,2005-07-29,"04:09:07",2005-08-05,"05:00:07"
8331,18,148,1,2005-07-29,"04:13:29",2005-08-04,"07:09:29"
8332,1142,217,1,2005-07-29,"04:16:00",2005-08-03,"03:34:00"
8333,823,494,2,2005-07-29,"04:16:40",2005-08-02,"10:10:40"
8334,982,154,2,2005-07-29,"04:18:25",2005-08-07,"07:18:25"
8335,1719,143,2,2005-07-29,"04:18:25",2005-07-31,"08:12:25"
8336,2120,210,1,2005-07-29,"04:20:42",2005-08-05,"10:17:42"
8337,752,157,2,2005-07-29,"04:31:55",2005-08-02,"02:38:55"
8338,2257,389,2,2005-07-29,"04:40:39",2005-08-07,"04:40:39"
8339,1870,129,2,2005-07-29,"04:41:13",2005-07-30,"09:01:13"
8340,1553,386,1,2005-07-29,"04:41:44",2005-08-07,"10:33:44"
8341,4208,309,1,2005-07-29,"04:42:01",2005-08-04,"00:58:01"
8342,3301,572,1,2005-07-29,"04:45:05",2005-08-01,"07:20:05"
8343,4267,439,1,2005-07-29,"04:45:16",2005-08-02,"03:37:16"
8344,221,257,1,2005-07-29,"04:45:25",2005-08-06,"01:53:25"
8345,1034,129,1,2005-07-29,"04:47:37",2005-08-02,"07:25:37"
8346,2475,385,1,2005-07-29,"04:48:22",2005-08-01,"04:22:22"
8347,4407,157,2,2005-07-29,"04:49:25",2005-07-31,"00:57:25"
8348,4533,174,2,2005-07-29,"04:49:26",2005-08-05,"03:26:26"
8349,534,416,1,2005-07-29,"04:50:22",2005-08-05,"08:50:22"
8350,3726,513,2,2005-07-29,"04:50:39",2005-07-31,"05:36:39"
8351,2963,202,2,2005-07-29,"04:50:53",2005-07-30,"07:28:53"
8352,2710,168,2,2005-07-29,"04:52:01",2005-08-06,"07:39:01"
8353,26,585,1,2005-07-29,"04:52:10",2005-07-30,"04:01:10"
8354,4476,579,2,2005-07-29,"04:56:26",2005-08-01,"08:04:26"
8355,4569,270,1,2005-07-29,"04:57:43",2005-08-03,"06:25:43"
8356,2951,483,1,2005-07-29,"04:58:56",2005-08-06,"03:07:56"
8357,892,76,1,2005-07-29,"04:59:44",2005-08-01,"04:26:44"
8358,1449,372,2,2005-07-29,"05:00:58",2005-08-01,"02:49:58"
8359,140,531,1,2005-07-29,"05:02:12",2005-08-04,"08:52:12"
8360,4135,62,1,2005-07-29,"05:08:00",2005-08-02,"00:40:00"
8361,3404,360,1,2005-07-29,"05:08:57",2005-08-03,"02:49:57"
8362,2287,223,2,2005-07-29,"05:09:11",2005-08-04,"00:08:11"
8363,1607,302,1,2005-07-29,"05:10:08",2005-08-06,"00:11:08"
8364,1361,362,2,2005-07-29,"05:10:31",2005-07-30,"04:02:31"
8365,53,280,2,2005-07-29,"05:11:00",2005-07-30,"05:30:00"
8366,479,39,1,2005-07-29,"05:11:14",2005-08-05,"01:48:14"
8367,4551,383,1,2005-07-29,"05:11:19",2005-08-02,"00:35:19"
8368,1410,200,1,2005-07-29,"05:15:41",2005-08-07,"01:35:41"
8369,1456,507,2,2005-07-29,"05:15:42",2005-08-01,"03:36:42"
8370,1206,121,1,2005-07-29,"05:16:21",2005-08-06,"23:16:21"
8371,2466,396,1,2005-07-29,"05:16:35",2005-07-31,"01:49:35"
8372,754,523,1,2005-07-29,"05:18:08",2005-08-06,"09:39:08"
8373,2070,457,1,2005-07-29,"05:19:53",2005-08-04,"04:39:53"
8374,1084,589,1,2005-07-29,"05:24:02",2005-08-05,"03:55:02"
8375,3634,125,2,2005-07-29,"05:25:30",2005-08-04,"01:43:30"
8376,3588,43,2,2005-07-29,"05:25:32",2005-08-01,"07:42:32"
8377,270,73,2,2005-07-29,"05:27:40",2005-07-30,"02:52:40"
8378,3500,347,1,2005-07-29,"05:28:35",2005-08-02,"05:55:35"
8379,3907,193,2,2005-07-29,"05:29:40",2005-08-06,"05:56:40"
8380,2279,145,1,2005-07-29,"05:31:29",2005-08-02,"01:27:29"
8381,865,313,1,2005-07-29,"05:31:44",2005-07-31,"09:20:44"
8382,317,238,1,2005-07-29,"05:33:21",2005-08-03,"03:38:21"
8383,3809,495,2,2005-07-29,"05:36:47",2005-08-03,"05:53:47"
8384,3807,227,2,2005-07-29,"05:38:43",2005-08-01,"07:31:43"
8385,4108,233,1,2005-07-29,"05:39:16",2005-08-03,"00:30:16"
8386,388,435,2,2005-07-29,"05:45:30",2005-08-05,"03:56:30"
8387,910,428,1,2005-07-29,"05:47:27",2005-07-31,"06:26:27"
8388,770,178,2,2005-07-29,"05:48:15",2005-08-05,"06:24:15"
8389,1241,133,2,2005-07-29,"05:50:09",2005-08-06,"05:15:09"
8390,581,32,2,2005-07-29,"05:52:26",2005-08-04,"08:12:26"
8391,2134,36,2,2005-07-29,"05:52:50",2005-08-03,"04:45:50"
8392,1323,65,2,2005-07-29,"06:00:27",2005-08-02,"00:30:27"
8393,3369,504,1,2005-07-29,"06:02:11",2005-08-07,"03:23:11"
8394,3933,148,1,2005-07-29,"06:02:14",2005-08-03,"08:15:14"
8395,1471,535,2,2005-07-29,"06:03:30",2005-07-31,"09:08:30"
8396,3911,516,2,2005-07-29,"06:07:00",2005-07-30,"05:32:00"
8397,3542,518,1,2005-07-29,"06:09:35",2005-08-01,"02:08:35"
8398,348,220,2,2005-07-29,"06:12:40",2005-08-02,"05:01:40"
8399,233,286,1,2005-07-29,"06:20:18",2005-08-04,"01:26:18"
8400,3680,573,2,2005-07-29,"06:23:56",2005-07-31,"02:41:56"
8401,3121,232,1,2005-07-29,"06:25:08",2005-08-01,"06:49:08"
8402,186,47,1,2005-07-29,"06:25:45",2005-08-07,"10:48:45"
8403,1360,163,1,2005-07-29,"06:26:39",2005-08-02,"05:37:39"
8404,2086,65,1,2005-07-29,"06:27:01",2005-08-07,"04:33:01"
8405,2164,76,2,2005-07-29,"06:28:19",2005-08-07,"08:14:19"
8406,2047,274,1,2005-07-29,"06:34:45",2005-08-06,"02:28:45"
8407,2985,336,1,2005-07-29,"06:37:02",2005-08-04,"03:13:02"
8408,1841,90,2,2005-07-29,"06:40:40",2005-07-30,"10:02:40"
8409,4314,303,1,2005-07-29,"06:41:22",2005-07-31,"11:21:22"
8410,3448,277,1,2005-07-29,"06:41:36",2005-08-02,"08:38:36"
8411,3085,412,1,2005-07-29,"06:44:23",2005-08-07,"03:56:23"
8412,743,312,1,2005-07-29,"06:44:50",2005-08-06,"05:04:50"
8413,2762,104,2,2005-07-29,"06:47:39",2005-08-02,"09:15:39"
8414,1337,433,2,2005-07-29,"06:48:35",2005-08-06,"10:54:35"
8415,2903,128,1,2005-07-29,"06:52:27",2005-08-02,"10:40:27"
8416,1999,315,2,2005-07-29,"06:52:54",2005-08-05,"09:50:54"
8417,750,227,2,2005-07-29,"06:53:36",2005-08-06,"09:31:36"
8418,3081,355,2,2005-07-29,"06:54:21",2005-08-05,"06:50:21"
8419,4574,37,1,2005-07-29,"06:54:48",2005-08-06,"05:02:48"
8420,4184,376,1,2005-07-29,"07:00:45",2005-08-06,"02:20:45"
8421,3399,588,2,2005-07-29,"07:00:47",2005-08-02,"08:03:47"
8422,3104,7,1,2005-07-29,"07:02:55",2005-08-03,"12:35:55"
8423,187,468,1,2005-07-29,"07:02:57",2005-08-06,"04:59:57"
8424,366,138,2,2005-07-29,"07:06:03",2005-08-06,"12:00:03"
8425,3491,486,2,2005-07-29,"07:06:21",2005-08-05,"07:57:21"
8426,1840,564,2,2005-07-29,"07:07:48",2005-08-07,"08:56:48"
8427,1624,441,2,2005-07-29,"07:08:36",2005-07-30,"11:54:36"
8428,2545,398,2,2005-07-29,"07:10:14",2005-08-06,"02:29:14"
8429,2456,588,1,2005-07-29,"07:11:49",2005-07-31,"02:45:49"
8430,3377,219,2,2005-07-29,"07:12:17",2005-08-03,"09:53:17"
8431,1583,193,1,2005-07-29,"07:12:48",2005-08-01,"10:03:48"
8432,3896,572,1,2005-07-29,"07:13:33",2005-07-30,"03:14:33"
8433,1957,125,1,2005-07-29,"07:19:16",2005-08-05,"03:29:16"
8434,40,141,2,2005-07-29,"07:20:14",2005-07-30,"08:50:14"
8435,4462,520,2,2005-07-29,"07:20:16",2005-08-02,"09:54:16"
8436,2702,598,2,2005-07-29,"07:21:20",2005-07-31,"12:56:20"
8437,2118,96,1,2005-07-29,"07:23:43",2005-08-04,"10:52:43"
8438,720,97,1,2005-07-29,"07:25:42",2005-08-04,"07:39:42"
8439,182,224,1,2005-07-29,"07:28:43",2005-08-04,"11:22:43"
8440,489,175,1,2005-07-29,"07:31:26",2005-08-04,"07:04:26"
8441,1000,526,2,2005-07-29,"07:33:05",2005-08-04,"04:00:05"
8442,4345,185,2,2005-07-29,"07:33:07",2005-08-03,"03:09:07"
8443,1059,251,2,2005-07-29,"07:33:12",2005-08-02,"01:36:12"
8444,3329,213,1,2005-07-29,"07:36:13",2005-08-05,"04:55:13"
8445,2792,384,1,2005-07-29,"07:37:48",2005-08-04,"10:43:48"
8446,1593,235,2,2005-07-29,"07:38:10",2005-08-06,"04:39:10"
8447,930,11,2,2005-07-29,"07:38:14",2005-08-05,"02:27:14"
8448,4349,393,1,2005-07-29,"07:41:54",2005-08-02,"13:12:54"
8449,2610,273,2,2005-07-29,"07:42:25",2005-07-30,"06:07:25"
8450,484,401,1,2005-07-29,"07:44:05",2005-08-01,"12:23:05"
8451,3309,495,1,2005-07-29,"07:44:56",2005-08-06,"02:29:56"
8452,4312,16,2,2005-07-29,"07:45:00",2005-08-05,"09:46:00"
8453,2907,32,1,2005-07-29,"07:46:29",2005-07-30,"07:07:29"
8454,159,244,2,2005-07-29,"07:49:04",2005-08-03,"04:43:04"
8455,4043,404,1,2005-07-29,"07:53:06",2005-08-05,"05:29:06"
8456,671,388,2,2005-07-29,"07:58:31",2005-08-05,"07:17:31"
8457,3371,239,1,2005-07-29,"07:59:03",2005-08-04,"08:42:03"
8458,3857,317,1,2005-07-29,"08:05:09",2005-08-02,"03:42:09"
8459,3441,144,1,2005-07-29,"08:05:40",2005-08-04,"03:24:40"
8460,2826,329,2,2005-07-29,"08:08:03",2005-08-07,"06:53:03"
8461,3373,399,1,2005-07-29,"08:11:31",2005-08-06,"09:23:31"
8462,3633,200,1,2005-07-29,"08:15:42",2005-08-04,"03:57:42"
8463,466,203,1,2005-07-29,"08:17:51",2005-08-03,"13:41:51"
8464,2343,28,2,2005-07-29,"08:18:20",2005-08-03,"04:50:20"
8465,4109,238,2,2005-07-29,"08:20:49",2005-07-31,"04:02:49"
8466,4010,285,1,2005-07-29,"08:24:47",2005-07-31,"03:43:47"
8467,263,326,2,2005-07-29,"08:25:35",2005-08-07,"03:28:35"
8468,1338,282,1,2005-07-29,"08:26:04",2005-08-02,"07:18:04"
8469,2754,408,2,2005-07-29,"08:26:27",2005-08-05,"04:26:27"
8470,3717,159,2,2005-07-29,"08:28:50",2005-07-30,"13:40:50"
8471,1520,533,1,2005-07-29,"08:32:11",2005-08-01,"13:55:11"
8472,2975,196,1,2005-07-29,"08:36:22",2005-08-02,"07:55:22"
8473,4141,311,1,2005-07-29,"08:36:53",2005-07-31,"12:14:53"
8474,4346,323,1,2005-07-29,"08:36:56",2005-08-01,"03:07:56"
8475,3695,260,2,2005-07-29,"08:37:41",2005-08-04,"10:03:41"
8476,3741,470,1,2005-07-29,"08:39:12",2005-08-06,"03:03:12"
8477,3571,354,2,2005-07-29,"08:40:36",2005-08-06,"08:28:36"
8478,3742,162,1,2005-07-29,"08:40:36",2005-08-01,"10:23:36"
8479,1990,195,1,2005-07-29,"08:42:04",2005-08-01,"03:10:04"
8480,3512,467,1,2005-07-29,"08:44:46",2005-08-05,"13:22:46"
8481,1739,454,2,2005-07-29,"08:45:57",2005-08-01,"12:50:57"
8482,2686,405,2,2005-07-29,"08:46:33",2005-07-31,"11:07:33"
8483,2786,186,1,2005-07-29,"08:50:18",2005-08-03,"06:46:18"
8484,742,260,1,2005-07-29,"08:51:59",2005-07-30,"09:07:59"
8485,3172,420,1,2005-07-29,"08:53:09",2005-07-30,"11:25:09"
8486,1759,221,2,2005-07-29,"08:53:38",2005-08-01,"14:12:38"
8487,1893,82,2,2005-07-29,"08:53:49",2005-07-31,"09:10:49"
8488,2176,478,1,2005-07-29,"08:57:38",2005-08-02,"04:16:38"
8489,375,265,2,2005-07-29,"08:58:03",2005-08-02,"07:50:03"
8490,1943,367,2,2005-07-29,"08:59:25",2005-08-05,"14:02:25"
8491,1806,242,1,2005-07-29,"09:02:13",2005-08-03,"04:32:13"
8492,4553,266,2,2005-07-29,"09:04:17",2005-08-02,"08:48:17"
8493,664,390,2,2005-07-29,"09:04:31",2005-08-04,"05:17:31"
8494,3524,92,1,2005-07-29,"09:04:32",2005-07-31,"10:30:32"
8495,344,51,2,2005-07-29,"09:05:06",2005-08-06,"05:48:06"
8496,765,114,1,2005-07-29,"09:05:33",2005-08-02,"06:32:33"
8497,1837,593,2,2005-07-29,"09:07:03",2005-08-02,"09:18:03"
8498,4468,190,1,2005-07-29,"09:07:38",2005-08-04,"07:01:38"
8499,219,42,1,2005-07-29,"09:10:41",2005-08-05,"10:01:41"
8500,4516,348,1,2005-07-29,"09:12:01",2005-07-31,"10:15:01"
8501,1052,309,2,2005-07-29,"09:12:51",2005-07-30,"11:19:51"
8502,2149,457,1,2005-07-29,"09:15:41",2005-07-30,"10:41:41"
8503,1164,240,2,2005-07-29,"09:16:50",2005-08-04,"11:34:50"
8504,2295,561,2,2005-07-29,"09:20:16",2005-08-07,"04:27:16"
8505,1454,346,1,2005-07-29,"09:22:52",2005-08-06,"05:23:52"
8506,3714,506,1,2005-07-29,"09:23:52",2005-07-31,"04:42:52"
8507,3273,524,2,2005-07-29,"09:29:44",2005-08-07,"05:48:44"
8508,4173,484,2,2005-07-29,"09:34:38",2005-08-01,"14:52:38"
8509,1332,80,1,2005-07-29,"09:38:19",2005-08-04,"11:45:19"
8510,7,487,2,2005-07-29,"09:41:38",2005-08-05,"05:30:38"
8511,3667,598,2,2005-07-29,"09:42:42",2005-08-06,"14:22:42"
8512,4132,351,1,2005-07-29,"09:48:03",2005-07-31,"13:40:03"
8513,3156,142,1,2005-07-29,"09:52:59",2005-07-31,"12:05:59"
8514,3755,99,2,2005-07-29,"09:53:33",2005-07-30,"06:34:33"
8515,1071,477,2,2005-07-29,"09:55:20",2005-08-05,"07:08:20"
8516,981,337,1,2005-07-29,"10:00:03",2005-08-02,"09:34:03"
8517,2064,274,2,2005-07-29,"10:00:48",2005-08-06,"14:37:48"
8518,2311,385,1,2005-07-29,"10:05:27",2005-08-02,"05:39:27"
8519,1163,588,2,2005-07-29,"10:09:43",2005-08-03,"08:14:43"
8520,2440,103,2,2005-07-29,"10:10:02",2005-08-02,"05:25:02"
8521,2608,402,2,2005-07-29,"10:12:45",2005-08-07,"04:37:45"
8522,3636,363,1,2005-07-29,"10:16:19",2005-08-06,"14:58:19"
8523,3614,558,1,2005-07-29,"10:18:27",2005-08-04,"09:31:27"
8524,2110,124,1,2005-07-29,"10:20:07",2005-08-03,"04:30:07"
8525,1322,111,2,2005-07-29,"10:20:19",2005-07-30,"05:49:19"
8526,575,88,1,2005-07-29,"10:20:48",2005-08-03,"14:15:48"
8527,709,168,2,2005-07-29,"10:21:00",2005-08-05,"16:05:00"
8528,2107,428,1,2005-07-29,"10:24:22",2005-08-07,"10:34:22"
8529,1055,501,1,2005-07-29,"10:24:31",2005-08-01,"16:06:31"
8530,4528,233,1,2005-07-29,"10:26:14",2005-07-31,"10:24:14"
8531,1631,427,1,2005-07-29,"10:26:15",2005-08-06,"09:28:15"
8532,3045,546,2,2005-07-29,"10:26:56",2005-08-02,"13:23:56"
8533,551,542,1,2005-07-29,"10:29:16",2005-08-01,"06:52:16"
8534,4029,516,1,2005-07-29,"10:30:13",2005-08-02,"04:47:13"
8535,4489,536,1,2005-07-29,"10:32:33",2005-07-31,"05:46:33"
8536,4510,219,2,2005-07-29,"10:37:23",2005-07-31,"07:21:23"
8537,1012,447,2,2005-07-29,"10:44:54",2005-08-06,"14:55:54"
8538,3768,500,1,2005-07-29,"10:45:17",2005-08-04,"15:12:17"
8539,599,325,2,2005-07-29,"10:48:24",2005-07-30,"06:29:24"
8540,539,180,2,2005-07-29,"10:52:51",2005-08-07,"11:44:51"
8541,976,340,1,2005-07-29,"10:55:01",2005-07-31,"10:53:01"
8542,792,213,1,2005-07-29,"11:01:50",2005-07-30,"08:19:50"
8543,403,346,1,2005-07-29,"11:01:57",2005-08-03,"06:03:57"
8544,412,542,2,2005-07-29,"11:02:08",2005-08-06,"15:06:08"
8545,3261,3,2,2005-07-29,"11:07:04",2005-08-06,"13:30:04"
8546,3224,418,2,2005-07-29,"11:08:48",2005-08-03,"16:50:48"
8547,875,438,1,2005-07-29,"11:10:15",2005-08-03,"12:50:15"
8548,3366,14,2,2005-07-29,"11:11:33",2005-08-04,"11:52:33"
8549,1866,206,2,2005-07-29,"11:12:13",2005-08-06,"06:04:13"
8550,1340,70,2,2005-07-29,"11:12:37",2005-07-30,"15:05:37"
8551,2083,340,2,2005-07-29,"11:13:11",2005-08-05,"05:17:11"
8552,1987,490,2,2005-07-29,"11:14:02",2005-08-05,"14:13:02"
8553,2645,49,1,2005-07-29,"11:15:36",2005-08-07,"16:37:36"
8554,1563,582,2,2005-07-29,"11:16:29",2005-07-31,"06:38:29"
8555,2784,18,2,2005-07-29,"11:18:01",2005-07-30,"10:47:01"
8556,2793,231,2,2005-07-29,"11:18:27",2005-07-30,"05:21:27"
8557,1481,459,1,2005-07-29,"11:19:59",2005-08-07,"12:50:59"
8558,1160,169,1,2005-07-29,"11:24:49",2005-07-31,"15:03:49"
8559,2078,279,2,2005-07-29,"11:25:54",2005-08-04,"10:16:54"
8560,3499,430,2,2005-07-29,"11:27:27",2005-08-01,"12:05:27"
8561,2207,344,1,2005-07-29,"11:29:12",2005-08-05,"09:17:12"
8562,3595,255,2,2005-07-29,"11:32:13",2005-07-30,"08:23:13"
8563,61,67,2,2005-07-29,"11:32:58",2005-08-05,"07:21:58"
8564,2830,316,1,2005-07-29,"11:33:00",2005-08-05,"15:35:00"
8565,3211,280,1,2005-07-29,"11:35:23",2005-08-06,"08:28:23"
8566,2011,544,1,2005-07-29,"11:35:46",2005-07-30,"13:50:46"
8567,1612,594,2,2005-07-29,"11:37:30",2005-08-03,"05:58:30"
8568,1599,583,2,2005-07-29,"11:38:22",2005-08-04,"13:22:22"
8569,276,348,2,2005-07-29,"11:39:17",2005-07-31,"07:50:17"
8570,3094,131,1,2005-07-29,"11:40:08",2005-08-06,"10:23:08"
8571,1778,407,2,2005-07-29,"11:48:39",2005-08-03,"06:35:39"
8572,2815,267,1,2005-07-29,"11:51:24",2005-08-02,"11:44:24"
8573,1637,179,1,2005-07-29,"11:51:25",2005-08-07,"08:53:25"
8574,2949,71,2,2005-07-29,"11:51:53",2005-08-03,"05:59:53"
8575,1668,441,2,2005-07-29,"11:52:47",2005-08-03,"08:14:47"
8576,3552,157,2,2005-07-29,"11:55:01",2005-08-03,"08:41:01"
8577,520,328,1,2005-07-29,"11:56:30",2005-08-07,"15:41:30"
8578,3737,148,1,2005-07-29,"11:58:14",2005-08-03,"06:25:14"
8579,4045,250,2,2005-07-29,"11:59:22",2005-07-30,"11:41:22"
8580,4040,543,1,2005-07-29,"12:00:27",2005-08-04,"16:39:27"
8581,2102,254,2,2005-07-29,"12:02:06",2005-08-02,"10:32:06"
8582,841,162,1,2005-07-29,"12:03:27",2005-08-03,"07:02:27"
8583,3130,191,1,2005-07-29,"12:04:50",2005-08-04,"17:21:50"
8584,1656,482,1,2005-07-29,"12:07:53",2005-07-31,"09:27:53"
8585,512,516,2,2005-07-29,"12:14:18",2005-08-03,"08:31:18"
8586,2752,374,1,2005-07-29,"12:16:34",2005-08-07,"06:48:34"
8587,1941,108,1,2005-07-29,"12:18:40",2005-08-03,"14:01:40"
8588,2858,416,1,2005-07-29,"12:22:20",2005-07-31,"10:49:20"
8589,1628,293,1,2005-07-29,"12:28:17",2005-08-05,"11:40:17"
8590,2505,114,1,2005-07-29,"12:32:20",2005-08-07,"08:00:20"
8591,2568,418,2,2005-07-29,"12:32:33",2005-08-01,"16:19:33"
8592,1952,271,2,2005-07-29,"12:33:58",2005-08-04,"07:14:58"
8593,2601,181,1,2005-07-29,"12:38:14",2005-08-07,"07:04:14"
8594,4155,115,1,2005-07-29,"12:42:13",2005-08-02,"07:38:13"
8595,3225,423,2,2005-07-29,"12:47:43",2005-08-07,"13:51:43"
8596,59,233,2,2005-07-29,"12:48:54",2005-08-04,"07:19:54"
8597,4218,222,1,2005-07-29,"12:55:55",2005-08-05,"18:54:55"
8598,626,2,2,2005-07-29,"12:56:59",2005-08-01,"08:39:59"
8599,1169,545,1,2005-07-29,"12:58:52",2005-08-03,"08:19:52"
8600,1488,226,2,2005-07-29,"13:01:19",2005-07-31,"15:40:19"
8601,3247,181,1,2005-07-29,"13:03:31",2005-08-06,"16:32:31"
8602,4002,64,2,2005-07-29,"13:04:27",2005-08-03,"12:21:27"
8603,3007,594,2,2005-07-29,"13:07:07",2005-08-04,"18:32:07"
8604,3909,326,2,2005-07-29,"13:07:13",2005-07-31,"18:00:13"
8605,3805,224,1,2005-07-29,"13:13:34",2005-08-07,"08:29:34"
8606,4051,340,1,2005-07-29,"13:14:24",2005-07-30,"14:52:24"
8607,4290,336,2,2005-07-29,"13:18:00",2005-07-30,"18:51:00"
8608,2976,165,2,2005-07-29,"13:18:52",2005-07-30,"19:01:52"
8609,3997,354,2,2005-07-29,"13:19:25",2005-08-06,"08:33:25"
8610,4222,563,2,2005-07-29,"13:25:02",2005-08-03,"08:10:02"
8611,610,373,2,2005-07-29,"13:26:21",2005-08-07,"18:20:21"
8612,3518,392,2,2005-07-29,"13:28:20",2005-08-06,"14:39:20"
8613,394,411,2,2005-07-29,"13:30:58",2005-08-05,"16:21:58"
8614,604,552,1,2005-07-29,"13:32:05",2005-08-04,"15:26:05"
8615,4453,15,1,2005-07-29,"13:36:01",2005-08-03,"13:15:01"
8616,2583,493,1,2005-07-29,"13:39:09",2005-08-01,"16:49:09"
8617,385,441,2,2005-07-29,"13:46:14",2005-08-06,"13:26:14"
8618,985,270,2,2005-07-29,"13:48:20",2005-08-06,"14:12:20"
8619,2169,50,1,2005-07-29,"13:50:08",2005-08-06,"13:15:08"
8620,3718,306,1,2005-07-29,"13:51:20",2005-08-02,"13:05:20"
8621,2473,358,2,2005-07-29,"13:52:42",2005-07-30,"11:42:42"
8622,4076,98,2,2005-07-29,"13:53:28",2005-07-31,"16:12:28"
8623,458,142,1,2005-07-29,"13:55:11",2005-08-05,"11:16:11"
8624,4402,439,2,2005-07-29,"13:55:36",2005-08-02,"12:23:36"
8625,884,410,2,2005-07-29,"13:59:13",2005-08-07,"17:56:13"
8626,3092,148,1,2005-07-29,"14:03:20",2005-08-02,"09:05:20"
8627,4235,226,2,2005-07-29,"14:05:12",2005-08-05,"16:53:12"
8628,4484,550,2,2005-07-29,"14:06:24",2005-08-06,"10:42:24"
8629,853,567,2,2005-07-29,"14:06:35",2005-08-03,"16:59:35"
8630,1378,406,2,2005-07-29,"14:07:59",2005-08-03,"13:18:59"
8631,98,559,1,2005-07-29,"14:08:06",2005-08-05,"14:57:06"
8632,1666,563,1,2005-07-29,"14:11:25",2005-08-07,"15:32:25"
8633,3436,534,2,2005-07-29,"14:19:53",2005-08-01,"11:31:53"
8634,2023,335,1,2005-07-29,"14:19:57",2005-08-07,"13:44:57"
8635,2894,383,2,2005-07-29,"14:22:48",2005-08-01,"11:59:48"
8636,4308,252,1,2005-07-29,"14:24:13",2005-08-02,"14:39:13"
8637,1069,310,1,2005-07-29,"14:30:11",2005-08-04,"14:00:11"
8638,4060,571,1,2005-07-29,"14:30:23",2005-08-01,"10:32:23"
8639,3504,290,1,2005-07-29,"14:30:31",2005-08-02,"16:04:31"
8640,1874,257,2,2005-07-29,"14:34:17",2005-08-01,"13:09:17"
8641,3199,30,2,2005-07-29,"14:37:30",2005-08-02,"19:32:30"
8642,3947,522,1,2005-07-29,"14:38:17",2005-08-03,"14:41:17"
8643,381,59,1,2005-07-29,"14:45:23",2005-08-04,"18:42:23"
8644,4507,314,2,2005-07-29,"14:45:45",2005-08-03,"20:10:45"
8645,2532,535,2,2005-07-29,"14:47:45",2005-07-30,"14:56:45"
8646,89,302,2,2005-07-29,"14:48:48",2005-08-03,"18:11:48"
8647,556,307,2,2005-07-29,"14:52:59",2005-08-06,"11:09:59"
8648,160,416,2,2005-07-29,"14:56:21",2005-07-31,"16:56:21"
8649,789,69,2,2005-07-29,"14:57:33",2005-08-07,"09:43:33"
8650,1272,134,2,2005-07-29,"14:59:04",2005-08-04,"13:13:04"
8651,2095,61,2,2005-07-29,"15:02:18",2005-08-07,"09:34:18"
8652,2729,219,2,2005-07-29,"15:02:54",2005-08-07,"17:21:54"
8653,4440,230,2,2005-07-29,"15:04:23",2005-08-02,"09:39:23"
8654,3925,84,1,2005-07-29,"15:04:27",2005-08-07,"18:37:27"
8655,3986,232,1,2005-07-29,"15:04:42",2005-08-04,"11:26:42"
8656,1385,460,2,2005-07-29,"15:05:52",2005-07-31,"20:57:52"
8657,3194,236,1,2005-07-29,"15:09:25",2005-07-31,"19:10:25"
8658,2033,427,2,2005-07-29,"15:16:37",2005-08-07,"20:45:37"
8659,558,168,2,2005-07-29,"15:26:31",2005-08-06,"19:05:31"
8660,3122,566,2,2005-07-29,"15:26:59",2005-08-05,"21:04:59"
8661,3409,341,2,2005-07-29,"15:28:24",2005-08-05,"20:04:24"
8662,3758,362,2,2005-07-29,"15:31:33",2005-07-30,"09:39:33"
8663,1281,214,1,2005-07-29,"15:33:18",2005-07-30,"18:03:18"
8664,198,102,1,2005-07-29,"15:36:27",2005-08-04,"20:11:27"
8665,1113,265,2,2005-07-29,"15:39:29",2005-08-01,"10:33:29"
8666,3669,591,1,2005-07-29,"15:39:38",2005-08-06,"17:12:38"
8667,3439,25,1,2005-07-29,"15:40:57",2005-07-31,"20:59:57"
8668,4531,71,2,2005-07-29,"15:41:31",2005-08-01,"16:20:31"
8669,1667,401,2,2005-07-29,"15:44:55",2005-08-01,"14:09:55"
8670,2354,446,2,2005-07-29,"15:49:03",2005-08-01,"20:19:03"
8671,1431,577,1,2005-07-29,"15:49:37",2005-08-05,"18:20:37"
8672,405,495,2,2005-07-29,"15:49:48",2005-08-06,"17:59:48"
8673,2167,29,1,2005-07-29,"15:50:14",2005-08-03,"18:30:14"
8674,1744,412,1,2005-07-29,"15:54:22",2005-07-31,"12:15:22"
8675,1026,258,1,2005-07-29,"15:56:18",2005-07-30,"18:50:18"
8676,283,533,2,2005-07-29,"15:59:06",2005-08-05,"19:12:06"
8677,513,315,2,2005-07-29,"16:01:13",2005-08-07,"19:21:13"
8678,3991,210,1,2005-07-29,"16:04:00",2005-08-05,"12:37:00"
8679,3549,536,1,2005-07-29,"16:07:47",2005-08-02,"18:37:47"
8680,1227,330,1,2005-07-29,"16:08:03",2005-07-31,"17:26:03"
8681,4004,309,2,2005-07-29,"16:12:01",2005-08-01,"18:14:01"
8682,4328,348,2,2005-07-29,"16:15:26",2005-08-03,"20:15:26"
8683,3915,513,1,2005-07-29,"16:15:43",2005-08-07,"19:19:43"
8684,2457,185,2,2005-07-29,"16:16:33",2005-08-07,"12:27:33"
8685,1827,321,1,2005-07-29,"16:17:05",2005-08-07,"17:44:05"
8686,4160,52,2,2005-07-29,"16:17:49",2005-08-01,"12:50:49"
8687,222,117,1,2005-07-29,"16:19:17",2005-08-01,"15:28:17"
8688,2263,381,1,2005-07-29,"16:31:32",2005-07-30,"12:39:32"
8689,824,487,2,2005-07-29,"16:38:58",2005-08-01,"17:09:58"
8690,1292,291,2,2005-07-29,"16:39:28",2005-08-01,"14:03:28"
8691,672,446,2,2005-07-29,"16:41:23",2005-08-02,"12:32:23"
8692,3192,88,2,2005-07-29,"16:43:39",2005-08-01,"15:54:39"
8693,917,51,1,2005-07-29,"16:44:13",2005-08-01,"15:56:13"
8694,503,345,1,2005-07-29,"16:44:48",2005-08-06,"16:28:48"
8695,694,280,1,2005-07-29,"16:44:55",2005-08-07,"12:47:55"
8696,2553,178,1,2005-07-29,"16:45:18",2005-08-07,"18:51:18"
8697,443,291,2,2005-07-29,"16:46:07",2005-08-02,"19:27:07"
8698,2973,324,2,2005-07-29,"16:52:17",2005-08-04,"13:20:17"
8699,4080,123,1,2005-07-29,"16:53:00",2005-08-07,"20:31:00"
8700,3710,196,2,2005-07-29,"16:56:01",2005-07-31,"16:19:01"
8701,3158,245,2,2005-07-29,"17:02:35",2005-08-07,"19:55:35"
8702,2215,306,2,2005-07-29,"17:04:37",2005-08-05,"15:30:37"
8703,1065,439,1,2005-07-29,"17:12:44",2005-07-30,"19:38:44"
8704,2117,107,2,2005-07-29,"17:13:45",2005-08-03,"20:03:45"
8705,4038,2,1,2005-07-29,"17:14:29",2005-08-02,"16:01:29"
8706,2886,515,1,2005-07-29,"17:19:15",2005-08-03,"22:52:15"
8707,2525,157,2,2005-07-29,"17:21:58",2005-08-02,"14:47:58"
8708,4054,529,1,2005-07-29,"17:24:13",2005-08-04,"13:57:13"
8709,902,199,1,2005-07-29,"17:25:54",2005-08-02,"22:35:54"
8710,3391,566,1,2005-07-29,"17:26:03",2005-07-30,"19:51:03"
8711,3471,575,1,2005-07-29,"17:27:15",2005-07-31,"12:57:15"
8712,2800,41,2,2005-07-29,"17:30:06",2005-08-03,"22:55:06"
8713,473,433,2,2005-07-29,"17:31:19",2005-08-02,"16:37:19"
8714,4547,362,2,2005-07-29,"17:31:40",2005-08-04,"16:12:40"
8715,860,11,1,2005-07-29,"17:33:45",2005-08-01,"17:30:45"
8716,2123,48,2,2005-07-29,"17:39:09",2005-08-03,"20:26:09"
8717,1821,260,2,2005-07-29,"17:40:45",2005-08-01,"22:38:45"
8718,137,23,2,2005-07-29,"17:41:14",2005-08-01,"18:22:14"
8719,995,333,1,2005-07-29,"17:45:45",2005-08-01,"13:53:45"
8720,152,180,2,2005-07-29,"17:48:32",2005-08-04,"14:30:32"
8721,2416,312,2,2005-07-29,"17:56:21",2005-08-02,"21:30:21"
8722,1389,401,1,2005-07-29,"17:58:58",2005-08-07,"23:40:58"
8723,224,39,1,2005-07-29,"18:03:47",2005-08-06,"18:53:47"
8724,898,372,1,2005-07-29,"18:05:21",2005-08-01,"15:41:21"
8725,2385,421,2,2005-07-29,"18:08:42",2005-08-04,"16:01:42"
8726,897,409,1,2005-07-29,"18:09:22",2005-08-06,"16:24:22"
8727,3031,528,2,2005-07-29,"18:09:57",2005-08-03,"13:41:57"
8728,973,341,1,2005-07-29,"18:12:49",2005-08-06,"22:45:49"
8729,3342,83,2,2005-07-29,"18:23:02",2005-07-31,"16:09:02"
8730,4191,592,1,2005-07-29,"18:23:34",2005-08-01,"19:56:34"
8731,2638,179,1,2005-07-29,"18:23:57",2005-08-05,"19:38:57"
8732,1143,346,2,2005-07-29,"18:25:03",2005-08-07,"18:56:03"
8733,3187,450,1,2005-07-29,"18:26:34",2005-08-03,"15:06:34"
8734,2374,303,1,2005-07-29,"18:28:15",2005-08-05,"23:38:15"
8735,2881,570,2,2005-07-29,"18:28:54",2005-08-03,"12:43:54"
8736,1726,530,2,2005-07-29,"18:31:15",2005-07-30,"16:24:15"
8737,4154,298,2,2005-07-29,"18:32:13",2005-08-05,"21:07:13"
8738,3893,210,2,2005-07-29,"18:32:47",2005-08-02,"13:05:47"
8739,4310,326,1,2005-07-29,"18:34:33",2005-08-02,"16:05:33"
8740,3781,378,1,2005-07-29,"18:41:31",2005-08-01,"18:38:31"
8741,165,4,2,2005-07-29,"18:44:57",2005-08-03,"18:25:57"
8742,918,208,1,2005-07-29,"18:56:12",2005-08-03,"16:42:12"
8743,2664,282,2,2005-07-29,"18:57:01",2005-07-31,"22:09:01"
8744,1086,280,1,2005-07-29,"18:58:24",2005-08-05,"17:56:24"
8745,1766,293,2,2005-07-29,"19:03:05",2005-08-06,"14:06:05"
8746,2179,275,1,2005-07-29,"19:03:15",2005-07-30,"17:06:15"
8747,2584,70,1,2005-07-29,"19:07:57",2005-07-30,"16:01:57"
8748,2184,237,1,2005-07-29,"19:08:37",2005-08-01,"16:24:37"
8749,2252,456,1,2005-07-29,"19:13:15",2005-08-01,"15:02:15"
8750,3157,158,2,2005-07-29,"19:14:21",2005-07-31,"17:22:21"
8751,3467,386,1,2005-07-29,"19:14:39",2005-07-31,"23:11:39"
8752,4202,253,1,2005-07-29,"19:15:07",2005-07-31,"13:27:07"
8753,1345,560,2,2005-07-29,"19:15:50",2005-07-31,"19:13:50"
8754,1678,174,2,2005-07-29,"19:18:30",2005-08-05,"18:39:30"
8755,1498,372,2,2005-07-29,"19:18:31",2005-07-31,"19:20:31"
8756,4146,120,2,2005-07-29,"19:18:57",2005-08-02,"20:07:57"
8757,3473,462,2,2005-07-29,"19:19:10",2005-08-02,"13:47:10"
8758,2816,442,2,2005-07-29,"19:20:49",2005-08-05,"21:57:49"
8759,844,209,2,2005-07-29,"19:22:37",2005-08-07,"15:36:37"
8760,3566,118,2,2005-07-29,"19:22:40",2005-08-05,"01:09:40"
8761,1317,539,1,2005-07-29,"19:26:47",2005-08-08,"00:09:47"
8762,2765,463,1,2005-07-29,"19:30:02",2005-08-04,"18:38:02"
8763,374,510,1,2005-07-29,"19:38:24",2005-08-04,"16:51:24"
8764,2348,303,1,2005-07-29,"19:39:04",2005-08-01,"13:52:04"
8765,2631,538,2,2005-07-29,"19:40:08",2005-07-31,"14:24:08"
8766,3888,338,2,2005-07-29,"19:41:04",2005-08-02,"00:41:04"
8767,962,467,2,2005-07-29,"19:42:33",2005-08-01,"20:52:33"
8768,1601,468,1,2005-07-29,"19:43:02",2005-08-03,"23:36:02"
8769,2180,588,2,2005-07-29,"19:45:33",2005-08-05,"22:09:33"
8770,4025,499,1,2005-07-29,"19:53:50",2005-08-05,"14:22:50"
8771,3533,347,1,2005-07-29,"19:54:41",2005-08-03,"20:38:41"
8772,3526,122,1,2005-07-29,"19:55:25",2005-08-05,"18:48:25"
8773,131,592,1,2005-07-29,"19:55:34",2005-07-30,"14:11:34"
8774,315,161,1,2005-07-29,"20:05:04",2005-07-31,"14:32:04"
8775,1358,44,1,2005-07-29,"20:05:38",2005-07-30,"21:13:38"
8776,1565,587,2,2005-07-29,"20:07:06",2005-08-06,"20:42:06"
8777,2462,382,2,2005-07-29,"20:10:21",2005-07-30,"20:32:21"
8778,3654,582,1,2005-07-29,"20:14:25",2005-08-04,"00:50:25"
8779,3245,202,1,2005-07-29,"20:15:00",2005-08-03,"21:17:00"
8780,1095,328,2,2005-07-29,"20:19:45",2005-08-03,"22:22:45"
8781,3746,235,2,2005-07-29,"20:20:16",2005-07-30,"16:19:16"
8782,4379,365,1,2005-07-29,"20:29:34",2005-08-04,"02:19:34"
8783,2316,71,2,2005-07-29,"20:31:28",2005-08-02,"19:33:28"
8784,2308,580,1,2005-07-29,"20:35:37",2005-07-30,"17:22:37"
8785,216,42,1,2005-07-29,"20:36:26",2005-07-30,"15:06:26"
8786,2404,533,1,2005-07-29,"20:39:49",2005-08-03,"18:08:49"
8787,2366,222,1,2005-07-29,"20:43:49",2005-07-31,"15:15:49"
8788,3412,121,2,2005-07-29,"20:46:44",2005-08-03,"02:25:44"
8789,3062,71,1,2005-07-29,"20:47:27",2005-08-05,"18:36:27"
8790,751,323,2,2005-07-29,"20:51:41",2005-07-30,"17:30:41"
8791,1677,469,1,2005-07-29,"20:53:23",2005-07-31,"18:14:23"
8792,3764,203,2,2005-07-29,"20:56:14",2005-08-07,"16:44:14"
8793,1819,167,2,2005-07-29,"20:57:22",2005-08-02,"01:40:22"
8794,3509,320,2,2005-07-29,"20:59:38",2005-07-31,"00:15:38"
8795,1896,302,2,2005-07-29,"21:04:14",2005-07-31,"02:58:14"
8796,2234,74,1,2005-07-29,"21:09:11",2005-08-04,"22:55:11"
8797,2929,566,1,2005-07-29,"21:10:37",2005-08-07,"21:43:37"
8798,800,513,2,2005-07-29,"21:15:38",2005-08-05,"02:46:38"
8799,326,237,2,2005-07-29,"21:16:47",2005-08-07,"22:09:47"
8800,2082,207,2,2005-07-29,"21:18:59",2005-08-06,"19:59:59"
8801,1111,590,1,2005-07-29,"21:25:22",2005-08-01,"00:02:22"
8802,296,407,2,2005-07-29,"21:25:51",2005-07-30,"18:15:51"
8803,2814,86,2,2005-07-29,"21:26:24",2005-08-06,"18:05:24"
8804,4461,363,2,2005-07-29,"21:28:19",2005-08-01,"20:15:19"
8805,4041,39,1,2005-07-29,"21:29:58",2005-08-04,"23:12:58"
8806,4085,454,1,2005-07-29,"21:36:34",2005-08-02,"00:58:34"
8807,2612,396,1,2005-07-29,"21:36:59",2005-08-01,"17:40:59"
8808,593,173,2,2005-07-29,"21:39:07",2005-08-03,"02:09:07"
8809,3278,8,1,2005-07-29,"21:42:49",2005-08-04,"01:13:49"
8810,1233,431,2,2005-07-29,"21:45:19",2005-08-08,"01:45:19"
8811,2041,245,2,2005-07-29,"21:46:21",2005-08-07,"16:51:21"
8812,1172,563,2,2005-07-29,"21:47:40",2005-08-04,"01:18:40"
8813,3442,497,1,2005-07-29,"21:47:55",2005-08-05,"01:16:55"
8814,1492,487,1,2005-07-29,"21:49:43",2005-08-01,"19:56:43"
8815,3469,230,1,2005-07-29,"21:51:26",2005-08-03,"22:37:26"
8816,3984,209,1,2005-07-29,"21:53:00",2005-08-01,"21:20:00"
8817,2716,175,1,2005-07-29,"22:09:08",2005-08-01,"19:07:08"
8818,3090,98,1,2005-07-29,"22:14:04",2005-08-07,"17:26:04"
8819,3100,591,2,2005-07-29,"22:14:26",2005-08-06,"23:02:26"
8820,481,594,2,2005-07-29,"22:14:56",2005-08-05,"23:36:56"
8821,52,477,1,2005-07-29,"22:18:12",2005-08-05,"22:00:12"
8822,744,35,2,2005-07-29,"22:20:21",2005-08-06,"03:00:21"
8823,951,75,1,2005-07-29,"22:22:12",2005-08-07,"21:03:12"
8824,3506,164,2,2005-07-29,"22:22:58",2005-07-31,"21:02:58"
8825,881,101,2,2005-07-29,"22:24:16",2005-08-05,"00:27:16"
8826,1800,369,1,2005-07-29,"22:30:16",2005-07-30,"19:43:16"
8827,1517,157,2,2005-07-29,"22:31:24",2005-08-06,"21:05:24"
8828,1608,547,1,2005-07-29,"22:32:54",2005-07-30,"20:41:54"
8829,1466,173,2,2005-07-29,"22:33:34",2005-08-05,"20:23:34"
8830,1751,202,2,2005-07-29,"22:34:35",2005-08-05,"20:12:35"
8831,3520,13,1,2005-07-29,"22:37:41",2005-08-08,"04:28:41"
8832,380,125,1,2005-07-29,"22:37:49",2005-08-04,"23:32:49"
8833,1741,101,1,2005-07-29,"22:39:36",2005-08-05,"21:19:36"
8834,4477,243,2,2005-07-29,"22:41:48",2005-08-05,"03:21:48"
8835,2653,237,1,2005-07-29,"22:44:35",2005-08-05,"23:28:35"
8836,3265,14,2,2005-07-29,"22:46:08",2005-08-02,"19:53:08"
8837,42,372,2,2005-07-29,"22:49:00",2005-08-07,"21:56:00"
8838,133,550,1,2005-07-29,"22:52:23",2005-08-03,"22:49:23"
8839,3440,580,2,2005-07-29,"22:52:34",2005-08-05,"03:24:34"
8840,1484,295,1,2005-07-29,"22:55:38",2005-08-06,"02:11:38"
8841,3935,363,2,2005-07-29,"22:56:07",2005-08-01,"21:21:07"
8842,4203,292,2,2005-07-29,"23:03:40",2005-08-06,"23:23:40"
8843,406,294,1,2005-07-29,"23:04:25",2005-08-05,"22:12:25"
8844,327,244,2,2005-07-29,"23:05:08",2005-08-06,"00:24:08"
8845,3036,543,1,2005-07-29,"23:06:13",2005-08-02,"20:16:13"
8846,2912,108,2,2005-07-29,"23:10:28",2005-08-03,"22:07:28"
8847,4133,480,1,2005-07-29,"23:13:41",2005-07-31,"23:55:41"
8848,2972,545,2,2005-07-29,"23:20:58",2005-08-03,"17:28:58"
8849,4300,79,1,2005-07-29,"23:21:01",2005-08-03,"20:01:01"
8850,355,86,2,2005-07-29,"23:24:20",2005-07-31,"00:43:20"
8851,212,445,2,2005-07-29,"23:26:19",2005-08-05,"03:59:19"
8852,1138,42,2,2005-07-29,"23:30:03",2005-08-05,"05:22:03"
8853,2323,58,2,2005-07-29,"23:34:21",2005-07-31,"21:20:21"
8854,1365,527,2,2005-07-29,"23:40:07",2005-08-01,"00:35:07"
8855,4388,335,2,2005-07-29,"23:40:10",2005-08-02,"18:07:10"
8856,2942,365,1,2005-07-29,"23:42:00",2005-08-07,"03:00:00"
8857,1348,477,2,2005-07-29,"23:44:22",2005-07-31,"21:32:22"
8858,2378,558,2,2005-07-29,"23:44:35",2005-08-01,"05:25:35"
8859,603,216,2,2005-07-29,"23:44:43",2005-08-07,"18:14:43"
8860,2841,531,2,2005-07-29,"23:45:57",2005-08-06,"02:14:57"
8861,759,560,1,2005-07-29,"23:47:29",2005-08-07,"01:27:29"
8862,916,21,1,2005-07-29,"23:49:23",2005-08-04,"20:11:23"
8863,75,47,1,2005-07-29,"23:52:01",2005-08-04,"20:28:01"
8864,2321,167,1,2005-07-29,"23:52:12",2005-07-30,"22:12:12"
8865,1835,305,2,2005-07-29,"23:54:54",2005-07-31,"05:10:54"
8866,1530,44,2,2005-07-29,"23:58:19",2005-08-01,"05:19:19"
8867,1388,497,2,2005-07-30,"00:02:18",2005-08-04,"00:44:18"
8868,1229,512,2,2005-07-30,"00:02:26",2005-08-01,"22:28:26"
8869,4353,308,2,2005-07-30,"00:06:32",2005-07-31,"20:49:32"
8870,4104,90,2,2005-07-30,"00:08:08",2005-08-08,"00:15:08"
8871,4535,382,1,2005-07-30,"00:12:41",2005-08-08,"03:53:41"
8872,2669,186,1,2005-07-30,"00:13:54",2005-08-01,"18:34:54"
8873,3498,91,2,2005-07-30,"00:14:32",2005-08-04,"20:42:32"
8874,459,564,2,2005-07-30,"00:14:45",2005-08-02,"22:34:45"
8875,1294,121,2,2005-07-30,"00:15:09",2005-08-04,"02:54:09"
8876,2394,579,1,2005-07-30,"00:15:09",2005-08-02,"23:56:09"
8877,1140,417,1,2005-07-30,"00:15:22",2005-07-31,"00:53:22"
8878,440,25,2,2005-07-30,"00:15:57",2005-08-01,"00:22:57"
8879,2956,584,2,2005-07-30,"00:16:02",2005-08-06,"20:10:02"
8880,2920,51,1,2005-07-30,"00:16:55",2005-08-01,"01:05:55"
8881,2012,118,1,2005-07-30,"00:22:31",2005-08-04,"19:10:31"
8882,441,410,2,2005-07-30,"00:24:05",2005-08-03,"19:48:05"
8883,1421,168,2,2005-07-30,"00:24:48",2005-08-04,"00:24:48"
8884,3050,80,1,2005-07-30,"00:26:22",2005-08-05,"03:24:22"
8885,2984,135,1,2005-07-30,"00:36:26",2005-08-06,"03:05:26"
8886,1469,418,1,2005-07-30,"00:36:31",2005-08-08,"06:18:31"
8887,4119,389,1,2005-07-30,"00:36:54",2005-08-04,"19:07:54"
8888,2824,284,2,2005-07-30,"00:39:36",2005-08-01,"02:28:36"
8889,3457,558,1,2005-07-30,"00:39:43",2005-08-02,"23:22:43"
8890,3656,470,1,2005-07-30,"00:42:06",2005-08-05,"21:04:06"
8891,4093,435,2,2005-07-30,"00:46:55",2005-08-06,"23:32:55"
8892,1584,184,2,2005-07-30,"00:47:03",2005-08-06,"03:23:03"
8893,1048,147,1,2005-07-30,"00:48:19",2005-08-01,"03:25:19"
8894,2055,552,1,2005-07-30,"00:48:31",2005-07-31,"05:49:31"
8895,3217,494,1,2005-07-30,"00:49:17",2005-07-31,"01:56:17"
8896,3560,205,1,2005-07-30,"00:51:21",2005-07-31,"22:33:21"
8897,1964,459,1,2005-07-30,"01:00:17",2005-08-01,"03:41:17"
8898,3961,452,2,2005-07-30,"01:02:20",2005-08-05,"22:02:20"
8899,4148,252,1,2005-07-30,"01:05:30",2005-08-01,"23:32:30"
8900,3057,375,1,2005-07-30,"01:07:03",2005-08-06,"04:07:03"
8901,4392,28,1,2005-07-30,"01:07:12",2005-08-02,"06:34:12"
8902,2983,408,2,2005-07-30,"01:08:06",2005-08-05,"00:00:06"
8903,4546,406,2,2005-07-30,"01:08:06",2005-07-30,"21:47:06"
8904,3622,575,1,2005-07-30,"01:08:33",2005-08-04,"02:33:33"
8905,2154,240,1,2005-07-30,"01:11:11",2005-08-04,"22:39:11"
8906,2667,560,2,2005-07-30,"01:21:39",2005-08-07,"02:14:39"
8907,3239,576,1,2005-07-30,"01:25:03",2005-08-03,"05:41:03"
8908,4498,391,1,2005-07-30,"01:26:05",2005-07-31,"20:39:05"
8909,2606,556,2,2005-07-30,"01:28:03",2005-08-06,"04:40:03"
8910,1039,569,2,2005-07-30,"01:29:48",2005-07-31,"21:33:48"
8911,2159,445,1,2005-07-30,"01:30:57",2005-08-02,"20:01:57"
8912,1686,280,2,2005-07-30,"01:31:25",2005-08-02,"07:14:25"
8913,429,391,1,2005-07-30,"01:35:01",2005-08-06,"06:13:01"
8914,1347,32,1,2005-07-30,"01:42:03",2005-08-04,"03:53:03"
8915,3030,42,2,2005-07-30,"01:42:09",2005-08-04,"23:29:09"
8916,3852,377,1,2005-07-30,"01:42:21",2005-08-03,"05:28:21"
8917,4460,309,2,2005-07-30,"01:47:02",2005-08-05,"21:10:02"
8918,2544,424,2,2005-07-30,"01:56:22",2005-08-04,"01:58:22"
8919,4006,337,1,2005-07-30,"01:57:03",2005-08-08,"05:14:03"
8920,4079,78,2,2005-07-30,"01:59:24",2005-08-02,"22:37:24"
8921,1016,354,1,2005-07-30,"02:04:02",2005-07-31,"06:18:02"
8922,1696,446,2,2005-07-30,"02:08:25",2005-08-08,"07:19:25"
8923,2425,446,2,2005-07-30,"02:08:49",2005-08-03,"23:45:49"
8924,2291,38,2,2005-07-30,"02:08:58",2005-08-05,"02:13:58"
8925,3753,500,1,2005-07-30,"02:09:14",2005-07-30,"21:39:14"
8926,3677,510,1,2005-07-30,"02:10:31",2005-08-03,"23:56:31"
8927,272,15,1,2005-07-30,"02:13:31",2005-08-01,"01:34:31"
8928,706,366,2,2005-07-30,"02:18:19",2005-08-05,"00:49:19"
8929,3501,472,1,2005-07-30,"02:28:22",2005-08-06,"06:13:22"
8930,1107,202,2,2005-07-30,"02:28:38",2005-08-02,"01:43:38"
8931,16,268,2,2005-07-30,"02:30:07",2005-08-02,"08:24:07"
8932,4537,295,2,2005-07-30,"02:31:26",2005-08-04,"02:17:26"
8933,1664,260,2,2005-07-30,"02:36:06",2005-08-02,"23:37:06"
8934,3223,494,1,2005-07-30,"02:37:05",2005-08-01,"20:42:05"
8935,285,76,2,2005-07-30,"02:38:45",2005-08-02,"07:11:45"
8936,1408,227,2,2005-07-30,"02:47:13",2005-08-01,"02:25:13"
8937,2406,544,2,2005-07-30,"02:53:21",2005-08-08,"03:33:21"
8938,4031,92,2,2005-07-30,"02:56:08",2005-07-31,"23:08:08"
8939,4175,598,1,2005-07-30,"02:56:53",2005-08-01,"21:19:53"
8940,1566,212,1,2005-07-30,"02:57:26",2005-08-05,"22:05:26"
8941,4147,329,2,2005-07-30,"02:59:21",2005-08-02,"05:18:21"
8942,4375,77,2,2005-07-30,"03:01:07",2005-08-06,"22:50:07"
8943,3698,531,2,2005-07-30,"03:06:48",2005-08-02,"00:59:48"
8944,3513,172,2,2005-07-30,"03:11:44",2005-08-06,"23:15:44"
8945,1441,447,2,2005-07-30,"03:11:48",2005-08-07,"07:53:48"
8946,3510,257,1,2005-07-30,"03:14:53",2005-08-04,"00:50:53"
8947,341,24,2,2005-07-30,"03:15:37",2005-08-04,"07:10:37"
8948,948,597,1,2005-07-30,"03:16:18",2005-08-04,"03:16:18"
8949,2876,231,1,2005-07-30,"03:17:02",2005-08-08,"07:38:02"
8950,3015,11,1,2005-07-30,"03:17:13",2005-08-07,"00:20:13"
8951,127,336,2,2005-07-30,"03:18:24",2005-08-08,"08:50:24"
8952,4397,36,1,2005-07-30,"03:20:38",2005-08-02,"02:54:38"
8953,535,278,2,2005-07-30,"03:21:05",2005-08-02,"05:24:05"
8954,991,137,2,2005-07-30,"03:25:51",2005-08-06,"05:10:51"
8955,4532,405,2,2005-07-30,"03:28:27",2005-08-04,"04:56:27"
8956,2129,71,2,2005-07-30,"03:32:29",2005-08-01,"03:08:29"
8957,811,158,1,2005-07-30,"03:34:10",2005-08-06,"07:05:10"
8958,1556,536,1,2005-07-30,"03:34:26",2005-08-06,"08:14:26"
8959,3508,550,2,2005-07-30,"03:35:49",2005-08-06,"02:02:49"
8960,391,525,2,2005-07-30,"03:36:31",2005-08-01,"23:46:31"
8961,3679,211,1,2005-07-30,"03:43:35",2005-08-06,"07:42:35"
8962,4439,406,1,2005-07-30,"03:43:45",2005-08-07,"00:33:45"
8963,100,544,1,2005-07-30,"03:46:26",2005-08-08,"06:12:26"
8964,280,424,2,2005-07-30,"03:49:35",2005-08-06,"23:28:35"
8965,2419,599,2,2005-07-30,"03:52:37",2005-08-05,"01:28:37"
8966,1903,522,1,2005-07-30,"03:54:12",2005-07-31,"04:51:12"
8967,1536,480,2,2005-07-30,"03:56:55",2005-08-06,"05:25:55"
8968,2280,339,1,2005-07-30,"03:57:32",2005-07-31,"00:09:32"
8969,2043,121,1,2005-07-30,"04:00:19",2005-08-06,"04:39:19"
8970,2940,313,2,2005-07-30,"04:02:05",2005-08-07,"03:40:05"
8971,3572,35,2,2005-07-30,"04:03:58",2005-08-08,"04:16:58"
8972,1974,89,1,2005-07-30,"04:06:25",2005-08-04,"22:49:25"
8973,886,282,2,2005-07-30,"04:09:13",2005-08-07,"22:30:13"
8974,3376,425,1,2005-07-30,"04:09:16",2005-08-04,"06:55:16"
8975,3288,356,2,2005-07-30,"04:10:18",2005-08-07,"01:06:18"
8976,2135,507,1,2005-07-30,"04:12:32",2005-08-04,"23:08:32"
8977,4099,334,2,2005-07-30,"04:14:07",2005-08-05,"23:45:07"
8978,711,5,1,2005-07-30,"04:14:28",2005-08-06,"09:08:28"
8979,1394,529,2,2005-07-30,"04:20:25",2005-08-08,"03:39:25"
8980,3061,105,1,2005-07-30,"04:22:15",2005-08-04,"08:16:15"
8981,4413,310,1,2005-07-30,"04:25:30",2005-08-06,"02:37:30"
8982,1128,251,1,2005-07-30,"04:31:02",2005-07-31,"04:22:02"
8983,1861,144,1,2005-07-30,"04:31:08",2005-07-31,"09:28:08"
8984,2126,485,1,2005-07-30,"04:31:50",2005-08-04,"03:24:50"
8985,3179,12,2,2005-07-30,"04:34:51",2005-08-06,"00:45:51"
8986,3992,551,1,2005-07-30,"04:37:20",2005-07-31,"23:54:20"
8987,1434,135,2,2005-07-30,"04:37:36",2005-08-08,"10:14:36"
8988,777,487,2,2005-07-30,"04:38:49",2005-08-07,"07:00:49"
8989,954,575,1,2005-07-30,"04:39:19",2005-08-06,"02:11:19"
8990,1869,292,2,2005-07-30,"04:41:42",2005-08-07,"22:50:42"
8991,4540,474,1,2005-07-30,"04:42:54",2005-08-01,"23:51:54"
8992,4478,54,1,2005-07-30,"04:44:18",2005-08-01,"00:29:18"
8993,1891,382,1,2005-07-30,"04:51:25",2005-08-01,"01:04:25"
8994,1527,287,1,2005-07-30,"04:51:32",2005-08-07,"09:41:32"
8995,3575,331,1,2005-07-30,"04:53:11",2005-08-07,"00:24:11"
8996,1970,579,1,2005-07-30,"04:53:23",2005-07-31,"06:01:23"
8997,850,31,1,2005-07-30,"04:53:56",2005-08-03,"07:10:56"
8998,1573,120,2,2005-07-30,"04:54:14",2005-08-08,"08:18:14"
8999,3458,424,2,2005-07-30,"04:55:46",2005-08-01,"00:16:46"
9000,3763,290,2,2005-07-30,"04:58:55",2005-08-08,"04:01:55"
9001,3682,440,2,2005-07-30,"04:59:41",2005-07-31,"08:56:41"
9002,1936,137,1,2005-07-30,"05:02:21",2005-07-31,"04:58:21"
9003,1605,507,1,2005-07-30,"05:02:52",2005-07-31,"10:33:52"
9004,3775,178,1,2005-07-30,"05:04:27",2005-07-31,"00:49:27"
9005,157,204,2,2005-07-30,"05:04:58",2005-08-03,"07:41:58"
9006,3315,49,1,2005-07-30,"05:06:32",2005-07-31,"08:24:32"
9007,2813,63,2,2005-07-30,"05:09:32",2005-08-02,"06:12:32"
9008,3592,371,1,2005-07-30,"05:10:26",2005-07-31,"08:13:26"
9009,4136,166,1,2005-07-30,"05:12:01",2005-08-07,"10:58:01"
9010,1698,152,2,2005-07-30,"05:12:04",2005-08-06,"02:54:04"
9011,2799,236,1,2005-07-30,"05:16:29",2005-08-05,"06:57:29"
9012,3604,494,1,2005-07-30,"05:18:57",2005-08-06,"06:21:57"
9013,2367,347,1,2005-07-30,"05:19:20",2005-08-04,"01:35:20"
9014,311,297,2,2005-07-30,"05:19:27",2005-08-01,"01:10:27"
9015,4128,203,2,2005-07-30,"05:21:32",2005-08-08,"07:03:32"
9016,4309,312,2,2005-07-30,"05:26:13",2005-08-04,"00:25:13"
9017,3325,319,2,2005-07-30,"05:26:20",2005-08-04,"10:00:20"
9018,1982,218,1,2005-07-30,"05:28:40",2005-08-07,"01:34:40"
9019,946,235,2,2005-07-30,"05:28:53",2005-08-03,"02:16:53"
9020,1700,142,2,2005-07-30,"05:31:27",2005-08-08,"06:44:27"
9021,674,498,1,2005-07-30,"05:34:24",2005-08-03,"04:13:24"
9022,4473,159,2,2005-07-30,"05:34:45",2005-08-03,"23:57:45"
9023,2911,148,1,2005-07-30,"05:36:40",2005-08-07,"06:20:40"
9024,164,329,2,2005-07-30,"05:44:42",2005-08-05,"03:15:42"
9025,2244,473,1,2005-07-30,"05:50:08",2005-07-31,"09:58:08"
9026,1524,423,1,2005-07-30,"05:55:31",2005-08-01,"03:19:31"
9027,449,72,1,2005-07-30,"05:58:27",2005-08-03,"03:02:27"
9028,2687,119,1,2005-07-30,"06:00:35",2005-08-02,"01:35:35"
9029,2220,52,1,2005-07-30,"06:03:11",2005-08-04,"01:42:11"
9030,2237,367,1,2005-07-30,"06:05:38",2005-08-03,"00:19:38"
9031,2377,2,2,2005-07-30,"06:06:10",2005-08-04,"10:45:10"
9032,4448,369,1,2005-07-30,"06:06:54",2005-08-01,"05:27:54"
9033,3416,35,1,2005-07-30,"06:07:42",2005-08-05,"01:18:42"
9034,3847,144,2,2005-07-30,"06:10:58",2005-08-08,"05:00:58"
9035,3785,243,1,2005-07-30,"06:16:07",2005-08-06,"09:22:07"
9036,790,18,1,2005-07-30,"06:18:38",2005-07-31,"01:22:38"
9037,3833,356,1,2005-07-30,"06:23:14",2005-08-08,"06:25:14"
9038,217,514,1,2005-07-30,"06:23:35",2005-08-06,"11:10:35"
9039,4493,485,1,2005-07-30,"06:24:28",2005-08-08,"00:28:28"
9040,392,33,1,2005-07-30,"06:31:45",2005-08-03,"12:20:45"
9041,1103,454,2,2005-07-30,"06:32:36",2005-08-01,"10:28:36"
9042,2770,398,2,2005-07-30,"06:33:55",2005-08-04,"09:31:55"
9043,4127,9,1,2005-07-30,"06:34:07",2005-08-02,"01:16:07"
9044,3796,319,1,2005-07-30,"06:35:21",2005-07-31,"10:27:21"
9045,4521,46,1,2005-07-30,"06:36:57",2005-08-08,"01:51:57"
9046,1736,215,2,2005-07-30,"06:46:55",2005-08-01,"02:21:55"
9047,256,522,2,2005-07-30,"06:56:33",2005-08-08,"06:40:33"
9048,3929,100,1,2005-07-30,"06:57:07",2005-08-05,"00:57:07"
9049,2620,417,1,2005-07-30,"06:57:28",2005-08-04,"09:02:28"
9050,106,40,1,2005-07-30,"06:59:55",2005-08-06,"06:37:55"
9051,1847,337,2,2005-07-30,"07:05:54",2005-08-07,"09:12:54"
9052,3351,408,1,2005-07-30,"07:06:08",2005-08-03,"10:30:08"
9053,2535,485,2,2005-07-30,"07:07:39",2005-08-01,"09:22:39"
9054,2860,209,2,2005-07-30,"07:11:44",2005-08-08,"01:55:44"
9055,634,512,1,2005-07-30,"07:13:07",2005-08-01,"12:18:07"
9056,4363,380,1,2005-07-30,"07:13:20",2005-08-03,"07:36:20"
9057,3141,202,2,2005-07-30,"07:14:18",2005-08-01,"05:10:18"
9058,4214,403,2,2005-07-30,"07:15:45",2005-07-31,"02:57:45"
9059,480,267,1,2005-07-30,"07:18:44",2005-08-08,"08:39:44"
9060,4360,87,1,2005-07-30,"07:20:36",2005-08-03,"10:51:36"
9061,1933,255,1,2005-07-30,"07:21:52",2005-08-08,"10:52:52"
9062,2780,358,1,2005-07-30,"07:23:17",2005-08-02,"12:07:17"
9063,2851,564,2,2005-07-30,"07:24:34",2005-08-05,"01:28:34"
9064,1417,194,2,2005-07-30,"07:24:55",2005-08-07,"08:44:55"
9065,349,238,2,2005-07-30,"07:25:09",2005-07-31,"05:18:09"
9066,196,171,1,2005-07-30,"07:28:54",2005-08-02,"05:23:54"
9067,3628,382,2,2005-07-30,"07:31:01",2005-08-04,"11:44:01"
9068,2264,78,1,2005-07-30,"07:31:45",2005-08-08,"06:40:45"
9069,1852,258,1,2005-07-30,"07:39:59",2005-08-02,"04:10:59"
9070,3690,276,2,2005-07-30,"07:40:39",2005-08-01,"04:19:39"
9071,3151,523,2,2005-07-30,"07:40:58",2005-08-01,"06:59:58"
9072,4536,106,1,2005-07-30,"07:45:49",2005-08-04,"10:00:49"
9073,2185,141,2,2005-07-30,"07:49:56",2005-08-05,"06:25:56"
9074,3244,84,2,2005-07-30,"07:50:10",2005-08-01,"11:21:10"
9075,1931,20,1,2005-07-30,"07:55:14",2005-08-02,"13:49:14"
9076,496,447,1,2005-07-30,"07:58:12",2005-08-08,"06:04:12"
9077,4324,471,1,2005-07-30,"08:00:19",2005-08-08,"11:21:19"
9078,955,300,1,2005-07-30,"08:01:00",2005-07-31,"10:39:00"
9079,2143,193,2,2005-07-30,"08:02:00",2005-07-31,"04:02:00"
9080,94,276,1,2005-07-30,"08:02:39",2005-08-06,"12:02:39"
9081,3040,572,1,2005-07-30,"08:09:58",2005-08-03,"13:27:58"
9082,4042,438,2,2005-07-30,"08:11:22",2005-08-06,"09:26:22"
9083,456,488,1,2005-07-30,"08:14:27",2005-08-07,"14:02:27"
9084,3950,171,2,2005-07-30,"08:14:29",2005-08-03,"11:12:29"
9085,3400,33,2,2005-07-30,"08:17:24",2005-08-03,"09:35:24"
9086,2779,57,2,2005-07-30,"08:18:46",2005-08-06,"06:10:46"
9087,4048,546,1,2005-07-30,"08:19:47",2005-08-02,"07:15:47"
9088,3407,245,1,2005-07-30,"08:21:02",2005-08-01,"09:55:02"
9089,490,369,1,2005-07-30,"08:23:39",2005-07-31,"06:00:39"
9090,3426,104,2,2005-07-30,"08:24:42",2005-08-08,"06:17:42"
9091,2249,66,1,2005-07-30,"08:30:45",2005-08-07,"13:28:45"
9092,1877,17,2,2005-07-30,"08:30:56",2005-08-06,"08:09:56"
9093,2208,96,1,2005-07-30,"08:33:24",2005-08-04,"11:07:24"
9094,2699,140,2,2005-07-30,"08:35:10",2005-08-07,"08:18:10"
9095,3019,511,1,2005-07-30,"08:38:36",2005-07-31,"06:14:36"
9096,540,216,1,2005-07-30,"08:39:23",2005-08-01,"03:33:23"
9097,570,173,2,2005-07-30,"08:40:35",2005-08-04,"11:19:35"
9098,1267,144,1,2005-07-30,"08:44:21",2005-08-08,"12:31:21"
9099,594,250,2,2005-07-30,"08:45:48",2005-08-01,"03:18:48"
9100,4117,4,1,2005-07-30,"08:46:09",2005-08-05,"10:34:09"
9101,3165,566,1,2005-07-30,"08:47:13",2005-08-02,"12:52:13"
9102,1154,276,1,2005-07-30,"08:48:20",2005-08-04,"10:19:20"
9103,3806,280,1,2005-07-30,"08:49:26",2005-07-31,"14:15:26"
9104,3372,322,1,2005-07-30,"08:49:55",2005-08-06,"12:23:55"
9105,4443,262,1,2005-07-30,"08:50:25",2005-08-05,"06:08:25"
9106,2935,148,2,2005-07-30,"08:52:34",2005-08-02,"07:38:34"
9107,1068,531,2,2005-07-30,"08:52:45",2005-08-05,"08:39:45"
9108,3977,490,1,2005-07-30,"08:56:36",2005-08-04,"11:07:36"
9109,787,266,1,2005-07-30,"08:58:24",2005-08-07,"06:56:24"
9110,1474,317,1,2005-07-30,"09:05:42",2005-08-03,"05:15:42"
9111,166,211,2,2005-07-30,"09:05:44",2005-08-04,"14:27:44"
9112,395,74,2,2005-07-30,"09:06:31",2005-08-04,"05:12:31"
9113,3903,374,1,2005-07-30,"09:09:03",2005-07-31,"03:13:03"
9114,893,18,2,2005-07-30,"09:13:21",2005-08-05,"06:00:21"
9115,3750,322,2,2005-07-30,"09:13:55",2005-08-04,"04:02:55"
9116,2917,446,2,2005-07-30,"09:19:41",2005-08-03,"08:01:41"
9117,3055,371,1,2005-07-30,"09:20:59",2005-08-07,"08:47:59"
9118,4538,172,2,2005-07-30,"09:24:18",2005-08-02,"14:46:18"
9119,275,305,1,2005-07-30,"09:25:56",2005-08-03,"03:36:56"
9120,139,473,1,2005-07-30,"09:26:08",2005-08-08,"09:52:08"
9121,3098,150,2,2005-07-30,"09:36:26",2005-08-05,"15:17:26"
9122,627,365,1,2005-07-30,"09:36:52",2005-08-05,"13:20:52"
9123,3748,293,2,2005-07-30,"09:39:15",2005-08-02,"08:12:15"
9124,4552,105,1,2005-07-30,"09:43:12",2005-08-06,"06:17:12"
9125,333,335,1,2005-07-30,"09:43:39",2005-08-07,"14:02:39"
9126,4495,590,2,2005-07-30,"09:44:15",2005-08-02,"11:02:15"
9127,4114,300,1,2005-07-30,"09:46:36",2005-07-31,"07:43:36"
9128,3647,372,1,2005-07-30,"09:51:14",2005-08-07,"06:23:14"
9129,2658,125,2,2005-07-30,"09:51:21",2005-08-07,"08:50:21"
9130,1715,354,1,2005-07-30,"09:55:10",2005-08-04,"08:57:10"
9131,623,142,1,2005-07-30,"09:55:57",2005-08-01,"14:21:57"
9132,402,159,1,2005-07-30,"09:56:00",2005-08-02,"09:22:00"
9133,408,576,1,2005-07-30,"09:59:00",2005-08-07,"04:24:00"
9134,3797,559,1,2005-07-30,"10:00:21",2005-08-01,"05:01:21"
9135,821,161,2,2005-07-30,"10:06:53",2005-08-03,"13:57:53"
9136,1734,57,2,2005-07-30,"10:07:20",2005-07-31,"08:20:20"
9137,840,459,2,2005-07-30,"10:09:24",2005-08-06,"04:30:24"
9138,2550,17,2,2005-07-30,"10:11:52",2005-07-31,"07:05:52"
9139,2809,133,1,2005-07-30,"10:11:52",2005-08-03,"12:44:52"
9140,4095,25,2,2005-07-30,"10:12:01",2005-08-06,"09:16:01"
9141,3087,484,1,2005-07-30,"10:16:04",2005-08-05,"08:01:04"
9142,4467,486,1,2005-07-30,"10:21:03",2005-08-04,"15:14:03"
9143,2962,511,2,2005-07-30,"10:22:11",2005-08-07,"06:13:11"
9144,718,381,1,2005-07-30,"10:22:15",2005-08-05,"08:14:15"
9145,559,176,2,2005-07-30,"10:27:55",2005-08-07,"14:41:55"
9146,483,302,1,2005-07-30,"10:32:08",2005-08-08,"14:30:08"
9147,4167,394,2,2005-07-30,"10:38:59",2005-08-02,"11:45:59"
9148,1407,333,2,2005-07-30,"10:39:10",2005-08-04,"07:17:10"
9149,2632,21,1,2005-07-30,"10:45:12",2005-08-01,"09:40:12"
9150,2834,213,1,2005-07-30,"10:49:32",2005-08-08,"15:43:32"
9151,3956,102,1,2005-07-30,"10:50:53",2005-08-07,"08:19:53"
9152,3607,595,2,2005-07-30,"10:51:27",2005-07-31,"06:38:27"
9153,3743,589,2,2005-07-30,"10:58:16",2005-08-03,"06:16:16"
9154,576,312,1,2005-07-30,"10:59:54",2005-08-05,"16:47:54"
9155,3787,107,2,2005-07-30,"11:00:00",2005-08-02,"05:24:00"
9156,1747,145,2,2005-07-30,"11:04:55",2005-07-31,"14:10:55"
9157,146,19,2,2005-07-30,"11:06:23",2005-08-05,"05:29:23"
9158,4017,16,2,2005-07-30,"11:12:03",2005-08-02,"05:55:03"
9159,1234,217,1,2005-07-30,"11:16:37",2005-08-03,"10:32:37"
9160,183,34,2,2005-07-30,"11:17:33",2005-08-06,"15:16:33"
9161,969,433,1,2005-07-30,"11:19:18",2005-08-02,"05:32:18"
9162,4198,184,1,2005-07-30,"11:21:56",2005-08-02,"15:32:56"
9163,4562,345,2,2005-07-30,"11:23:22",2005-07-31,"07:34:22"
9164,4434,342,1,2005-07-30,"11:24:14",2005-08-08,"16:24:14"
9165,4034,291,1,2005-07-30,"11:24:28",2005-08-03,"09:38:28"
9166,308,12,1,2005-07-30,"11:26:28",2005-08-04,"12:32:28"
9167,1785,162,1,2005-07-30,"11:30:37",2005-08-08,"17:13:37"
9168,2035,75,2,2005-07-30,"11:31:17",2005-08-08,"16:56:17"
9169,1567,245,2,2005-07-30,"11:35:00",2005-08-06,"16:16:00"
9170,4279,425,1,2005-07-30,"11:35:24",2005-08-05,"05:36:24"
9171,1832,189,2,2005-07-30,"11:36:24",2005-08-07,"06:04:24"
9172,695,437,1,2005-07-30,"11:36:38",2005-08-04,"09:39:38"
9173,2103,381,2,2005-07-30,"11:40:10",2005-08-04,"05:40:10"
9174,2636,144,1,2005-07-30,"11:42:10",2005-07-31,"09:52:10"
9175,358,133,1,2005-07-30,"11:47:48",2005-08-02,"08:13:48"
9176,2659,260,2,2005-07-30,"11:50:54",2005-08-02,"14:25:54"
9177,1088,400,1,2005-07-30,"11:52:40",2005-08-08,"09:35:40"
9178,2046,448,2,2005-07-30,"11:58:50",2005-08-08,"15:24:50"
9179,62,50,2,2005-07-30,"12:02:41",2005-08-05,"15:23:41"
9180,3479,442,1,2005-07-30,"12:03:15",2005-08-01,"14:25:15"
9181,3953,224,1,2005-07-30,"12:05:58",2005-08-02,"06:22:58"
9182,2533,165,2,2005-07-30,"12:06:58",2005-08-08,"11:33:58"
9183,4320,475,2,2005-07-30,"12:09:56",2005-08-06,"11:50:56"
9184,51,365,2,2005-07-30,"12:10:19",2005-08-01,"07:35:19"
9185,2268,426,1,2005-07-30,"12:10:40",2005-08-06,"07:01:40"
9186,4513,273,1,2005-07-30,"12:13:48",2005-07-31,"11:59:48"
9187,4008,469,2,2005-07-30,"12:14:03",2005-08-04,"13:10:03"
9188,727,195,2,2005-07-30,"12:19:54",2005-08-06,"09:12:54"
9189,4529,485,1,2005-07-30,"12:20:59",2005-08-06,"16:15:59"
9190,4421,177,2,2005-07-30,"12:24:17",2005-08-03,"07:41:17"
9191,500,314,1,2005-07-30,"12:25:51",2005-08-05,"16:13:51"
9192,2372,102,2,2005-07-30,"12:26:26",2005-08-04,"07:54:26"
9193,3470,69,2,2005-07-30,"12:28:42",2005-08-02,"12:17:42"
9194,2467,294,1,2005-07-30,"12:28:45",2005-08-06,"14:38:45"
9195,944,440,1,2005-07-30,"12:29:43",2005-08-04,"12:35:43"
9196,4298,251,2,2005-07-30,"12:30:19",2005-07-31,"18:01:19"
9197,3214,168,1,2005-07-30,"12:31:36",2005-08-03,"09:05:36"
9198,2371,105,2,2005-07-30,"12:37:08",2005-08-07,"16:37:08"
9199,4336,580,1,2005-07-30,"12:38:00",2005-08-01,"07:09:00"
9200,3277,137,2,2005-07-30,"12:39:52",2005-08-08,"09:43:52"
9201,4387,291,1,2005-07-30,"12:42:21",2005-08-08,"06:50:21"
9202,4525,466,2,2005-07-30,"12:43:24",2005-08-07,"10:39:24"
9203,2112,169,2,2005-07-30,"12:43:40",2005-08-01,"09:31:40"
9204,4378,43,2,2005-07-30,"12:43:58",2005-08-03,"16:26:58"
9205,4165,259,1,2005-07-30,"12:46:40",2005-08-08,"14:58:40"
9206,2021,404,1,2005-07-30,"12:46:59",2005-08-03,"14:58:59"
9207,1346,345,2,2005-07-30,"12:49:57",2005-07-31,"14:32:57"
9208,2751,339,2,2005-07-30,"12:54:03",2005-08-06,"17:22:03"
9209,3940,23,2,2005-07-30,"12:55:36",2005-08-03,"11:31:36"
9210,101,105,2,2005-07-30,"12:56:44",2005-08-08,"09:41:44"
9211,595,57,2,2005-07-30,"12:59:45",2005-08-07,"18:17:45"
9212,2111,73,1,2005-07-30,"13:03:13",2005-08-06,"09:48:13"
9213,184,388,1,2005-07-30,"13:07:11",2005-08-01,"15:30:11"
9214,2823,181,2,2005-07-30,"13:10:14",2005-08-06,"14:22:14"
9215,3591,128,1,2005-07-30,"13:11:11",2005-08-06,"13:06:11"
9216,2783,38,2,2005-07-30,"13:11:19",2005-07-31,"11:27:19"
9217,1561,112,1,2005-07-30,"13:13:55",2005-08-05,"17:27:55"
9218,119,172,1,2005-07-30,"13:14:35",2005-08-07,"18:03:35"
9219,771,329,1,2005-07-30,"13:15:21",2005-08-01,"11:39:21"
9220,2463,569,2,2005-07-30,"13:17:27",2005-08-07,"11:34:27"
9221,2496,113,2,2005-07-30,"13:20:06",2005-08-06,"13:58:06"
9222,3648,95,2,2005-07-30,"13:21:08",2005-08-08,"10:42:08"
9223,3231,595,1,2005-07-30,"13:23:20",2005-08-04,"11:24:20"
9224,2260,406,2,2005-07-30,"13:25:37",2005-08-01,"15:13:37"
9225,1992,391,2,2005-07-30,"13:29:47",2005-08-02,"17:08:47"
9226,4315,3,1,2005-07-30,"13:31:20",2005-08-06,"16:42:20"
9227,2353,522,1,2005-07-30,"13:36:13",2005-08-07,"17:39:13"
9228,2325,91,1,2005-07-30,"13:36:57",2005-08-05,"10:43:57"
9229,3780,276,2,2005-07-30,"13:38:17",2005-08-08,"18:17:17"
9230,1199,109,1,2005-07-30,"13:39:42",2005-07-31,"19:20:42"
9231,1587,489,1,2005-07-30,"13:42:15",2005-08-02,"19:27:15"
9232,1991,502,2,2005-07-30,"13:43:00",2005-08-02,"11:39:00"
9233,2320,357,2,2005-07-30,"13:44:15",2005-08-07,"13:02:15"
9234,1660,128,1,2005-07-30,"13:45:54",2005-08-02,"15:33:54"
9235,984,181,2,2005-07-30,"13:47:17",2005-08-06,"17:15:17"
9236,4030,2,1,2005-07-30,"13:47:43",2005-08-08,"18:52:43"
9237,2777,157,2,2005-07-30,"13:48:17",2005-07-31,"13:57:17"
9238,3356,12,2,2005-07-30,"13:49:43",2005-08-08,"08:25:43"
9239,1728,580,1,2005-07-30,"13:50:52",2005-08-06,"16:28:52"
9240,587,92,2,2005-07-30,"13:57:54",2005-08-03,"12:23:54"
9241,4145,187,2,2005-07-30,"13:58:41",2005-08-04,"09:44:41"
9242,755,306,2,2005-07-30,"14:03:58",2005-08-02,"18:09:58"
9243,876,516,2,2005-07-30,"14:06:27",2005-08-06,"09:26:27"
9244,3640,27,1,2005-07-30,"14:06:53",2005-08-03,"19:46:53"
9245,2586,116,2,2005-07-30,"14:07:50",2005-08-06,"17:59:50"
9246,3390,185,2,2005-07-30,"14:12:31",2005-08-02,"14:25:31"
9247,4106,426,2,2005-07-30,"14:13:56",2005-08-02,"16:34:56"
9248,1382,2,1,2005-07-30,"14:14:11",2005-08-05,"11:19:11"
9249,2015,296,1,2005-07-30,"14:15:02",2005-08-05,"13:02:02"
9250,4544,539,1,2005-07-30,"14:18:16",2005-08-04,"12:31:16"
9251,2948,390,2,2005-07-30,"14:19:25",2005-08-08,"11:22:25"
9252,2350,322,1,2005-07-30,"14:19:59",2005-08-07,"15:17:59"
9253,4183,151,2,2005-07-30,"14:20:12",2005-07-31,"11:31:12"
9254,495,33,1,2005-07-30,"14:26:11",2005-08-04,"16:12:11"
9255,1596,23,1,2005-07-30,"14:26:46",2005-08-07,"18:16:46"
9256,4021,19,1,2005-07-30,"14:29:29",2005-08-05,"16:59:29"
9257,2615,466,1,2005-07-30,"14:30:38",2005-08-04,"17:57:38"
9258,2007,275,2,2005-07-30,"14:31:31",2005-08-05,"16:29:31"
9259,97,138,2,2005-07-30,"14:37:44",2005-08-06,"18:05:44"
9260,3969,13,2,2005-07-30,"14:38:22",2005-08-07,"18:47:22"
9261,372,380,1,2005-07-30,"14:39:35",2005-08-08,"11:26:35"
9262,2322,349,2,2005-07-30,"14:45:02",2005-08-05,"15:18:02"
9263,73,410,2,2005-07-30,"14:48:24",2005-08-04,"19:06:24"
9264,4071,157,1,2005-07-30,"14:51:36",2005-08-02,"10:06:36"
9265,3700,560,1,2005-07-30,"14:55:25",2005-08-02,"11:34:25"
9266,1705,364,2,2005-07-30,"14:59:01",2005-07-31,"17:01:01"
9267,645,409,1,2005-07-30,"14:59:05",2005-08-04,"10:17:05"
9268,3593,592,1,2005-07-30,"15:02:30",2005-08-05,"12:50:30"
9269,548,435,1,2005-07-30,"15:02:33",2005-08-02,"16:32:33"
9270,700,232,2,2005-07-30,"15:03:16",2005-07-31,"16:09:16"
9271,2660,100,1,2005-07-30,"15:04:31",2005-07-31,"20:33:31"
9272,1352,553,2,2005-07-30,"15:05:22",2005-08-05,"10:02:22"
9273,1867,497,1,2005-07-30,"15:05:36",2005-08-08,"09:07:36"
9274,4424,47,2,2005-07-30,"15:07:04",2005-08-06,"11:17:04"
9275,1916,439,2,2005-07-30,"15:09:15",2005-07-31,"10:23:15"
9276,1528,237,1,2005-07-30,"15:09:28",2005-08-06,"19:39:28"
9277,3734,82,2,2005-07-30,"15:13:45",2005-08-05,"10:25:45"
9278,3782,581,1,2005-07-30,"15:15:19",2005-08-03,"20:21:19"
9279,1070,567,1,2005-07-30,"15:15:21",2005-08-07,"18:46:21"
9280,4103,286,2,2005-07-30,"15:15:38",2005-08-05,"19:20:38"
9281,3086,398,1,2005-07-30,"15:15:51",2005-08-05,"12:58:51"
9282,736,259,1,2005-07-30,"15:17:31",2005-08-07,"20:46:31"
9283,1858,360,2,2005-07-30,"15:25:19",2005-08-01,"15:35:19"
9284,3976,38,2,2005-07-30,"15:25:19",2005-08-01,"17:45:19"
9285,3686,273,2,2005-07-30,"15:26:08",2005-08-06,"15:59:08"
9286,2477,154,2,2005-07-30,"15:32:28",2005-07-31,"20:42:28"
9287,2048,551,1,2005-07-30,"15:35:39",2005-08-02,"10:15:39"
9288,2640,447,2,2005-07-30,"15:56:39",2005-08-04,"13:25:39"
9289,389,453,1,2005-07-30,"15:57:04",2005-08-07,"18:46:04"
9290,2275,500,2,2005-07-30,"15:59:08",2005-08-06,"21:49:08"
9291,2884,406,2,2005-07-30,"16:03:39",2005-08-05,"11:11:39"
9292,1702,11,2,2005-07-30,"16:08:21",2005-08-07,"10:38:21"
9293,1676,65,2,2005-07-30,"16:12:28",2005-08-05,"18:34:28"
9294,2468,433,1,2005-07-30,"16:14:37",2005-08-07,"18:49:37"
9295,494,102,1,2005-07-30,"16:18:39",2005-08-03,"12:46:39"
9296,4088,2,1,2005-07-30,"16:21:13",2005-08-08,"11:57:13"
9297,3502,191,1,2005-07-30,"16:26:29",2005-08-03,"13:51:29"
9298,2106,208,2,2005-07-30,"16:27:53",2005-08-07,"12:32:53"
9299,1515,555,2,2005-07-30,"16:32:51",2005-08-08,"15:28:51"
9300,1639,571,1,2005-07-30,"16:33:12",2005-08-05,"15:56:12"
9301,1073,174,2,2005-07-30,"16:34:29",2005-07-31,"18:41:29"
9302,2326,55,2,2005-07-30,"16:34:57",2005-07-31,"11:08:57"
9303,4299,186,1,2005-07-30,"16:35:59",2005-08-03,"18:31:59"
9304,2937,296,2,2005-07-30,"16:41:34",2005-08-02,"13:55:34"
9305,1224,82,2,2005-07-30,"16:45:56",2005-08-08,"21:15:56"
9306,3983,336,1,2005-07-30,"16:47:17",2005-08-02,"22:15:17"
9307,3831,538,1,2005-07-30,"16:52:43",2005-08-01,"11:58:43"
9308,2202,267,2,2005-07-30,"16:53:21",2005-08-08,"15:33:21"
9309,3616,30,1,2005-07-30,"16:55:53",2005-08-07,"11:23:53"
9310,2957,529,1,2005-07-30,"16:57:09",2005-08-03,"18:14:09"
9311,1432,178,1,2005-07-30,"16:58:31",2005-08-07,"15:23:31"
9312,2483,76,2,2005-07-30,"16:59:17",2005-08-03,"17:24:17"
9313,4070,41,2,2005-07-30,"16:59:43",2005-08-05,"14:06:43"
9314,2358,390,1,2005-07-30,"17:05:19",2005-07-31,"12:19:19"
9315,444,96,1,2005-07-30,"17:05:29",2005-08-01,"12:47:29"
9316,4409,366,1,2005-07-30,"17:11:58",2005-08-05,"14:36:58"
9317,4138,217,1,2005-07-30,"17:13:37",2005-08-08,"11:33:37"
9318,2426,314,1,2005-07-30,"17:14:30",2005-08-06,"16:53:30"
9319,4066,136,1,2005-07-30,"17:15:27",2005-08-03,"14:03:27"
9320,909,221,2,2005-07-30,"17:16:39",2005-08-06,"18:43:39"
9321,3558,112,2,2005-07-30,"17:19:44",2005-08-06,"22:42:44"
9322,223,439,2,2005-07-30,"17:21:39",2005-08-06,"16:58:39"
9323,3749,131,1,2005-07-30,"17:21:44",2005-08-03,"16:28:44"
9324,1231,332,1,2005-07-30,"17:28:52",2005-08-06,"19:02:52"
9325,1938,476,2,2005-07-30,"17:29:19",2005-08-08,"12:55:19"
9326,3772,588,2,2005-07-30,"17:30:03",2005-08-01,"13:41:03"
9327,345,373,1,2005-07-30,"17:31:03",2005-08-08,"19:16:03"
9328,1087,89,1,2005-07-30,"17:32:11",2005-08-05,"13:36:11"
9329,1293,593,1,2005-07-30,"17:42:38",2005-08-08,"23:17:38"
9330,4227,232,1,2005-07-30,"17:44:24",2005-08-08,"17:39:24"
9331,2248,274,1,2005-07-30,"17:46:50",2005-08-01,"19:03:50"
9332,1156,480,1,2005-07-30,"17:53:39",2005-08-02,"12:25:39"
9333,1377,437,2,2005-07-30,"17:53:45",2005-07-31,"22:35:45"
9334,1499,25,1,2005-07-30,"17:56:38",2005-08-03,"21:27:38"
9335,1006,522,1,2005-07-30,"18:00:53",2005-08-01,"16:05:53"
9336,1911,557,1,2005-07-30,"18:01:15",2005-08-05,"23:10:15"
9337,2363,90,2,2005-07-30,"18:02:25",2005-07-31,"12:30:25"
9338,1482,333,2,2005-07-30,"18:03:13",2005-08-08,"23:57:13"
9339,3171,68,2,2005-07-30,"18:03:28",2005-08-08,"19:45:28"
9340,3228,213,2,2005-07-30,"18:07:16",2005-08-04,"14:33:16"
9341,894,557,1,2005-07-30,"18:07:58",2005-08-01,"17:43:58"
9342,2318,552,2,2005-07-30,"18:09:56",2005-08-08,"13:54:56"
9343,3521,53,1,2005-07-30,"18:13:13",2005-08-02,"13:48:13"
9344,1005,396,2,2005-07-30,"18:13:45",2005-08-07,"15:23:45"
9345,2042,436,2,2005-07-30,"18:13:51",2005-08-07,"13:45:51"
9346,2845,196,1,2005-07-30,"18:13:52",2005-08-03,"17:58:52"
9347,3557,479,1,2005-07-30,"18:16:03",2005-08-05,"18:35:03"
9348,3128,87,1,2005-07-30,"18:17:09",2005-08-07,"15:25:09"
9349,3739,579,1,2005-07-30,"18:20:08",2005-08-08,"22:06:08"
9350,798,434,2,2005-07-30,"18:24:30",2005-08-02,"15:34:30"
9351,2063,107,1,2005-07-30,"18:28:30",2005-08-02,"17:26:30"
9352,2619,360,1,2005-07-30,"18:29:26",2005-07-31,"19:43:26"
9353,3581,283,2,2005-07-30,"18:30:37",2005-08-06,"22:32:37"
9354,510,595,2,2005-07-30,"18:32:51",2005-08-02,"21:28:51"
9355,1122,201,2,2005-07-30,"18:35:25",2005-08-03,"20:33:25"
9356,4188,60,1,2005-07-30,"18:36:24",2005-08-03,"14:10:24"
9357,3927,181,2,2005-07-30,"18:37:00",2005-08-08,"19:57:00"
9358,712,302,2,2005-07-30,"18:37:24",2005-08-07,"23:34:24"
9359,21,501,1,2005-07-30,"18:39:28",2005-07-31,"15:39:28"
9360,2119,186,2,2005-07-30,"18:39:43",2005-08-04,"22:41:43"
9361,4163,335,1,2005-07-30,"18:43:49",2005-08-06,"21:24:49"
9362,3357,420,1,2005-07-30,"18:44:16",2005-08-01,"20:14:16"
9363,873,323,1,2005-07-30,"18:44:23",2005-08-04,"15:03:23"
9364,306,87,2,2005-07-30,"18:44:44",2005-08-08,"23:55:44"
9365,1539,232,1,2005-07-30,"18:46:02",2005-08-03,"20:15:02"
9366,4013,557,2,2005-07-30,"18:48:57",2005-08-03,"15:17:57"
9367,793,557,1,2005-07-30,"18:49:58",2005-08-08,"22:04:58"
9368,3026,388,2,2005-07-30,"18:50:53",2005-08-05,"17:56:53"
9369,3538,36,1,2005-07-30,"18:52:19",2005-08-01,"12:53:19"
9370,4433,588,2,2005-07-30,"18:57:29",2005-08-01,"21:35:29"
9371,2980,4,1,2005-07-30,"18:58:00",2005-08-03,"15:14:00"
9372,4075,454,2,2005-07-30,"19:04:30",2005-08-09,"00:18:30"
9373,3478,180,2,2005-07-30,"19:05:36",2005-08-05,"16:16:36"
9374,103,302,2,2005-07-30,"19:10:03",2005-08-06,"21:54:03"
9375,3063,529,1,2005-07-30,"19:10:17",2005-08-02,"23:00:17"
9376,451,86,1,2005-07-30,"19:11:49",2005-08-04,"18:14:49"
9377,4164,421,1,2005-07-30,"19:12:18",2005-08-05,"19:38:18"
9378,2209,197,1,2005-07-30,"19:12:54",2005-08-05,"18:16:54"
9379,3855,452,2,2005-07-30,"19:13:01",2005-08-07,"19:18:01"
9380,4403,264,1,2005-07-30,"19:17:31",2005-08-01,"20:46:31"
9381,4064,329,2,2005-07-30,"19:23:04",2005-07-31,"23:37:04"
9382,2127,17,2,2005-07-30,"19:23:44",2005-08-06,"16:20:44"
9383,2806,416,2,2005-07-30,"19:24:50",2005-08-01,"21:41:50"
9384,2313,220,1,2005-07-30,"19:25:35",2005-08-08,"21:50:35"
9385,3453,570,2,2005-07-30,"19:25:49",2005-08-08,"17:08:49"
9386,1123,189,2,2005-07-30,"19:26:21",2005-08-05,"21:00:21"
9387,577,495,2,2005-07-30,"19:27:05",2005-08-07,"21:19:05"
9388,2116,332,2,2005-07-30,"19:27:22",2005-08-08,"15:31:22"
9389,3124,198,2,2005-07-30,"19:27:59",2005-08-04,"18:25:59"
9390,1794,103,1,2005-07-30,"19:42:07",2005-08-01,"23:17:07"
9391,665,273,1,2005-07-30,"19:48:41",2005-08-04,"15:27:41"
9392,2797,29,2,2005-07-30,"19:50:13",2005-08-03,"22:38:13"
9393,843,158,2,2005-07-30,"20:04:48",2005-08-02,"15:52:48"
9394,161,204,1,2005-07-30,"20:06:24",2005-08-06,"22:36:24"
9395,1298,306,1,2005-07-30,"20:07:06",2005-08-08,"21:21:06"
9396,1250,91,2,2005-07-30,"20:07:24",2005-08-03,"21:20:24"
9397,1550,373,1,2005-07-30,"20:07:29",2005-08-05,"00:36:29"
9398,1175,570,2,2005-07-30,"20:09:00",2005-08-01,"23:35:00"
9399,3668,569,1,2005-07-30,"20:14:50",2005-08-03,"17:30:50"
9400,3910,368,1,2005-07-30,"20:15:58",2005-08-03,"21:21:58"
9401,2057,331,1,2005-07-30,"20:18:19",2005-08-07,"15:46:19"
9402,2424,48,2,2005-07-30,"20:18:27",2005-08-07,"21:29:27"
9403,3466,267,1,2005-07-30,"20:18:53",2005-08-06,"19:54:53"
9404,3832,140,1,2005-07-30,"20:21:35",2005-08-02,"15:52:35"
9405,1983,463,1,2005-07-30,"20:22:17",2005-08-08,"16:55:17"
9406,3419,453,1,2005-07-30,"20:24:00",2005-08-07,"19:50:00"
9407,2594,585,2,2005-07-30,"20:25:24",2005-08-08,"22:51:24"
9408,4383,571,2,2005-07-30,"20:32:09",2005-08-04,"20:14:09"
9409,3053,156,2,2005-07-30,"20:33:53",2005-08-05,"18:32:53"
9410,1789,22,2,2005-07-30,"20:38:05",2005-07-31,"19:57:05"
9411,3484,536,2,2005-07-30,"20:38:22",2005-08-06,"01:23:22"
9412,2482,522,2,2005-07-30,"20:44:10",2005-08-06,"21:13:10"
9413,2618,290,2,2005-07-30,"20:44:39",2005-08-01,"01:56:39"
9414,578,484,2,2005-07-30,"20:46:02",2005-08-07,"21:23:02"
9415,3336,139,2,2005-07-30,"20:48:31",2005-08-05,"19:45:31"
9416,1470,265,2,2005-07-30,"20:52:45",2005-08-02,"17:38:45"
9417,2509,519,2,2005-07-30,"20:54:55",2005-08-04,"00:54:55"
9418,241,168,2,2005-07-30,"21:00:52",2005-08-08,"15:56:52"
9419,4427,142,2,2005-07-30,"21:04:59",2005-08-06,"15:47:59"
9420,147,72,2,2005-07-30,"21:05:18",2005-08-05,"23:52:18"
9421,2206,161,1,2005-07-30,"21:08:32",2005-08-02,"00:43:32"
9422,1843,470,1,2005-07-30,"21:08:41",2005-08-07,"15:55:41"
9423,3145,242,2,2005-07-30,"21:10:14",2005-08-07,"16:34:14"
9424,4499,256,1,2005-07-30,"21:10:56",2005-08-05,"00:01:56"
9425,271,295,1,2005-07-30,"21:11:21",2005-08-05,"19:00:21"
9427,1494,85,2,2005-07-30,"21:16:33",2005-08-05,"17:23:33"
9428,1948,335,1,2005-07-30,"21:18:37",2005-08-05,"16:09:37"
9429,1769,288,1,2005-07-30,"21:19:26",2005-08-07,"18:39:26"
9430,1529,367,2,2005-07-30,"21:20:13",2005-08-04,"21:45:13"
9431,3364,39,2,2005-07-30,"21:24:22",2005-08-03,"01:22:22"
9432,2489,570,1,2005-07-30,"21:26:18",2005-08-05,"00:23:18"
9433,1082,128,2,2005-07-30,"21:28:17",2005-08-08,"18:20:17"
9434,3792,13,2,2005-07-30,"21:29:41",2005-08-01,"16:30:41"
9435,3116,301,1,2005-07-30,"21:31:02",2005-08-05,"22:34:02"
9436,2329,268,1,2005-07-30,"21:33:01",2005-08-06,"17:38:01"
9437,1230,592,1,2005-07-30,"21:36:04",2005-08-08,"01:26:04"
9438,121,14,2,2005-07-30,"21:36:15",2005-08-07,"16:54:15"
9439,290,479,1,2005-07-30,"21:38:12",2005-08-06,"00:03:12"
9440,414,535,2,2005-07-30,"21:40:15",2005-08-04,"15:45:15"
9441,3982,519,1,2005-07-30,"21:43:28",2005-08-08,"16:57:28"
9442,44,75,1,2005-07-30,"21:44:31",2005-08-04,"01:29:31"
9443,1675,3,1,2005-07-30,"21:45:46",2005-08-05,"21:22:46"
9444,1134,259,2,2005-07-30,"21:48:44",2005-08-08,"22:36:44"
9445,1480,549,2,2005-07-30,"21:50:42",2005-08-05,"18:34:42"
9446,1880,477,2,2005-07-30,"21:53:01",2005-08-06,"19:00:01"
9447,1053,82,2,2005-07-30,"21:54:22",2005-08-09,"01:07:22"
9448,1213,278,1,2005-07-30,"21:56:13",2005-08-04,"18:03:13"
9449,2,581,1,2005-07-30,"22:02:34",2005-08-06,"02:09:34"
9450,1371,430,2,2005-07-30,"22:04:04",2005-08-05,"18:39:04"
9451,685,584,2,2005-07-30,"22:10:17",2005-08-07,"02:53:17"
9452,3178,130,1,2005-07-30,"22:19:16",2005-08-04,"19:26:16"
9453,1988,221,1,2005-07-30,"22:20:04",2005-08-08,"02:27:04"
9454,3028,81,2,2005-07-30,"22:20:09",2005-08-04,"01:33:09"
9455,2647,220,1,2005-07-30,"22:20:29",2005-08-08,"20:08:29"
9456,2068,534,2,2005-07-30,"22:22:16",2005-08-05,"18:56:16"
9457,2172,487,2,2005-07-30,"22:23:05",2005-07-31,"23:07:05"
9458,3105,343,2,2005-07-30,"22:24:34",2005-08-04,"21:26:34"
9459,1132,489,2,2005-07-30,"22:24:46",2005-08-02,"00:44:46"
9460,4463,580,2,2005-07-30,"22:25:39",2005-08-08,"20:56:39"
9461,1679,377,2,2005-07-30,"22:29:13",2005-08-05,"20:55:13"
9462,4090,192,2,2005-07-30,"22:30:44",2005-08-09,"03:54:44"
9463,883,352,1,2005-07-30,"22:30:57",2005-08-03,"22:53:57"
9464,3904,534,2,2005-07-30,"22:31:31",2005-08-07,"01:10:31"
9465,3084,2,2,2005-07-30,"22:39:53",2005-08-06,"16:43:53"
9466,2595,137,2,2005-07-30,"22:44:36",2005-08-07,"02:35:36"
9467,1905,202,2,2005-07-30,"22:45:34",2005-08-08,"00:58:34"
9468,4366,20,2,2005-07-30,"22:53:52",2005-08-07,"00:22:52"
9469,967,59,2,2005-07-30,"22:56:34",2005-08-07,"03:16:34"
9470,3908,566,2,2005-07-30,"23:01:31",2005-08-07,"01:35:31"
9471,2390,424,1,2005-07-30,"23:02:36",2005-08-04,"17:49:36"
9472,4178,404,1,2005-07-30,"23:03:32",2005-08-01,"18:02:32"
9473,1717,185,2,2005-07-30,"23:04:13",2005-08-04,"21:48:13"
9474,3771,206,1,2005-07-30,"23:05:44",2005-08-05,"23:46:44"
9475,2186,567,1,2005-07-30,"23:06:33",2005-08-04,"23:23:33"
9476,3599,197,2,2005-07-30,"23:06:40",2005-08-04,"22:52:40"
9477,1932,213,1,2005-07-30,"23:07:22",2005-08-04,"20:54:22"
9478,1139,283,1,2005-07-30,"23:12:53",2005-08-04,"02:41:53"
9479,3461,308,2,2005-07-30,"23:22:09",2005-07-31,"22:26:09"
9480,597,373,2,2005-07-30,"23:26:03",2005-08-04,"21:18:03"
9481,613,481,1,2005-07-30,"23:26:05",2005-08-04,"17:46:05"
9482,2421,348,2,2005-07-30,"23:29:16",2005-08-02,"20:37:16"
9483,1136,593,2,2005-07-30,"23:31:31",2005-08-09,"04:29:31"
9484,3389,26,1,2005-07-30,"23:31:40",2005-08-02,"18:25:40"
9485,3722,338,1,2005-07-30,"23:32:40",2005-08-08,"17:44:40"
9486,2787,403,2,2005-07-30,"23:35:42",2005-08-09,"02:08:42"
9487,2165,406,1,2005-07-30,"23:40:22",2005-08-01,"22:29:22"
9488,4221,528,1,2005-07-30,"23:42:42",2005-08-08,"22:15:42"
9489,4011,17,2,2005-07-30,"23:43:32",2005-07-31,"20:45:32"
9490,1302,487,1,2005-07-30,"23:45:09",2005-08-07,"18:50:09"
9491,3624,179,2,2005-07-30,"23:45:23",2005-08-01,"00:33:23"
9492,639,126,2,2005-07-30,"23:52:21",2005-08-08,"20:50:21"
9493,1522,5,1,2005-07-30,"23:52:30",2005-08-08,"05:22:30"
9494,3799,254,2,2005-07-30,"23:52:46",2005-08-05,"23:13:46"
9495,2128,397,2,2005-07-30,"23:54:26",2005-08-01,"22:02:26"
9496,453,125,2,2005-07-30,"23:55:20",2005-08-02,"02:47:20"
9497,933,595,1,2005-07-30,"23:56:54",2005-08-04,"19:52:54"
9498,1035,289,2,2005-07-30,"23:56:55",2005-08-03,"18:34:55"
9499,602,461,2,2005-07-30,"23:58:30",2005-08-01,"00:55:30"
9500,2808,241,2,2005-07-30,"23:58:36",2005-08-07,"21:08:36"
9501,4398,75,2,2005-07-30,"23:59:21",2005-08-05,"19:50:21"
9502,2700,471,1,2005-07-31,"00:02:10",2005-08-01,"19:47:10"
9503,1013,311,1,2005-07-31,"00:02:38",2005-08-06,"06:01:38"
9504,91,125,1,2005-07-31,"00:09:07",2005-08-02,"05:44:07"
9505,4047,543,2,2005-07-31,"00:11:19",2005-08-05,"18:24:19"
9506,3872,189,1,2005-07-31,"00:19:01",2005-08-02,"00:20:01"
9507,387,525,2,2005-07-31,"00:22:29",2005-08-07,"05:59:29"
9508,1204,316,1,2005-07-31,"00:22:39",2005-08-04,"05:40:39"
9509,818,320,1,2005-07-31,"00:22:42",2005-08-03,"23:24:42"
9510,2301,494,2,2005-07-31,"00:24:17",2005-08-08,"18:47:17"
9511,964,549,1,2005-07-31,"00:25:05",2005-08-09,"02:46:05"
9512,3786,173,2,2005-07-31,"00:26:30",2005-08-04,"23:43:30"
9513,396,317,2,2005-07-31,"00:28:30",2005-08-01,"00:22:30"
9514,1892,243,1,2005-07-31,"00:29:44",2005-08-02,"23:49:44"
9515,3099,264,2,2005-07-31,"00:35:05",2005-08-02,"23:35:05"
9516,3519,424,2,2005-07-31,"00:40:58",2005-08-07,"02:13:58"
9517,3299,170,1,2005-07-31,"00:41:23",2005-08-02,"23:08:23"
9518,2714,215,2,2005-07-31,"00:43:26",2005-08-04,"19:12:26"
9519,3767,235,2,2005-07-31,"00:45:57",2005-08-06,"00:59:57"
9520,1306,299,1,2005-07-31,"00:50:54",2005-08-04,"20:05:54"
9521,1423,227,2,2005-07-31,"00:52:24",2005-08-06,"03:33:24"
9522,4266,294,2,2005-07-31,"00:55:11",2005-08-03,"06:41:11"
9523,891,356,2,2005-07-31,"00:56:09",2005-08-05,"05:44:09"
9524,1796,535,2,2005-07-31,"01:01:06",2005-08-04,"04:06:06"
9525,2990,246,1,2005-07-31,"01:02:18",2005-08-06,"21:31:18"
9526,417,342,1,2005-07-31,"01:02:22",2005-08-04,"03:00:22"
9527,2539,200,2,2005-07-31,"01:02:24",2005-08-09,"02:08:24"
9528,193,241,1,2005-07-31,"01:05:04",2005-08-07,"01:16:04"
9529,816,123,2,2005-07-31,"01:05:26",2005-08-02,"22:30:26"
9530,1718,148,2,2005-07-31,"01:09:06",2005-08-04,"23:47:06"
9531,4550,268,1,2005-07-31,"01:11:53",2005-08-07,"02:49:53"
9532,1309,488,1,2005-07-31,"01:16:51",2005-08-01,"20:23:51"
9533,4156,522,1,2005-07-31,"01:18:10",2005-08-07,"19:58:10"
9534,4457,519,1,2005-07-31,"01:18:27",2005-08-06,"00:28:27"
9535,2413,485,2,2005-07-31,"01:18:53",2005-08-04,"03:04:53"
9536,2547,310,1,2005-07-31,"01:19:02",2005-08-02,"19:38:02"
9537,546,488,2,2005-07-31,"01:23:00",2005-08-01,"01:16:00"
9538,3402,68,2,2005-07-31,"01:25:22",2005-08-06,"00:10:22"
9539,3793,436,1,2005-07-31,"01:36:19",2005-08-04,"23:47:19"
9540,2200,365,1,2005-07-31,"01:40:06",2005-08-01,"01:09:06"
9541,1774,422,2,2005-07-31,"01:40:14",2005-08-05,"06:34:14"
9542,2243,595,2,2005-07-31,"01:41:48",2005-08-01,"00:49:48"
9543,956,369,1,2005-07-31,"01:43:34",2005-08-01,"06:49:34"
9544,2383,28,2,2005-07-31,"01:44:51",2005-08-05,"05:25:51"
9545,3451,594,1,2005-07-31,"01:46:24",2005-08-09,"06:11:24"
9546,211,63,2,2005-07-31,"01:47:40",2005-08-02,"07:25:40"
9547,2414,440,2,2005-07-31,"01:52:34",2005-08-03,"23:12:34"
9548,3038,576,2,2005-07-31,"01:54:19",2005-08-05,"00:50:19"
9549,2409,63,2,2005-07-31,"01:57:04",2005-08-07,"21:00:04"
9550,2233,583,1,2005-07-31,"01:57:34",2005-08-08,"23:33:34"
9551,1260,30,2,2005-07-31,"02:04:58",2005-08-06,"04:07:58"
9552,3544,261,1,2005-07-31,"02:05:32",2005-08-01,"06:59:32"
9553,4187,579,1,2005-07-31,"02:06:34",2005-08-08,"02:20:34"
9554,2581,490,1,2005-07-31,"02:06:49",2005-08-01,"22:27:49"
9555,2108,382,2,2005-07-31,"02:11:16",2005-08-03,"06:58:16"
9556,3269,521,1,2005-07-31,"02:13:30",2005-08-08,"06:46:30"
9557,708,328,1,2005-07-31,"02:14:01",2005-08-05,"23:55:01"
9558,1161,418,1,2005-07-31,"02:14:35",2005-08-06,"03:00:35"
9559,2882,159,1,2005-07-31,"02:15:53",2005-08-08,"02:38:53"
9560,4236,471,1,2005-07-31,"02:17:27",2005-08-07,"03:33:27"
9561,1079,58,2,2005-07-31,"02:22:13",2005-08-03,"07:00:13"
9562,1571,116,2,2005-07-31,"02:23:20",2005-08-06,"21:01:20"
9563,3858,167,1,2005-07-31,"02:28:39",2005-08-05,"22:10:39"
9564,383,377,2,2005-07-31,"02:31:37",2005-08-03,"22:57:37"
9565,3621,485,1,2005-07-31,"02:32:00",2005-08-04,"05:45:00"
9566,643,346,2,2005-07-31,"02:32:10",2005-08-02,"23:54:10"
9567,3688,37,2,2005-07-31,"02:36:11",2005-08-07,"01:19:11"
9568,1248,358,2,2005-07-31,"02:37:44",2005-08-02,"07:07:44"
9569,813,405,2,2005-07-31,"02:39:38",2005-08-02,"05:09:38"
9570,591,385,1,2005-07-31,"02:40:37",2005-08-01,"01:59:37"
9571,2219,1,2,2005-07-31,"02:42:18",2005-08-02,"23:26:18"
9572,1453,283,2,2005-07-31,"02:44:10",2005-08-01,"03:30:10"
9573,3745,59,2,2005-07-31,"02:45:38",2005-08-09,"04:31:38"
9574,2782,233,2,2005-07-31,"02:49:20",2005-08-05,"02:36:20"
9575,3971,193,2,2005-07-31,"02:51:53",2005-08-03,"20:54:53"
9576,3327,145,2,2005-07-31,"02:52:59",2005-08-05,"23:35:59"
9577,2423,526,1,2005-07-31,"02:53:33",2005-08-07,"05:56:33"
9578,2965,115,1,2005-07-31,"02:54:31",2005-08-02,"02:48:31"
9579,3547,35,2,2005-07-31,"02:59:20",2005-08-06,"03:52:20"
9580,532,22,1,2005-07-31,"03:01:11",2005-08-05,"06:01:11"
9581,2588,302,1,2005-07-31,"03:03:07",2005-08-05,"23:01:07"
9582,3913,347,1,2005-07-31,"03:05:19",2005-08-04,"07:26:19"
9583,3543,568,2,2005-07-31,"03:05:21",2005-08-06,"00:14:21"
9584,419,141,2,2005-07-31,"03:05:48",2005-08-01,"05:50:48"
9585,3249,197,2,2005-07-31,"03:05:55",2005-08-02,"23:54:55"
9586,3987,415,1,2005-07-31,"03:07:16",2005-08-04,"00:39:16"
9587,2966,235,2,2005-07-31,"03:10:30",2005-08-06,"06:54:30"
9588,1368,499,1,2005-07-31,"03:13:13",2005-08-02,"04:06:13"
9589,2604,574,2,2005-07-31,"03:13:29",2005-08-09,"01:51:29"
9590,2293,585,1,2005-07-31,"03:17:16",2005-08-08,"04:24:16"
9591,504,97,1,2005-07-31,"03:19:28",2005-08-01,"07:30:28"
9592,1828,14,1,2005-07-31,"03:21:16",2005-08-05,"08:32:16"
9593,1223,28,1,2005-07-31,"03:22:30",2005-08-05,"08:23:30"
9594,4382,148,1,2005-07-31,"03:23:52",2005-08-04,"23:06:52"
9595,2829,3,1,2005-07-31,"03:27:58",2005-08-03,"05:58:58"
9596,2847,55,2,2005-07-31,"03:28:47",2005-08-04,"03:43:47"
9597,3317,61,2,2005-07-31,"03:29:07",2005-08-09,"03:33:07"
9598,1105,468,1,2005-07-31,"03:30:41",2005-08-04,"03:54:41"
9599,3164,502,2,2005-07-31,"03:32:06",2005-08-04,"07:47:06"
9600,3731,464,1,2005-07-31,"03:35:34",2005-08-08,"22:50:34"
9601,1592,553,2,2005-07-31,"03:42:17",2005-08-04,"02:02:17"
9602,3173,386,1,2005-07-31,"03:42:51",2005-08-01,"08:39:51"
9603,2266,541,2,2005-07-31,"03:43:43",2005-08-02,"00:11:43"
9604,4342,580,1,2005-07-31,"03:47:12",2005-08-03,"06:48:12"
9605,1477,94,2,2005-07-31,"03:50:07",2005-08-07,"09:15:07"
9606,1357,253,2,2005-07-31,"03:50:46",2005-08-01,"05:29:46"
9607,3414,294,2,2005-07-31,"03:51:06",2005-08-02,"00:18:06"
9608,363,397,2,2005-07-31,"03:51:52",2005-08-06,"05:38:52"
9609,693,112,2,2005-07-31,"03:53:24",2005-08-05,"08:32:24"
9610,3110,16,1,2005-07-31,"03:54:05",2005-08-06,"23:11:05"
9611,1976,215,2,2005-07-31,"03:54:43",2005-08-05,"03:54:43"
9612,2142,69,2,2005-07-31,"03:58:31",2005-08-04,"07:34:31"
9613,3251,188,1,2005-07-31,"03:58:53",2005-08-02,"00:10:53"
9614,2955,548,1,2005-07-31,"03:59:31",2005-08-08,"04:19:31"
9615,3370,50,2,2005-07-31,"03:59:56",2005-08-02,"00:46:56"
9616,1210,550,1,2005-07-31,"04:05:01",2005-08-05,"00:10:01"
9617,529,102,1,2005-07-31,"04:15:38",2005-08-02,"04:24:38"
9618,2688,253,2,2005-07-31,"04:16:14",2005-08-07,"02:43:14"
9619,1730,138,2,2005-07-31,"04:17:02",2005-08-05,"06:36:02"
9620,2177,576,1,2005-07-31,"04:19:18",2005-08-08,"09:20:18"
9621,325,38,2,2005-07-31,"04:21:08",2005-08-08,"03:50:08"
9622,2255,411,1,2005-07-31,"04:21:45",2005-08-02,"09:20:45"
9623,113,360,1,2005-07-31,"04:30:02",2005-08-06,"23:34:02"
9624,3480,7,1,2005-07-31,"04:30:03",2005-08-06,"09:13:03"
9625,1703,445,1,2005-07-31,"04:30:48",2005-08-03,"01:12:48"
9626,2216,546,1,2005-07-31,"04:37:41",2005-08-08,"04:00:41"
9627,471,12,2,2005-07-31,"04:42:46",2005-08-08,"00:42:46"
9628,1387,565,2,2005-07-31,"04:51:11",2005-07-31,"23:11:11"
9629,2773,8,1,2005-07-31,"04:54:43",2005-08-02,"08:36:43"
9630,2008,599,2,2005-07-31,"04:57:07",2005-08-07,"10:55:07"
9631,321,595,2,2005-07-31,"05:02:00",2005-08-02,"02:04:00"
9632,3368,217,2,2005-07-31,"05:02:23",2005-08-06,"04:49:23"
9633,1141,334,2,2005-07-31,"05:04:08",2005-08-06,"00:52:08"
9634,924,444,1,2005-07-31,"05:06:02",2005-08-04,"06:53:02"
9635,1687,371,2,2005-07-31,"05:12:27",2005-08-02,"00:24:27"
9636,1725,27,2,2005-07-31,"05:12:59",2005-08-09,"07:31:59"
9637,3013,130,2,2005-07-31,"05:18:54",2005-08-03,"01:23:54"
9638,1616,436,1,2005-07-31,"05:30:27",2005-08-09,"02:04:27"
9639,1373,459,2,2005-07-31,"05:32:10",2005-08-03,"07:04:10"
9640,1067,67,1,2005-07-31,"05:33:25",2005-08-09,"09:41:25"
9641,1085,30,1,2005-07-31,"05:33:48",2005-08-04,"07:43:48"
9642,3550,68,1,2005-07-31,"05:33:57",2005-08-05,"04:54:57"
9643,3576,538,2,2005-07-31,"05:35:48",2005-08-08,"04:28:48"
9644,4577,441,1,2005-07-31,"05:40:35",2005-08-09,"08:18:35"
9645,3413,519,1,2005-07-31,"05:42:49",2005-08-04,"00:08:49"
9646,3756,89,1,2005-07-31,"05:43:28",2005-08-08,"04:00:28"
9647,3415,475,1,2005-07-31,"05:45:15",2005-08-06,"08:54:15"
9648,4063,72,2,2005-07-31,"05:46:03",2005-08-09,"04:36:03"
9649,1588,51,2,2005-07-31,"05:46:54",2005-08-04,"08:42:54"
9650,2997,414,2,2005-07-31,"05:47:32",2005-08-04,"00:50:32"
9651,4059,324,1,2005-07-31,"05:48:49",2005-08-04,"06:53:49"
9652,448,207,2,2005-07-31,"05:49:53",2005-08-06,"07:38:53"
9653,1451,383,2,2005-07-31,"05:55:38",2005-08-03,"09:35:38"
9654,3286,506,1,2005-07-31,"05:57:42",2005-08-06,"04:19:42"
9655,3403,435,1,2005-07-31,"05:57:54",2005-08-06,"02:00:54"
9656,4215,39,1,2005-07-31,"06:00:21",2005-08-05,"04:36:21"
9657,2681,402,2,2005-07-31,"06:00:41",2005-08-06,"06:51:41"
9658,2332,282,2,2005-07-31,"06:00:52",2005-08-09,"04:47:52"
9659,4262,360,2,2005-07-31,"06:02:14",2005-08-07,"00:54:14"
9660,1090,406,2,2005-07-31,"06:03:17",2005-08-07,"06:59:17"
9661,2693,237,1,2005-07-31,"06:06:37",2005-08-04,"07:37:37"
9662,2757,96,2,2005-07-31,"06:09:53",2005-08-08,"00:50:53"
9663,2099,339,2,2005-07-31,"06:10:48",2005-08-01,"11:40:48"
9664,360,13,2,2005-07-31,"06:12:08",2005-08-04,"02:19:08"
9665,2863,478,1,2005-07-31,"06:17:33",2005-08-04,"08:53:33"
9666,4318,592,2,2005-07-31,"06:20:58",2005-08-06,"06:09:58"
9667,4289,523,1,2005-07-31,"06:23:52",2005-08-09,"09:12:52"
9668,1647,378,2,2005-07-31,"06:31:03",2005-08-07,"06:19:03"
9669,4496,277,2,2005-07-31,"06:31:36",2005-08-08,"03:05:36"
9670,3709,349,1,2005-07-31,"06:33:33",2005-08-07,"04:51:33"
9671,920,133,1,2005-07-31,"06:33:41",2005-08-02,"07:50:41"
9672,4394,183,2,2005-07-31,"06:34:06",2005-08-08,"10:29:06"
9673,339,27,2,2005-07-31,"06:34:55",2005-08-09,"09:15:55"
9674,3213,297,2,2005-07-31,"06:36:53",2005-08-06,"02:50:53"
9675,2523,243,1,2005-07-31,"06:37:07",2005-08-03,"07:03:07"
9676,681,239,2,2005-07-31,"06:39:13",2005-08-05,"09:31:13"
9677,3200,274,2,2005-07-31,"06:39:45",2005-08-01,"02:37:45"
9678,3430,383,2,2005-07-31,"06:40:47",2005-08-02,"00:57:47"
9679,3819,599,1,2005-07-31,"06:41:19",2005-08-02,"07:23:19"
9680,3010,84,2,2005-07-31,"06:41:46",2005-08-01,"11:02:46"
9681,64,160,1,2005-07-31,"06:42:09",2005-08-06,"08:21:09"
9682,2427,425,1,2005-07-31,"06:47:10",2005-08-04,"09:07:10"
9683,856,141,2,2005-07-31,"06:47:13",2005-08-04,"05:52:13"
9684,362,591,2,2005-07-31,"06:48:33",2005-08-01,"07:07:33"
9685,3097,165,1,2005-07-31,"06:49:18",2005-08-04,"03:19:18"
9686,3825,386,1,2005-07-31,"06:50:06",2005-08-06,"08:41:06"
9687,3540,470,2,2005-07-31,"06:52:54",2005-08-01,"03:40:54"
9688,1304,566,2,2005-07-31,"06:56:08",2005-08-08,"03:31:08"
9689,819,498,2,2005-07-31,"07:00:08",2005-08-04,"03:33:08"
9690,4449,468,2,2005-07-31,"07:06:29",2005-08-06,"09:45:29"
9691,2626,50,1,2005-07-31,"07:09:55",2005-08-09,"02:29:55"
9692,3481,295,2,2005-07-31,"07:11:04",2005-08-07,"06:34:04"
9693,1031,273,1,2005-07-31,"07:11:50",2005-08-08,"09:55:50"
9694,3447,508,2,2005-07-31,"07:13:16",2005-08-06,"09:12:16"
9695,726,95,2,2005-07-31,"07:13:30",2005-08-07,"05:38:30"
9696,2703,156,2,2005-07-31,"07:13:46",2005-08-03,"10:49:46"
9697,762,479,2,2005-07-31,"07:23:11",2005-08-05,"08:04:11"
9698,3477,594,2,2005-07-31,"07:24:35",2005-08-09,"04:52:35"
9699,199,21,1,2005-07-31,"07:29:25",2005-08-06,"01:35:25"
9700,2678,40,1,2005-07-31,"07:29:59",2005-08-02,"09:53:59"
9701,4581,401,2,2005-07-31,"07:32:21",2005-08-01,"05:07:21"
9702,3353,525,2,2005-07-31,"07:34:07",2005-08-02,"06:13:07"
9703,2708,57,2,2005-07-31,"07:34:52",2005-08-03,"13:33:52"
9704,1402,385,2,2005-07-31,"07:39:32",2005-08-06,"01:50:32"
9705,4158,28,2,2005-07-31,"07:40:33",2005-08-01,"03:50:33"
9706,142,508,1,2005-07-31,"07:43:19",2005-08-05,"11:11:19"
9707,203,351,1,2005-07-31,"07:44:18",2005-08-08,"12:45:18"
9708,3264,12,1,2005-07-31,"07:45:33",2005-08-08,"08:56:33"
9709,2096,137,1,2005-07-31,"08:04:55",2005-08-07,"08:58:55"
9710,3486,380,2,2005-07-31,"08:05:31",2005-08-09,"03:29:31"
9711,1525,231,2,2005-07-31,"08:06:41",2005-08-02,"10:30:41"
9712,2487,219,2,2005-07-31,"08:13:11",2005-08-08,"12:40:11"
9713,929,158,1,2005-07-31,"08:13:28",2005-08-07,"10:11:28"
9714,1532,144,2,2005-07-31,"08:15:32",2005-08-03,"08:33:32"
9715,3319,237,1,2005-07-31,"08:16:58",2005-08-04,"11:13:58"
9716,3385,287,2,2005-07-31,"08:23:53",2005-08-08,"12:03:53"
9717,4207,114,1,2005-07-31,"08:24:41",2005-08-04,"02:51:41"
9718,2747,23,2,2005-07-31,"08:25:03",2005-08-08,"04:16:03"
9719,335,584,1,2005-07-31,"08:25:13",2005-08-05,"08:22:13"
9720,1282,587,2,2005-07-31,"08:25:21",2005-08-07,"11:30:21"
9721,3942,196,1,2005-07-31,"08:28:46",2005-08-05,"14:03:46"
9722,4260,125,2,2005-07-31,"08:29:48",2005-08-07,"07:52:48"
9723,3968,24,1,2005-07-31,"08:31:18",2005-08-03,"10:25:18"
9724,518,130,1,2005-07-31,"08:33:08",2005-08-08,"04:50:08"
9725,3960,503,2,2005-07-31,"08:35:18",2005-08-03,"03:46:18"
9726,1701,162,1,2005-07-31,"08:37:07",2005-08-09,"06:09:07"
9727,3076,536,1,2005-07-31,"08:39:13",2005-08-03,"07:54:13"
9728,3630,399,2,2005-07-31,"08:40:54",2005-08-03,"04:14:54"
9729,4199,273,2,2005-07-31,"08:43:43",2005-08-01,"13:25:43"
9730,2605,242,2,2005-07-31,"08:50:08",2005-08-08,"12:21:08"
9731,3713,349,1,2005-07-31,"08:54:47",2005-08-05,"03:47:47"
9732,3262,288,2,2005-07-31,"08:56:08",2005-08-07,"11:05:08"
9733,1255,575,1,2005-07-31,"08:57:35",2005-08-04,"04:47:35"
9734,3320,125,1,2005-07-31,"08:57:45",2005-08-05,"11:57:45"
9735,4228,315,2,2005-07-31,"08:57:49",2005-08-08,"13:51:49"
9736,2072,13,2,2005-07-31,"08:58:40",2005-08-09,"08:34:40"
9737,1720,475,2,2005-07-31,"08:59:18",2005-08-03,"12:19:18"
9738,2278,568,2,2005-07-31,"09:04:14",2005-08-05,"14:40:14"
9739,1328,343,1,2005-07-31,"09:08:03",2005-08-04,"13:57:03"
9740,3497,443,2,2005-07-31,"09:08:03",2005-08-06,"04:48:03"
9741,1971,495,1,2005-07-31,"09:09:22",2005-08-07,"10:01:22"
9742,4058,48,1,2005-07-31,"09:10:20",2005-08-08,"10:07:20"
9743,1740,476,2,2005-07-31,"09:12:42",2005-08-06,"11:57:42"
9744,839,459,2,2005-07-31,"09:15:38",2005-08-03,"10:31:38"
9745,3610,217,1,2005-07-31,"09:16:14",2005-08-07,"12:11:14"
9746,1459,308,2,2005-07-31,"09:16:48",2005-08-07,"06:36:48"
9747,2455,106,2,2005-07-31,"09:16:57",2005-08-08,"06:47:57"
9748,3308,550,1,2005-07-31,"09:17:56",2005-08-02,"14:54:56"
9749,658,52,1,2005-07-31,"09:18:33",2005-08-06,"07:41:33"
9750,3174,527,1,2005-07-31,"09:19:46",2005-08-06,"08:07:46"
9751,36,202,2,2005-07-31,"09:20:50",2005-08-01,"05:34:50"
9752,249,199,1,2005-07-31,"09:22:02",2005-08-02,"14:34:02"
9753,3529,98,1,2005-07-31,"09:22:38",2005-08-01,"08:45:38"
9754,3751,479,1,2005-07-31,"09:23:43",2005-08-08,"06:04:43"
9755,86,108,2,2005-07-31,"09:24:55",2005-08-07,"06:00:55"
9756,207,400,1,2005-07-31,"09:25:00",2005-08-02,"05:11:00"
9757,2596,408,2,2005-07-31,"09:25:14",2005-08-01,"14:43:14"
9758,1307,160,1,2005-07-31,"09:25:38",2005-08-03,"14:16:38"
9759,2950,574,2,2005-07-31,"09:25:57",2005-08-07,"12:56:57"
9760,426,511,2,2005-07-31,"09:29:33",2005-08-09,"07:32:33"
9761,3778,60,2,2005-07-31,"09:31:54",2005-08-03,"11:02:54"
9762,155,540,1,2005-07-31,"09:32:54",2005-08-05,"04:55:54"
9763,126,393,1,2005-07-31,"09:34:03",2005-08-08,"05:30:03"
9764,3761,136,2,2005-07-31,"09:42:58",2005-08-07,"07:22:58"
9765,472,551,1,2005-07-31,"09:44:40",2005-08-05,"10:57:40"
9766,4049,570,1,2005-07-31,"09:46:29",2005-08-01,"05:08:29"
9767,3432,89,1,2005-07-31,"09:46:49",2005-08-03,"11:20:49"
9768,2656,582,2,2005-07-31,"09:48:41",2005-08-08,"11:40:41"
9769,2958,484,1,2005-07-31,"09:52:16",2005-08-06,"09:26:16"
9770,1226,317,1,2005-07-31,"09:52:40",2005-08-09,"06:44:40"
9771,4123,398,2,2005-07-31,"09:55:36",2005-08-04,"10:11:36"
9772,3639,147,2,2005-07-31,"09:56:07",2005-08-01,"13:50:07"
9773,4555,376,1,2005-07-31,"09:56:56",2005-08-04,"09:38:56"
9774,4174,306,2,2005-07-31,"09:57:51",2005-08-02,"09:08:51"
9775,2818,162,2,2005-07-31,"10:00:00",2005-08-01,"08:57:00"
9776,2524,73,2,2005-07-31,"10:01:03",2005-08-03,"07:20:03"
9777,225,539,2,2005-07-31,"10:01:06",2005-08-08,"04:44:06"
9778,304,230,2,2005-07-31,"10:02:04",2005-08-04,"07:44:04"
9779,1280,402,1,2005-07-31,"10:08:33",2005-08-03,"14:56:33"
9780,3241,102,1,2005-07-31,"10:10:22",2005-08-02,"11:43:22"
9781,2310,155,1,2005-07-31,"10:13:02",2005-08-09,"14:46:02"
9782,2397,438,1,2005-07-31,"10:14:26",2005-08-06,"16:11:26"
9783,836,75,2,2005-07-31,"10:15:46",2005-08-09,"13:22:46"
9784,2761,362,2,2005-07-31,"10:21:32",2005-08-07,"09:20:32"
9785,4101,587,1,2005-07-31,"10:22:15",2005-08-02,"10:02:15"
9786,2560,586,1,2005-07-31,"10:25:21",2005-08-03,"04:28:21"
9787,3559,272,1,2005-07-31,"10:26:19",2005-08-09,"09:02:19"
9788,4367,344,1,2005-07-31,"10:28:21",2005-08-09,"13:45:21"
9789,619,137,1,2005-07-31,"10:30:25",2005-08-03,"14:58:25"
9790,3643,284,2,2005-07-31,"10:34:08",2005-08-04,"11:19:08"
9791,3642,300,1,2005-07-31,"10:35:22",2005-08-03,"05:34:22"
9792,3163,292,1,2005-07-31,"10:43:41",2005-08-07,"10:18:41"
9793,4576,295,1,2005-07-31,"10:45:11",2005-08-03,"14:29:11"
9794,1771,403,2,2005-07-31,"10:47:01",2005-08-02,"06:52:01"
9795,2005,63,2,2005-07-31,"10:47:19",2005-08-04,"09:32:19"
9796,1038,539,1,2005-07-31,"10:52:43",2005-08-09,"06:08:43"
9797,687,52,1,2005-07-31,"10:53:44",2005-08-09,"05:51:44"
9798,3759,55,2,2005-07-31,"10:55:18",2005-08-01,"07:37:18"
9799,3008,494,1,2005-07-31,"10:58:32",2005-08-01,"12:08:32"
9800,2153,257,2,2005-07-31,"11:00:58",2005-08-02,"10:13:58"
9801,3033,158,2,2005-07-31,"11:03:13",2005-08-04,"10:55:13"
9802,2156,594,1,2005-07-31,"11:04:20",2005-08-03,"05:28:20"
9803,3783,520,1,2005-07-31,"11:06:02",2005-08-01,"06:25:02"
9804,2490,196,1,2005-07-31,"11:07:39",2005-08-09,"11:57:39"
9805,4179,36,2,2005-07-31,"11:11:10",2005-08-03,"07:36:10"
9806,245,46,1,2005-07-31,"11:13:49",2005-08-04,"06:18:49"
9807,2137,267,1,2005-07-31,"11:13:52",2005-08-02,"07:34:52"
9808,3259,583,1,2005-07-31,"11:17:22",2005-08-07,"15:54:22"
9809,359,286,2,2005-07-31,"11:19:21",2005-08-08,"12:43:21"
9810,2066,545,2,2005-07-31,"11:22:41",2005-08-01,"09:40:41"
9811,3305,77,1,2005-07-31,"11:23:45",2005-08-06,"15:51:45"
9812,1540,57,2,2005-07-31,"11:28:07",2005-08-01,"12:35:07"
9813,1706,245,2,2005-07-31,"11:29:23",2005-08-07,"08:01:23"
9814,136,79,1,2005-07-31,"11:29:46",2005-08-08,"15:49:46"
9815,2728,540,1,2005-07-31,"11:30:51",2005-08-08,"12:52:51"
9816,4560,3,2,2005-07-31,"11:32:58",2005-08-04,"17:12:58"
9817,4019,170,2,2005-07-31,"11:33:31",2005-08-08,"14:49:31"
9818,1254,183,1,2005-07-31,"11:34:32",2005-08-04,"08:20:32"
9819,1927,292,2,2005-07-31,"11:39:13",2005-08-06,"09:11:13"
9820,499,279,1,2005-07-31,"11:46:57",2005-08-08,"13:35:57"
9821,386,271,2,2005-07-31,"11:47:54",2005-08-08,"06:21:54"
9822,2469,381,2,2005-07-31,"11:48:25",2005-08-05,"15:52:25"
9823,4423,129,2,2005-07-31,"11:49:00",2005-08-07,"09:06:00"
9824,4368,404,2,2005-07-31,"11:49:55",2005-08-07,"16:54:55"
9825,4322,390,1,2005-07-31,"11:50:51",2005-08-02,"07:18:51"
9826,2649,595,1,2005-07-31,"11:51:46",2005-08-09,"17:18:46"
9827,3840,329,1,2005-07-31,"11:56:55",2005-08-09,"16:29:55"
9828,3845,376,1,2005-07-31,"11:56:57",2005-08-02,"17:05:57"
9829,231,435,2,2005-07-31,"11:58:38",2005-08-07,"08:11:38"
9830,170,112,1,2005-07-31,"11:59:05",2005-08-06,"10:38:05"
9831,1961,192,1,2005-07-31,"11:59:32",2005-08-04,"07:14:32"
9832,3126,64,1,2005-07-31,"12:01:49",2005-08-08,"09:21:49"
9833,4243,368,2,2005-07-31,"12:05:01",2005-08-09,"09:25:01"
9834,2292,340,1,2005-07-31,"12:05:42",2005-08-07,"15:26:42"
9835,1051,328,2,2005-07-31,"12:07:35",2005-08-04,"07:32:35"
9836,2870,313,1,2005-07-31,"12:12:00",2005-08-09,"06:53:00"
9837,3488,573,1,2005-07-31,"12:14:19",2005-08-09,"17:08:19"
9838,3866,208,2,2005-07-31,"12:18:49",2005-08-03,"16:49:49"
9839,1591,561,2,2005-07-31,"12:21:16",2005-08-09,"13:41:16"
9840,364,388,1,2005-07-31,"12:23:18",2005-08-06,"15:59:18"
9841,4554,238,1,2005-07-31,"12:24:19",2005-08-09,"15:31:19"
9842,2896,261,2,2005-07-31,"12:24:58",2005-08-02,"11:01:58"
9843,2923,532,2,2005-07-31,"12:25:28",2005-08-01,"09:51:28"
9844,3930,181,1,2005-07-31,"12:26:31",2005-08-05,"13:58:31"
9845,2417,79,1,2005-07-31,"12:28:05",2005-08-06,"06:47:05"
9846,4240,573,2,2005-07-31,"12:30:12",2005-08-05,"08:24:12"
9847,1137,174,2,2005-07-31,"12:33:43",2005-08-04,"14:15:43"
9848,3290,346,2,2005-07-31,"12:44:33",2005-08-07,"13:49:33"
9849,2230,429,1,2005-07-31,"12:44:34",2005-08-02,"16:49:34"
9850,1461,497,2,2005-07-31,"12:46:52",2005-08-04,"10:52:52"
9851,25,49,2,2005-07-31,"12:50:24",2005-08-08,"08:30:24"
9852,4257,415,2,2005-07-31,"12:52:17",2005-08-05,"07:59:17"
9853,1782,221,1,2005-07-31,"12:58:20",2005-08-04,"10:47:20"
9854,1049,441,2,2005-07-31,"12:59:34",2005-08-03,"07:20:34"
9855,1246,326,2,2005-07-31,"13:00:33",2005-08-03,"16:18:33"
9856,723,347,1,2005-07-31,"13:00:35",2005-08-07,"18:07:35"
9857,3316,168,1,2005-07-31,"13:00:53",2005-08-09,"15:56:53"
9858,252,128,2,2005-07-31,"13:02:07",2005-08-03,"15:14:07"
9859,4094,127,1,2005-07-31,"13:02:55",2005-08-05,"11:04:55"
9860,3266,585,2,2005-07-31,"13:03:24",2005-08-07,"07:28:24"
9861,1050,264,1,2005-07-31,"13:04:14",2005-08-09,"15:22:14"
9862,474,513,2,2005-07-31,"13:05:03",2005-08-01,"09:05:03"
9863,19,239,1,2005-07-31,"13:05:29",2005-08-08,"12:33:29"
9864,3619,394,2,2005-07-31,"13:06:54",2005-08-02,"11:47:54"
9865,1355,580,2,2005-07-31,"13:10:45",2005-08-02,"09:19:45"
9866,3555,374,1,2005-07-31,"13:13:50",2005-08-07,"15:11:50"
9867,2485,83,2,2005-07-31,"13:17:04",2005-08-05,"07:17:04"
9868,266,378,2,2005-07-31,"13:20:08",2005-08-01,"18:17:08"
9869,783,261,1,2005-07-31,"13:21:54",2005-08-07,"09:09:54"
9870,442,195,1,2005-07-31,"13:22:51",2005-08-05,"16:04:51"
9871,194,109,2,2005-07-31,"13:25:46",2005-08-01,"13:12:46"
9872,1021,376,1,2005-07-31,"13:27:55",2005-08-04,"14:33:55"
9873,667,442,2,2005-07-31,"13:32:18",2005-08-06,"11:15:18"
9874,2476,482,2,2005-07-31,"13:32:31",2005-08-07,"09:50:31"
9875,2878,421,2,2005-07-31,"13:37:41",2005-08-03,"15:17:41"
9876,828,347,2,2005-07-31,"13:37:51",2005-08-07,"18:05:51"
9877,1299,559,2,2005-07-31,"13:41:57",2005-08-06,"15:27:57"
9878,1753,424,2,2005-07-31,"13:42:02",2005-08-05,"10:15:02"
9879,1935,178,1,2005-07-31,"13:45:32",2005-08-07,"17:12:32"
9880,3590,64,2,2005-07-31,"13:49:02",2005-08-08,"10:31:02"
9881,4209,412,1,2005-07-31,"13:50:38",2005-08-06,"08:58:38"
9882,1429,311,1,2005-07-31,"13:53:33",2005-08-09,"15:55:33"
9883,4286,356,1,2005-07-31,"13:53:37",2005-08-06,"15:45:37"
9884,511,590,1,2005-07-31,"13:56:24",2005-08-01,"16:59:24"
9885,3600,461,2,2005-07-31,"13:59:32",2005-08-07,"12:30:32"
9886,1386,519,1,2005-07-31,"14:00:13",2005-08-08,"19:30:13"
9887,436,549,1,2005-07-31,"14:00:32",2005-08-05,"19:16:32"
9888,4400,5,2,2005-07-31,"14:00:53",2005-08-08,"18:51:53"
9889,2842,143,2,2005-07-31,"14:02:50",2005-08-05,"12:09:50"
9890,1024,151,1,2005-07-31,"14:04:44",2005-08-01,"11:24:44"
9891,3359,462,2,2005-07-31,"14:05:44",2005-08-02,"16:21:44"
9892,1045,251,2,2005-07-31,"14:06:25",2005-08-03,"18:11:25"
9893,2445,179,2,2005-07-31,"14:07:21",2005-08-01,"09:20:21"
9894,3724,199,2,2005-07-31,"14:07:44",2005-08-05,"18:01:44"
9895,835,560,1,2005-07-31,"14:07:56",2005-08-05,"14:56:56"
9896,2591,586,1,2005-07-31,"14:09:48",2005-08-01,"20:02:48"
9897,3945,538,1,2005-07-31,"14:11:57",2005-08-02,"12:20:57"
9898,2151,359,1,2005-07-31,"14:12:03",2005-08-01,"12:27:03"
9899,3352,168,1,2005-07-31,"14:12:36",2005-08-08,"08:59:36"
9900,3132,453,2,2005-07-31,"14:15:05",2005-08-07,"11:58:05"
9901,3332,277,1,2005-07-31,"14:20:59",2005-08-03,"09:30:59"
9902,486,218,2,2005-07-31,"14:24:33",2005-08-09,"11:11:33"
9903,1621,316,1,2005-07-31,"14:31:44",2005-08-08,"20:03:44"
9904,4089,428,1,2005-07-31,"14:34:17",2005-08-08,"17:19:17"
9905,2839,519,2,2005-07-31,"14:37:03",2005-08-01,"15:55:03"
9906,4241,204,1,2005-07-31,"14:38:12",2005-08-01,"13:56:12"
9907,4282,120,1,2005-07-31,"14:39:50",2005-08-09,"09:39:50"
9908,4408,27,2,2005-07-31,"14:39:52",2005-08-09,"09:46:52"
9909,2600,587,1,2005-07-31,"14:43:34",2005-08-09,"15:31:34"
9910,368,122,1,2005-07-31,"14:47:57",2005-08-05,"18:20:57"
9911,3879,112,1,2005-07-31,"14:48:01",2005-08-06,"11:55:01"
9912,3119,367,1,2005-07-31,"14:49:04",2005-08-03,"15:40:04"
9913,3744,229,1,2005-07-31,"14:51:04",2005-08-06,"12:12:04"
9914,3147,530,1,2005-07-31,"14:51:19",2005-08-05,"09:51:19"
9915,2933,566,1,2005-07-31,"14:52:26",2005-08-03,"11:53:26"
9916,949,432,1,2005-07-31,"14:54:52",2005-08-07,"13:18:52"
9917,3829,159,2,2005-07-31,"14:55:11",2005-08-02,"13:58:11"
9918,2519,283,2,2005-07-31,"14:55:22",2005-08-04,"09:02:22"
9919,3205,291,2,2005-07-31,"14:55:46",2005-08-08,"11:43:46"
9920,3108,139,2,2005-07-31,"14:57:13",2005-08-03,"18:58:13"
9921,1004,332,2,2005-07-31,"14:59:21",2005-08-01,"12:40:21"
9922,3615,25,1,2005-07-31,"14:59:37",2005-08-06,"14:05:37"
9923,1635,209,2,2005-07-31,"15:00:15",2005-08-05,"11:09:15"
9924,1986,64,2,2005-07-31,"15:04:57",2005-08-05,"20:07:57"
9925,2351,24,1,2005-07-31,"15:08:47",2005-08-02,"20:27:47"
9926,3733,472,1,2005-07-31,"15:11:51",2005-08-09,"18:26:51"
9927,999,346,1,2005-07-31,"15:12:13",2005-08-01,"11:37:13"
9928,3627,53,1,2005-07-31,"15:13:57",2005-08-06,"20:39:57"
9929,2521,564,1,2005-07-31,"15:17:24",2005-08-03,"17:27:24"
9930,4491,304,2,2005-07-31,"15:18:03",2005-08-01,"12:36:03"
9931,3455,183,2,2005-07-31,"15:18:19",2005-08-04,"14:23:19"
9932,1691,264,1,2005-07-31,"15:19:48",2005-08-05,"21:09:48"
9933,2349,111,1,2005-07-31,"15:24:46",2005-08-01,"10:00:46"
9934,2492,236,1,2005-07-31,"15:25:26",2005-08-05,"17:13:26"
9935,2247,10,1,2005-07-31,"15:27:07",2005-08-05,"11:23:07"
9936,979,153,1,2005-07-31,"15:27:41",2005-08-06,"16:25:41"
9937,3697,521,2,2005-07-31,"15:28:10",2005-08-06,"21:20:10"
9938,2871,63,2,2005-07-31,"15:28:47",2005-08-09,"21:24:47"
9939,3049,538,1,2005-07-31,"15:29:00",2005-08-08,"11:09:00"
9940,3975,388,2,2005-07-31,"15:29:06",2005-08-06,"14:26:06"
9941,1756,175,1,2005-07-31,"15:31:25",2005-08-05,"17:23:25"
9942,4573,545,2,2005-07-31,"15:35:43",2005-08-07,"17:37:43"
9943,887,494,1,2005-07-31,"15:37:29",2005-08-09,"18:25:29"
9944,2540,241,1,2005-07-31,"15:44:43",2005-08-08,"10:30:43"
9945,2075,309,1,2005-07-31,"15:47:51",2005-08-02,"19:06:51"
9946,2100,29,2,2005-07-31,"15:48:54",2005-08-03,"12:42:54"
9947,1173,138,1,2005-07-31,"15:49:40",2005-08-08,"11:11:40"
9948,806,342,1,2005-07-31,"15:49:41",2005-08-06,"12:36:41"
9949,3258,309,2,2005-07-31,"15:50:10",2005-08-01,"17:53:10"
9950,1657,572,2,2005-07-31,"15:50:22",2005-08-08,"19:10:22"
9951,4412,95,1,2005-07-31,"15:51:16",2005-08-03,"14:54:16"
9952,1634,128,2,2005-07-31,"15:52:37",2005-08-06,"10:50:37"
9953,1646,211,2,2005-07-31,"15:56:35",2005-08-02,"12:01:35"
9954,1830,463,2,2005-07-31,"15:57:07",2005-08-05,"12:04:07"
9955,1745,342,2,2005-07-31,"16:01:26",2005-08-04,"11:15:26"
9956,4485,342,2,2005-07-31,"16:03:47",2005-08-01,"16:40:47"
9957,1857,85,2,2005-07-31,"16:03:55",2005-08-04,"15:16:55"
9958,4142,157,2,2005-07-31,"16:03:56",2005-08-04,"15:21:56"
9959,340,199,2,2005-07-31,"16:04:22",2005-08-03,"21:51:22"
9960,1022,569,2,2005-07-31,"16:05:52",2005-08-05,"14:15:52"
9961,1856,40,2,2005-07-31,"16:07:50",2005-08-07,"18:37:50"
9962,1951,576,1,2005-07-31,"16:10:36",2005-08-02,"17:09:36"
9963,1609,573,1,2005-07-31,"16:16:46",2005-08-02,"22:00:46"
9964,3149,191,1,2005-07-31,"16:17:39",2005-08-03,"15:03:39"
9965,3946,101,2,2005-07-31,"16:19:32",2005-08-05,"20:18:32"
9966,4137,373,1,2005-07-31,"16:26:46",2005-08-03,"14:29:46"
9967,958,537,1,2005-07-31,"16:31:17",2005-08-06,"13:52:17"
9968,2666,363,1,2005-07-31,"16:32:16",2005-08-08,"12:23:16"
9969,938,151,2,2005-07-31,"16:38:12",2005-08-05,"11:45:12"
9970,2846,578,2,2005-07-31,"16:38:24",2005-08-02,"12:59:24"
9971,2674,573,2,2005-07-31,"16:42:16",2005-08-09,"18:08:16"
9972,190,506,2,2005-07-31,"16:42:43",2005-08-02,"11:05:43"
9973,1850,369,2,2005-07-31,"16:49:31",2005-08-03,"22:03:31"
9974,430,503,1,2005-07-31,"16:51:11",2005-08-05,"16:04:11"
9975,2564,40,2,2005-07-31,"16:53:43",2005-08-07,"20:13:43"
9976,4219,579,2,2005-07-31,"16:57:49",2005-08-03,"16:33:49"
9977,2300,363,1,2005-07-31,"16:58:42",2005-08-09,"13:34:42"
9978,2812,427,2,2005-07-31,"16:59:51",2005-08-06,"16:48:51"
9979,646,576,1,2005-07-31,"17:00:07",2005-08-08,"20:40:07"
9980,122,225,2,2005-07-31,"17:02:00",2005-08-08,"11:11:00"
9981,1354,321,2,2005-07-31,"17:08:31",2005-08-01,"22:46:31"
9982,2698,428,2,2005-07-31,"17:09:02",2005-08-02,"13:02:02"
9983,350,129,1,2005-07-31,"17:09:36",2005-08-08,"20:26:36"
9984,433,432,2,2005-07-31,"17:12:23",2005-08-01,"21:04:23"
9985,1831,85,2,2005-07-31,"17:14:47",2005-08-01,"12:11:47"
9986,1242,124,2,2005-07-31,"17:16:50",2005-08-05,"18:34:50"
9987,1619,15,2,2005-07-31,"17:22:35",2005-08-01,"21:19:35"
9988,3844,243,2,2005-07-31,"17:22:36",2005-08-07,"18:35:36"
9989,1713,79,1,2005-07-31,"17:22:39",2005-08-01,"18:55:39"
9990,4481,555,2,2005-07-31,"17:24:21",2005-08-09,"17:14:21"
9991,3662,414,1,2005-07-31,"17:26:27",2005-08-03,"17:36:27"
9992,4242,304,2,2005-07-31,"17:29:48",2005-08-09,"13:02:48"
9993,2503,225,2,2005-07-31,"17:30:20",2005-08-01,"20:53:20"
9994,2155,195,1,2005-07-31,"17:30:31",2005-08-01,"11:35:31"
9995,1978,180,2,2005-07-31,"17:30:47",2005-08-04,"12:20:47"
9996,3271,104,2,2005-07-31,"17:32:03",2005-08-06,"16:17:03"
9997,640,579,1,2005-07-31,"17:37:30",2005-08-02,"14:49:30"
9998,2549,30,1,2005-07-31,"17:40:35",2005-08-04,"18:15:35"
9999,1438,543,1,2005-07-31,"17:40:53",2005-08-01,"14:25:53"
10000,3221,576,1,2005-07-31,"17:41:05",2005-08-02,"20:51:05"
10001,2188,244,1,2005-07-31,"17:46:18",2005-08-07,"20:38:18"
10002,1002,323,1,2005-07-31,"17:48:16",2005-08-06,"16:15:16"
10003,1603,13,1,2005-07-31,"17:48:51",2005-08-02,"14:23:51"
10004,2396,570,1,2005-07-31,"17:51:23",2005-08-03,"19:12:23"
10005,928,454,1,2005-07-31,"17:53:51",2005-08-09,"21:39:51"
10006,2538,470,2,2005-07-31,"17:54:35",2005-08-02,"20:40:35"
10007,293,445,2,2005-07-31,"17:54:58",2005-08-05,"17:24:58"
10008,2589,91,2,2005-07-31,"17:59:36",2005-08-03,"22:43:36"
10009,4441,437,2,2005-07-31,"18:00:28",2005-08-08,"22:24:28"
10010,2655,373,2,2005-07-31,"18:01:36",2005-08-07,"20:27:36"
10011,606,128,1,2005-07-31,"18:02:41",2005-08-08,"17:04:41"
10012,2554,513,2,2005-07-31,"18:06:06",2005-08-09,"16:47:06"
10013,2364,377,2,2005-07-31,"18:08:21",2005-08-08,"13:22:21"
10014,2344,443,1,2005-07-31,"18:10:56",2005-08-02,"23:36:56"
10015,67,153,2,2005-07-31,"18:11:17",2005-08-03,"15:48:17"
10016,2183,478,1,2005-07-31,"18:13:06",2005-08-09,"22:11:06"
10017,1495,424,1,2005-07-31,"18:13:22",2005-08-05,"16:03:22"
10018,3708,481,2,2005-07-31,"18:15:14",2005-08-05,"14:44:14"
10019,2114,536,1,2005-07-31,"18:20:56",2005-08-07,"14:25:56"
10020,302,526,2,2005-07-31,"18:21:08",2005-08-02,"14:03:08"
10021,3235,597,1,2005-07-31,"18:24:39",2005-08-01,"19:16:39"
10022,1900,115,1,2005-07-31,"18:25:30",2005-08-04,"13:35:30"
10023,384,318,1,2005-07-31,"18:25:51",2005-08-09,"18:00:51"
10024,265,129,1,2005-07-31,"18:26:36",2005-08-09,"16:16:36"
10025,475,565,2,2005-07-31,"18:29:09",2005-08-07,"14:20:09"
10026,39,332,2,2005-07-31,"18:31:51",2005-08-03,"21:14:51"
10027,525,287,1,2005-07-31,"18:33:51",2005-08-09,"18:40:51"
10028,2305,323,2,2005-07-31,"18:35:54",2005-08-01,"13:01:54"
10029,505,578,2,2005-07-31,"18:37:47",2005-08-06,"14:58:47"
10030,1392,325,2,2005-07-31,"18:39:36",2005-08-03,"15:29:36"
10031,3048,96,1,2005-07-31,"18:40:15",2005-08-03,"14:38:15"
10032,2331,126,1,2005-07-31,"18:41:55",2005-08-04,"22:45:55"
10033,4480,381,1,2005-07-31,"18:44:29",2005-08-04,"19:52:29"
10034,354,442,2,2005-07-31,"18:45:30",2005-08-04,"21:13:30"
10035,2694,333,1,2005-07-31,"18:46:46",2005-08-04,"20:33:46"
10036,41,491,1,2005-07-31,"18:47:20",2005-08-03,"22:53:20"
10037,438,58,2,2005-07-31,"18:48:08",2005-08-09,"19:11:08"
10038,3727,112,1,2005-07-31,"18:49:12",2005-08-01,"18:02:12"
10039,4391,111,2,2005-07-31,"18:50:40",2005-08-01,"18:49:40"
10040,2281,268,2,2005-07-31,"18:54:15",2005-08-05,"17:33:15"
10041,2994,379,1,2005-07-31,"19:01:02",2005-08-07,"21:32:02"
10042,123,204,1,2005-07-31,"19:01:25",2005-08-06,"14:21:25"
10043,2558,222,1,2005-07-31,"19:02:07",2005-08-07,"17:58:07"
10044,3349,388,2,2005-07-31,"19:02:33",2005-08-05,"13:24:33"
10045,58,118,1,2005-07-31,"19:04:35",2005-08-07,"16:53:35"
10046,4302,50,1,2005-07-31,"19:07:11",2005-08-03,"13:25:11"
10047,4195,244,2,2005-07-31,"19:07:43",2005-08-07,"00:20:43"
10048,3821,267,2,2005-07-31,"19:08:56",2005-08-05,"20:15:56"
10049,854,457,1,2005-07-31,"19:11:11",2005-08-03,"22:15:11"
10050,295,230,1,2005-07-31,"19:13:29",2005-08-06,"15:44:29"
10051,163,74,1,2005-07-31,"19:14:20",2005-08-05,"19:45:20"
10052,3307,39,2,2005-07-31,"19:15:13",2005-08-07,"22:47:13"
10053,4102,223,1,2005-07-31,"19:15:39",2005-08-07,"22:32:39"
10054,2303,598,1,2005-07-31,"19:15:52",2005-08-04,"19:54:52"
10055,2725,336,1,2005-07-31,"19:15:58",2005-08-05,"20:23:58"
10056,281,237,2,2005-07-31,"19:19:13",2005-08-01,"16:09:13"
10057,3485,230,2,2005-07-31,"19:20:18",2005-08-08,"17:59:18"
10058,758,237,2,2005-07-31,"19:20:21",2005-08-04,"00:41:21"
10059,2020,274,1,2005-07-31,"19:20:49",2005-08-03,"14:39:49"
10060,1979,42,1,2005-07-31,"19:23:00",2005-08-08,"19:07:00"
10061,1401,390,1,2005-07-31,"19:23:25",2005-08-04,"19:38:25"
10062,1815,333,2,2005-07-31,"19:24:55",2005-08-03,"22:51:55"
10063,3003,517,1,2005-07-31,"19:25:13",2005-08-09,"15:55:13"
10064,3140,41,1,2005-07-31,"19:27:02",2005-08-06,"21:15:02"
10065,1426,495,2,2005-07-31,"19:27:34",2005-08-01,"13:45:34"
10066,4285,123,2,2005-07-31,"19:30:01",2005-08-01,"14:45:01"
10067,1940,148,2,2005-07-31,"19:37:58",2005-08-04,"17:32:58"
10068,4000,58,1,2005-07-31,"19:39:38",2005-08-05,"22:49:38"
10069,2168,270,2,2005-07-31,"19:43:18",2005-08-06,"19:40:18"
10070,1010,325,1,2005-07-31,"19:46:29",2005-08-03,"22:21:29"
10071,2360,353,2,2005-07-31,"19:49:35",2005-08-03,"00:00:35"
10072,3963,520,2,2005-07-31,"19:50:37",2005-08-03,"00:25:37"
10073,4246,584,2,2005-07-31,"19:53:15",2005-08-05,"23:12:15"
10074,1268,69,1,2005-07-31,"19:57:16",2005-08-04,"00:54:16"
10075,2037,469,1,2005-07-31,"19:58:42",2005-08-08,"19:49:42"
10076,1117,555,2,2005-07-31,"20:00:34",2005-08-10,"00:37:34"
10077,2333,19,1,2005-07-31,"20:01:06",2005-08-09,"16:07:06"
10078,3198,151,1,2005-07-31,"20:02:02",2005-08-04,"00:45:02"
10079,4541,486,2,2005-07-31,"20:05:45",2005-08-04,"16:25:45"
10080,4355,62,2,2005-07-31,"20:07:10",2005-08-04,"23:07:10"
10081,3183,443,1,2005-07-31,"20:07:44",2005-08-06,"20:04:44"
10082,1275,76,2,2005-07-31,"20:09:32",2005-08-01,"15:41:32"
10083,2585,449,1,2005-07-31,"20:10:19",2005-08-06,"23:18:19"
10084,524,528,2,2005-07-31,"20:11:29",2005-08-06,"22:28:29"
10085,2556,392,2,2005-07-31,"20:12:02",2005-08-03,"00:03:02"
10086,2853,205,2,2005-07-31,"20:14:08",2005-08-07,"01:33:08"
10087,1393,245,1,2005-07-31,"20:15:22",2005-08-07,"01:33:22"
10088,4293,46,2,2005-07-31,"20:16:21",2005-08-01,"22:47:21"
10089,248,160,2,2005-07-31,"20:17:09",2005-08-01,"19:14:09"
10090,4023,533,1,2005-07-31,"20:22:01",2005-08-04,"17:30:01"
10091,1878,135,2,2005-07-31,"20:23:13",2005-08-02,"21:58:13"
10092,4151,364,1,2005-07-31,"20:28:09",2005-08-01,"21:37:09"
10093,3943,162,2,2005-07-31,"20:30:32",2005-08-04,"00:04:32"
10094,2865,596,2,2005-07-31,"20:31:18",2005-08-06,"18:31:18"
10095,4062,370,1,2005-07-31,"20:38:35",2005-08-02,"02:33:35"
10096,3606,290,1,2005-07-31,"20:38:58",2005-08-06,"02:34:58"
10097,784,519,1,2005-07-31,"20:39:38",2005-08-08,"22:22:38"
10098,1324,155,2,2005-07-31,"20:41:17",2005-08-02,"00:06:17"
10099,1960,220,1,2005-07-31,"20:47:14",2005-08-02,"17:25:14"
10100,4050,330,2,2005-07-31,"20:47:18",2005-08-03,"16:58:18"
10101,2513,119,1,2005-07-31,"20:47:29",2005-08-04,"21:28:29"
10102,4078,170,1,2005-07-31,"20:49:10",2005-08-08,"20:15:10"
10103,77,25,2,2005-07-31,"20:49:13",2005-08-05,"15:55:13"
10104,3358,186,2,2005-07-31,"20:49:14",2005-08-05,"01:11:14"
10105,112,286,1,2005-07-31,"20:54:20",2005-08-09,"17:45:20"
10106,3444,556,2,2005-07-31,"21:00:47",2005-08-02,"20:11:47"
10107,1326,414,2,2005-07-31,"21:01:46",2005-08-09,"01:33:46"
10108,3703,326,1,2005-07-31,"21:02:14",2005-08-01,"18:28:14"
10109,2852,403,1,2005-07-31,"21:04:49",2005-08-08,"19:25:49"
10110,4081,138,2,2005-07-31,"21:06:12",2005-08-03,"02:03:12"
10111,3474,38,2,2005-07-31,"21:08:33",2005-08-06,"02:58:33"
10112,2643,198,2,2005-07-31,"21:08:56",2005-08-01,"23:35:56"
10113,3974,461,2,2005-07-31,"21:10:03",2005-08-02,"21:13:03"
10114,3881,218,2,2005-07-31,"21:12:58",2005-08-02,"19:45:58"
10115,2731,68,1,2005-07-31,"21:13:47",2005-08-10,"00:44:47"
10116,738,28,2,2005-07-31,"21:14:02",2005-08-03,"01:48:02"
10117,1894,459,2,2005-07-31,"21:14:31",2005-08-01,"15:59:31"
10118,1209,143,1,2005-07-31,"21:16:31",2005-08-03,"02:32:31"
10119,54,351,2,2005-07-31,"21:20:59",2005-08-02,"23:14:59"
10120,1709,396,2,2005-07-31,"21:24:24",2005-08-03,"17:44:24"
10121,2969,425,1,2005-07-31,"21:24:53",2005-08-03,"22:24:53"
10122,4229,196,1,2005-07-31,"21:29:28",2005-08-09,"00:04:28"
10123,4564,487,1,2005-07-31,"21:30:46",2005-08-06,"16:28:46"
10124,1956,396,1,2005-07-31,"21:31:49",2005-08-04,"00:06:49"
10125,493,178,1,2005-07-31,"21:33:03",2005-08-01,"19:10:03"
10126,3,39,1,2005-07-31,"21:36:07",2005-08-03,"23:59:07"
10127,717,478,1,2005-07-31,"21:39:48",2005-08-06,"00:10:48"
10128,2559,508,1,2005-07-31,"21:40:04",2005-08-02,"02:21:04"
10129,2848,564,1,2005-07-31,"21:41:35",2005-08-05,"17:05:35"
10130,3964,95,1,2005-07-31,"21:44:30",2005-08-04,"17:06:30"
10131,4169,510,2,2005-07-31,"21:45:28",2005-08-04,"00:19:28"
10132,3934,23,2,2005-07-31,"21:50:24",2005-08-07,"23:37:24"
10133,614,234,1,2005-07-31,"21:55:07",2005-08-08,"23:04:07"
10134,4483,311,1,2005-07-31,"21:56:10",2005-08-06,"21:20:10"
10135,4193,307,1,2005-07-31,"21:57:32",2005-08-05,"22:23:32"
10136,3142,2,1,2005-07-31,"21:58:56",2005-08-03,"19:44:56"
10137,612,236,1,2005-07-31,"22:01:41",2005-08-07,"22:24:41"
10138,179,225,2,2005-07-31,"22:02:09",2005-08-07,"20:46:09"
10139,407,441,1,2005-07-31,"22:02:20",2005-08-04,"02:09:20"
10140,2494,550,2,2005-07-31,"22:03:20",2005-08-07,"23:15:20"
10141,8,8,1,2005-07-31,"22:08:29",2005-08-06,"16:59:29"
10142,1839,257,2,2005-07-31,"22:10:54",2005-08-09,"19:04:54"
10143,2139,271,2,2005-07-31,"22:11:43",2005-08-09,"17:48:43"
10144,3011,49,1,2005-07-31,"22:13:52",2005-08-05,"19:27:52"
10145,2511,361,1,2005-07-31,"22:15:13",2005-08-06,"23:26:13"
10146,1721,559,1,2005-07-31,"22:17:56",2005-08-02,"21:27:56"
10147,1351,198,2,2005-07-31,"22:18:43",2005-08-02,"23:08:43"
10148,1381,63,2,2005-07-31,"22:19:16",2005-08-05,"00:15:16"
10149,890,276,2,2005-07-31,"22:20:46",2005-08-07,"23:12:46"
10150,2328,419,2,2005-07-31,"22:22:00",2005-08-05,"01:17:00"
10151,4442,361,1,2005-07-31,"22:22:37",2005-08-01,"22:20:37"
10152,1114,244,2,2005-07-31,"22:28:05",2005-08-08,"22:39:05"
10153,2945,297,2,2005-07-31,"22:30:10",2005-08-06,"02:32:10"
10154,2745,149,2,2005-07-31,"22:30:49",2005-08-07,"03:05:49"
10155,3176,235,1,2005-07-31,"22:31:43",2005-08-07,"02:43:43"
10156,141,179,2,2005-07-31,"22:36:00",2005-08-02,"00:03:00"
10157,2960,232,1,2005-07-31,"22:38:48",2005-08-01,"21:38:48"
10158,1626,393,2,2005-07-31,"22:40:31",2005-08-08,"18:25:31"
10159,1174,515,2,2005-07-31,"22:54:30",2005-08-03,"00:43:30"
10160,863,295,1,2005-07-31,"23:07:40",2005-08-05,"23:34:40"
10161,2651,120,2,2005-07-31,"23:09:41",2005-08-02,"20:46:41"
10162,1327,475,2,2005-07-31,"23:11:01",2005-08-07,"01:52:01"
10163,2811,425,2,2005-07-31,"23:12:34",2005-08-01,"22:47:34"
10164,1405,89,1,2005-07-31,"23:17:57",2005-08-05,"19:43:57"
10165,3476,50,1,2005-07-31,"23:21:23",2005-08-06,"18:06:23"
10166,4304,484,2,2005-07-31,"23:22:20",2005-08-07,"18:06:20"
10167,1222,129,2,2005-07-31,"23:24:31",2005-08-06,"17:42:31"
10168,4548,570,1,2005-07-31,"23:25:24",2005-08-02,"19:03:24"
10169,2675,57,2,2005-07-31,"23:27:13",2005-08-05,"20:32:13"
10170,804,41,2,2005-07-31,"23:27:31",2005-08-08,"04:53:31"
10171,1367,401,1,2005-07-31,"23:29:05",2005-08-03,"19:39:05"
10172,2506,426,1,2005-07-31,"23:29:51",2005-08-09,"01:57:51"
10173,2527,326,2,2005-07-31,"23:36:59",2005-08-08,"20:20:59"
10174,2459,359,2,2005-07-31,"23:40:08",2005-08-06,"21:08:08"
10175,3672,137,1,2005-07-31,"23:40:11",2005-08-09,"02:22:11"
10176,1181,19,2,2005-07-31,"23:40:35",2005-08-09,"00:46:35"
10177,2242,279,2,2005-07-31,"23:42:33",2005-08-03,"01:30:33"
10178,1582,491,1,2005-07-31,"23:43:04",2005-08-03,"00:43:04"
10179,2136,131,2,2005-07-31,"23:49:54",2005-08-01,"20:46:54"
10180,757,50,2,2005-07-31,"23:57:43",2005-08-09,"04:04:43"
10181,3111,113,1,2005-08-01,"00:00:44",2005-08-04,"19:33:44"
10182,4112,578,2,2005-08-01,"00:08:01",2005-08-09,"18:14:01"
10183,4319,377,1,2005-08-01,"00:08:01",2005-08-09,"20:41:01"
10184,2785,77,2,2005-08-01,"00:09:33",2005-08-05,"04:12:33"
10185,1266,64,1,2005-08-01,"00:12:11",2005-08-03,"03:03:11"
10186,4563,294,1,2005-08-01,"00:12:36",2005-08-07,"05:08:36"
10187,1629,400,2,2005-08-01,"00:15:49",2005-08-05,"01:00:49"
10188,1221,331,2,2005-08-01,"00:19:41",2005-08-08,"00:19:41"
10189,616,509,2,2005-08-01,"00:25:00",2005-08-03,"06:01:00"
10190,4411,138,2,2005-08-01,"00:27:53",2005-08-01,"20:32:53"
10191,1131,196,1,2005-08-01,"00:28:38",2005-08-06,"02:23:38"
10192,1632,569,2,2005-08-01,"00:33:00",2005-08-05,"03:37:00"
10193,2036,358,1,2005-08-01,"00:33:27",2005-08-07,"20:15:27"
10194,1447,290,2,2005-08-01,"00:33:52",2005-08-06,"04:50:52"
10195,2691,396,2,2005-08-01,"00:34:42",2005-08-08,"05:04:42"
10196,3070,199,1,2005-08-01,"00:34:51",2005-08-05,"03:43:51"
10197,1186,127,2,2005-08-01,"00:35:25",2005-08-07,"06:04:25"
10198,1297,366,2,2005-08-01,"00:36:15",2005-08-07,"06:18:15"
10199,3665,526,1,2005-08-01,"00:38:55",2005-08-05,"03:41:55"
10200,580,421,1,2005-08-01,"00:39:05",2005-08-05,"01:07:05"
10201,3649,299,2,2005-08-01,"00:42:18",2005-08-08,"20:49:18"
10202,1099,306,1,2005-08-01,"00:43:18",2005-08-08,"23:26:18"
10203,1096,157,2,2005-08-01,"00:45:27",2005-08-04,"22:45:27"
10204,764,572,1,2005-08-01,"00:47:39",2005-08-05,"01:11:39"
10205,33,87,1,2005-08-01,"00:48:24",2005-08-06,"23:53:24"
10206,4479,90,2,2005-08-01,"00:52:40",2005-08-10,"02:36:40"
10207,2925,334,2,2005-08-01,"00:53:01",2005-08-05,"05:51:01"
10208,3324,246,2,2005-08-01,"00:54:51",2005-08-04,"22:39:51"
10209,2429,303,2,2005-08-01,"00:56:47",2005-08-03,"19:58:47"
10210,49,391,1,2005-08-01,"00:58:52",2005-08-10,"01:16:52"
10211,810,530,1,2005-08-01,"01:01:16",2005-08-10,"01:31:16"
10212,3728,324,1,2005-08-01,"01:01:35",2005-08-02,"23:02:35"
10213,1462,106,1,2005-08-01,"01:03:18",2005-08-09,"20:07:18"
10214,648,597,2,2005-08-01,"01:04:15",2005-08-01,"19:31:15"
10215,838,345,2,2005-08-01,"01:04:28",2005-08-09,"21:43:28"
10216,3603,436,2,2005-08-01,"01:06:27",2005-08-08,"22:41:27"
10217,1193,389,1,2005-08-01,"01:07:27",2005-08-09,"00:42:27"
10218,3886,101,1,2005-08-01,"01:09:44",2005-08-05,"20:08:44"
10219,2262,505,2,2005-08-01,"01:10:33",2005-08-10,"02:45:33"
10220,3920,294,2,2005-08-01,"01:13:22",2005-08-04,"22:57:22"
10221,3051,373,2,2005-08-01,"01:16:50",2005-08-03,"05:35:50"
10222,1214,295,1,2005-08-01,"01:17:42",2005-08-08,"02:45:42"
10223,1370,522,1,2005-08-01,"01:23:15",2005-08-02,"19:39:15"
10224,1443,587,2,2005-08-01,"01:31:56",2005-08-05,"21:21:56"
10225,3131,498,1,2005-08-01,"01:38:40",2005-08-06,"20:00:40"
10226,3067,107,1,2005-08-01,"01:40:04",2005-08-08,"01:02:04"
10227,872,571,2,2005-08-01,"01:42:22",2005-08-09,"23:45:22"
10228,1742,106,2,2005-08-01,"01:43:18",2005-08-06,"22:10:18"
10229,3459,175,1,2005-08-01,"01:45:26",2005-08-10,"06:21:26"
10230,76,398,2,2005-08-01,"01:49:36",2005-08-05,"01:29:36"
10231,1056,511,1,2005-08-01,"01:50:49",2005-08-06,"03:12:49"
10232,586,512,1,2005-08-01,"01:50:55",2005-08-03,"04:12:55"
10233,4571,459,2,2005-08-01,"01:54:23",2005-08-10,"00:23:23"
10234,1641,207,2,2005-08-01,"01:56:20",2005-08-09,"01:51:20"
10235,2850,30,2,2005-08-01,"01:57:48",2005-08-10,"07:38:48"
10236,3754,470,1,2005-08-01,"02:05:34",2005-08-01,"23:40:34"
10237,432,313,1,2005-08-01,"02:07:32",2005-08-07,"03:54:32"
10238,561,192,1,2005-08-01,"02:08:05",2005-08-02,"01:52:05"
10239,1232,467,2,2005-08-01,"02:09:22",2005-08-04,"01:35:22"
10240,4494,109,2,2005-08-01,"02:09:33",2005-08-07,"02:22:33"
10241,1526,161,1,2005-08-01,"02:12:25",2005-08-08,"00:37:25"
10242,1825,342,2,2005-08-01,"02:18:12",2005-08-02,"22:32:12"
10243,2236,132,1,2005-08-01,"02:18:46",2005-08-06,"21:45:46"
10244,567,51,2,2005-08-01,"02:20:01",2005-08-06,"23:06:01"
10245,2880,163,1,2005-08-01,"02:24:09",2005-08-02,"02:31:09"
10246,3598,261,2,2005-08-01,"02:29:50",2005-08-09,"01:17:50"
10247,4035,189,1,2005-08-01,"02:34:06",2005-08-09,"02:33:06"
10248,2146,298,2,2005-08-01,"02:35:28",2005-08-08,"02:24:28"
10249,135,437,1,2005-08-01,"02:35:39",2005-08-06,"06:50:39"
10250,3706,116,2,2005-08-01,"02:38:42",2005-08-07,"03:59:42"
10251,2986,39,1,2005-08-01,"02:39:12",2005-08-06,"03:51:12"
10252,2380,86,2,2005-08-01,"02:39:39",2005-08-10,"00:40:39"
10253,1406,101,2,2005-08-01,"02:39:49",2005-08-08,"04:28:49"
10254,2238,416,1,2005-08-01,"02:42:03",2005-08-05,"23:31:03"
10255,4558,459,1,2005-08-01,"02:46:13",2005-08-03,"05:54:13"
10256,780,58,2,2005-08-01,"02:47:11",2005-08-05,"05:21:11"
10257,2403,543,2,2005-08-01,"02:49:43",2005-08-04,"04:45:43"
10258,2062,469,2,2005-08-01,"02:51:09",2005-08-08,"23:57:09"
10259,1881,566,1,2005-08-01,"02:52:05",2005-08-03,"20:54:05"
10260,2864,461,2,2005-08-01,"02:58:07",2005-08-05,"02:06:07"
10261,2346,50,2,2005-08-01,"02:58:27",2005-08-01,"21:55:27"
10262,3842,181,2,2005-08-01,"03:01:26",2005-08-08,"08:03:26"
10263,2420,415,2,2005-08-01,"03:02:48",2005-08-08,"02:16:48"
10264,1374,297,2,2005-08-01,"03:03:12",2005-08-08,"00:34:12"
10265,3338,510,1,2005-08-01,"03:05:04",2005-08-08,"08:09:04"
10266,476,49,1,2005-08-01,"03:05:59",2005-08-06,"06:23:59"
10267,3883,72,1,2005-08-01,"03:07:26",2005-08-07,"22:49:26"
10268,2755,138,1,2005-08-01,"03:08:56",2005-08-08,"02:41:56"
10269,2537,39,1,2005-08-01,"03:09:26",2005-08-02,"00:01:26"
10270,2025,168,2,2005-08-01,"03:10:24",2005-08-07,"03:04:24"
10271,3692,6,1,2005-08-01,"03:13:39",2005-08-07,"23:40:39"
10272,128,273,2,2005-08-01,"03:14:34",2005-08-10,"05:56:34"
10273,1458,212,1,2005-08-01,"03:14:47",2005-08-07,"03:59:47"
10274,2916,375,2,2005-08-01,"03:16:51",2005-08-04,"22:22:51"
10275,669,463,1,2005-08-01,"03:20:08",2005-08-08,"06:48:08"
10276,2201,48,1,2005-08-01,"03:22:23",2005-08-03,"07:59:23"
10277,1472,176,1,2005-08-01,"03:22:41",2005-08-05,"05:07:41"
10278,2497,154,1,2005-08-01,"03:25:27",2005-08-08,"07:52:27"
10279,3794,247,2,2005-08-01,"03:26:44",2005-08-07,"22:35:44"
10280,1457,542,2,2005-08-01,"03:27:15",2005-08-07,"23:01:15"
10281,1047,549,1,2005-08-01,"03:28:33",2005-08-02,"05:06:33"
10282,617,472,1,2005-08-01,"03:29:10",2005-08-07,"06:16:10"
10283,4237,462,1,2005-08-01,"03:29:45",2005-08-07,"04:19:45"
10284,2879,20,1,2005-08-01,"03:33:19",2005-08-09,"07:58:19"
10285,4523,167,2,2005-08-01,"03:35:11",2005-08-05,"03:55:11"
10286,498,532,2,2005-08-01,"03:35:58",2005-08-10,"05:17:58"
10287,125,141,2,2005-08-01,"03:37:01",2005-08-05,"23:03:01"
10288,572,63,1,2005-08-01,"03:38:42",2005-08-06,"04:34:42"
10289,3153,566,1,2005-08-01,"03:39:48",2005-08-08,"02:56:48"
10290,4542,364,2,2005-08-01,"03:39:50",2005-08-08,"22:29:50"
10291,2056,420,2,2005-08-01,"03:39:57",2005-08-05,"02:05:57"
10292,2562,340,2,2005-08-01,"03:42:40",2005-08-01,"23:36:40"
10293,1570,258,2,2005-08-01,"03:44:26",2005-08-05,"04:16:26"
10294,528,28,2,2005-08-01,"03:48:12",2005-08-09,"01:19:12"
10295,2355,123,1,2005-08-01,"03:53:49",2005-08-10,"03:56:49"
10296,1958,573,1,2005-08-01,"04:04:37",2005-08-01,"23:59:37"
10297,2795,289,1,2005-08-01,"04:05:04",2005-08-09,"06:08:04"
10298,1383,323,2,2005-08-01,"04:06:03",2005-08-05,"05:59:03"
10299,1125,369,1,2005-08-01,"04:08:04",2005-08-04,"08:11:04"
10300,4334,207,1,2005-08-01,"04:08:11",2005-08-04,"00:24:11"
10301,3072,583,2,2005-08-01,"04:09:37",2005-08-04,"23:14:37"
10302,1043,144,2,2005-08-01,"04:12:08",2005-08-01,"22:12:08"
10303,936,479,2,2005-08-01,"04:13:33",2005-08-06,"02:16:33"
10304,1538,346,1,2005-08-01,"04:14:12",2005-08-07,"22:38:12"
10305,2946,160,1,2005-08-01,"04:16:16",2005-08-07,"23:47:16"
10306,2819,541,1,2005-08-01,"04:19:18",2005-08-09,"02:16:18"
10307,975,332,2,2005-08-01,"04:21:54",2005-08-04,"09:24:54"
10308,588,240,2,2005-08-01,"04:22:49",2005-08-09,"04:39:49"
10309,1505,156,2,2005-08-01,"04:24:18",2005-08-09,"08:32:18"
10310,9,271,2,2005-08-01,"04:24:47",2005-08-04,"05:36:47"
10311,4211,151,1,2005-08-01,"04:27:59",2005-08-02,"08:51:59"
10312,4389,172,2,2005-08-01,"04:29:06",2005-08-08,"04:52:06"
10313,1194,80,2,2005-08-01,"04:29:29",2005-08-04,"08:12:29"
10314,1548,252,2,2005-08-01,"04:31:18",2005-08-06,"01:49:18"
10315,895,258,1,2005-08-01,"04:34:45",2005-08-07,"05:27:45"
10316,1907,469,2,2005-08-01,"04:34:57",2005-08-06,"02:34:57"
10317,110,561,2,2005-08-01,"04:35:34",2005-08-06,"02:27:34"
10318,885,548,1,2005-08-01,"04:36:53",2005-08-04,"00:54:53"
10319,3120,394,2,2005-08-01,"04:37:19",2005-08-05,"03:18:19"
10320,2298,152,1,2005-08-01,"04:39:26",2005-08-08,"06:01:26"
10321,4512,177,1,2005-08-01,"04:40:02",2005-08-03,"04:18:02"
10322,1543,535,2,2005-08-01,"04:44:13",2005-08-08,"00:20:13"
10323,3539,577,1,2005-08-01,"04:44:58",2005-08-06,"07:56:58"
10324,523,25,2,2005-08-01,"04:49:06",2005-08-09,"08:04:06"
10325,2749,258,1,2005-08-01,"04:52:12",2005-08-08,"09:31:12"
10326,3856,325,1,2005-08-01,"04:55:34",2005-08-02,"05:18:34"
10327,328,382,2,2005-08-01,"04:55:35",2005-08-07,"08:17:35"
10328,1191,85,2,2005-08-01,"04:56:10",2005-08-01,"23:22:10"
10329,2289,302,1,2005-08-01,"04:56:13",2005-08-03,"03:54:13"
10330,1580,7,2,2005-08-01,"04:57:04",2005-08-07,"23:00:04"
10331,4152,575,1,2005-08-01,"04:57:14",2005-08-07,"06:46:14"
10332,642,258,2,2005-08-01,"04:57:32",2005-08-10,"02:42:32"
10333,3955,499,2,2005-08-01,"04:58:32",2005-08-04,"00:51:32"
10334,3387,445,1,2005-08-01,"04:58:42",2005-08-09,"02:00:42"
10335,323,33,1,2005-08-01,"04:59:30",2005-08-05,"02:26:30"
10336,1091,370,2,2005-08-01,"04:59:53",2005-08-03,"08:05:53"
10337,307,451,1,2005-08-01,"05:01:46",2005-08-10,"02:41:46"
10338,1295,339,2,2005-08-01,"05:03:03",2005-08-09,"05:13:03"
10339,615,363,2,2005-08-01,"05:05:50",2005-08-10,"07:15:50"
10340,3608,568,1,2005-08-01,"05:07:03",2005-08-06,"01:03:03"
10341,3304,445,1,2005-08-01,"05:10:02",2005-08-07,"11:01:02"
10342,332,140,1,2005-08-01,"05:11:11",2005-08-10,"00:27:11"
10343,2627,267,2,2005-08-01,"05:15:47",2005-08-02,"04:48:47"
10344,3673,367,1,2005-08-01,"05:18:23",2005-08-06,"05:20:23"
10345,3985,42,2,2005-08-01,"05:18:56",2005-08-04,"01:34:56"
10346,4192,476,1,2005-08-01,"05:19:23",2005-08-06,"01:00:23"
10347,953,574,1,2005-08-01,"05:20:03",2005-08-04,"10:03:03"
10348,2076,14,2,2005-08-01,"05:23:00",2005-08-04,"01:12:00"
10349,114,295,1,2005-08-01,"05:27:13",2005-08-08,"10:15:13"
10350,2067,78,1,2005-08-01,"05:30:05",2005-08-05,"09:59:05"
10351,3725,173,1,2005-08-01,"05:32:13",2005-08-08,"09:48:13"
10352,1288,564,2,2005-08-01,"05:44:36",2005-08-05,"07:15:36"
10353,1446,535,1,2005-08-01,"05:46:33",2005-08-08,"09:14:33"
10354,1680,416,1,2005-08-01,"05:47:10",2005-08-06,"09:04:10"
10355,2158,161,2,2005-08-01,"05:47:37",2005-08-02,"09:28:37"
10356,313,56,1,2005-08-01,"05:49:17",2005-08-10,"05:57:17"
10357,3102,475,2,2005-08-01,"05:49:49",2005-08-04,"02:34:49"
10358,3039,517,1,2005-08-01,"05:50:07",2005-08-03,"08:18:07"
10359,259,369,2,2005-08-01,"05:52:21",2005-08-06,"05:52:21"
10360,1129,443,1,2005-08-01,"05:52:53",2005-08-05,"10:55:53"
10361,318,529,2,2005-08-01,"05:53:49",2005-08-10,"00:42:49"
10362,72,181,2,2005-08-01,"05:55:13",2005-08-10,"10:23:13"
10363,320,174,1,2005-08-01,"06:01:52",2005-08-05,"03:56:52"
10364,1842,317,2,2005-08-01,"06:06:49",2005-08-09,"06:05:49"
10365,4032,442,1,2005-08-01,"06:08:44",2005-08-06,"02:07:44"
10366,2654,119,1,2005-08-01,"06:09:37",2005-08-05,"03:19:37"
10367,3408,242,2,2005-08-01,"06:12:19",2005-08-04,"12:11:19"
10368,3535,593,2,2005-08-01,"06:13:38",2005-08-08,"04:40:38"
10369,2534,424,1,2005-08-01,"06:13:44",2005-08-07,"09:46:44"
10370,4358,546,2,2005-08-01,"06:18:04",2005-08-05,"01:41:04"
10371,923,327,2,2005-08-01,"06:20:29",2005-08-04,"00:31:29"
10372,635,419,1,2005-08-01,"06:23:48",2005-08-06,"03:47:48"
10373,1754,588,1,2005-08-01,"06:24:26",2005-08-02,"12:07:26"
10374,4351,307,2,2005-08-01,"06:25:27",2005-08-07,"05:44:27"
10375,857,202,2,2005-08-01,"06:26:22",2005-08-06,"02:51:22"
10376,4194,474,2,2005-08-01,"06:27:13",2005-08-07,"06:11:13"
10377,2401,559,2,2005-08-01,"06:28:28",2005-08-10,"05:45:28"
10378,4110,113,1,2005-08-01,"06:30:04",2005-08-06,"09:10:04"
10379,3103,141,1,2005-08-01,"06:34:29",2005-08-06,"07:49:29"
10380,2225,533,1,2005-08-01,"06:34:36",2005-08-02,"09:08:36"
10381,522,412,1,2005-08-01,"06:36:37",2005-08-05,"11:17:37"
10382,4455,242,1,2005-08-01,"06:36:45",2005-08-02,"06:06:45"
10383,4166,592,2,2005-08-01,"06:37:16",2005-08-03,"07:36:16"
10384,2622,366,1,2005-08-01,"06:39:14",2005-08-02,"03:06:14"
10385,778,179,1,2005-08-01,"06:39:55",2005-08-06,"02:16:55"
10386,1568,26,2,2005-08-01,"06:42:20",2005-08-07,"06:12:20"
10387,1651,87,1,2005-08-01,"06:42:31",2005-08-08,"07:44:31"
10388,3180,99,2,2005-08-01,"06:42:44",2005-08-09,"11:43:44"
10389,3534,346,2,2005-08-01,"06:46:43",2005-08-08,"07:07:43"
10390,1489,502,2,2005-08-01,"06:46:48",2005-08-09,"02:55:48"
10391,2203,357,2,2005-08-01,"06:49:05",2005-08-04,"01:51:05"
10392,3017,12,1,2005-08-01,"06:50:26",2005-08-10,"10:52:26"
10393,808,258,1,2005-08-01,"06:52:50",2005-08-05,"08:45:50"
10394,1655,128,1,2005-08-01,"06:58:17",2005-08-05,"02:09:17"
10395,279,129,2,2005-08-01,"07:08:22",2005-08-05,"08:00:22"
10396,2982,284,1,2005-08-01,"07:08:46",2005-08-08,"03:47:46"
10397,4168,504,1,2005-08-01,"07:11:27",2005-08-03,"07:51:27"
10398,4306,174,1,2005-08-01,"07:11:49",2005-08-04,"05:54:49"
10399,2515,204,1,2005-08-01,"07:13:39",2005-08-10,"06:56:39"
10400,3897,132,1,2005-08-01,"07:18:24",2005-08-10,"08:38:24"
10401,1560,564,1,2005-08-01,"07:27:09",2005-08-02,"01:38:09"
10402,274,410,1,2005-08-01,"07:27:19",2005-08-04,"12:30:19"
10403,1968,494,2,2005-08-01,"07:30:45",2005-08-03,"03:03:45"
10404,2580,253,1,2005-08-01,"07:31:25",2005-08-07,"09:23:25"
10405,3641,463,2,2005-08-01,"07:35:25",2005-08-05,"05:38:25"
10406,2614,391,1,2005-08-01,"07:37:05",2005-08-02,"06:11:05"
10407,543,101,2,2005-08-01,"07:38:07",2005-08-02,"05:38:07"
10408,4144,334,2,2005-08-01,"07:42:10",2005-08-09,"02:29:10"
10409,2804,449,2,2005-08-01,"07:49:15",2005-08-02,"13:42:15"
10410,3901,247,1,2005-08-01,"07:53:29",2005-08-10,"08:56:29"
10411,1946,522,2,2005-08-01,"07:56:32",2005-08-10,"04:58:32"
10412,1555,325,2,2005-08-01,"07:57:16",2005-08-04,"11:44:16"
10413,1018,376,1,2005-08-01,"07:59:39",2005-08-08,"03:55:39"
10414,1271,361,2,2005-08-01,"08:03:55",2005-08-04,"08:44:55"
10415,2597,591,1,2005-08-01,"08:05:59",2005-08-04,"13:46:59"
10416,2629,449,2,2005-08-01,"08:08:39",2005-08-10,"09:26:39"
10417,3675,427,2,2005-08-01,"08:10:36",2005-08-02,"03:42:36"
10418,1692,248,2,2005-08-01,"08:11:07",2005-08-04,"11:12:07"
10419,415,66,2,2005-08-01,"08:13:22",2005-08-06,"04:45:22"
10420,3490,354,2,2005-08-01,"08:13:53",2005-08-06,"08:05:53"
10421,925,262,2,2005-08-01,"08:14:10",2005-08-03,"05:56:10"
10422,37,166,2,2005-08-01,"08:17:11",2005-08-10,"10:08:11"
10423,739,7,1,2005-08-01,"08:19:53",2005-08-08,"10:25:53"
10424,1921,88,1,2005-08-01,"08:22:54",2005-08-06,"13:44:54"
10425,322,447,1,2005-08-01,"08:23:25",2005-08-05,"04:29:25"
10426,1325,305,1,2005-08-01,"08:26:08",2005-08-09,"04:09:08"
10427,2978,356,2,2005-08-01,"08:30:11",2005-08-07,"06:18:11"
10428,4245,46,2,2005-08-01,"08:30:11",2005-08-02,"09:30:11"
10429,3894,511,1,2005-08-01,"08:34:18",2005-08-10,"12:38:18"
10430,1150,471,1,2005-08-01,"08:37:06",2005-08-03,"07:25:06"
10431,1074,138,2,2005-08-01,"08:41:54",2005-08-07,"09:44:54"
10432,4238,450,2,2005-08-01,"08:43:21",2005-08-08,"13:09:21"
10433,1508,517,2,2005-08-01,"08:45:56",2005-08-05,"09:46:56"
10434,4073,73,1,2005-08-01,"08:47:00",2005-08-06,"08:34:00"
10435,1934,392,1,2005-08-01,"08:50:51",2005-08-08,"12:23:51"
10436,4026,455,1,2005-08-01,"08:50:59",2005-08-04,"05:23:59"
10437,14,1,1,2005-08-01,"08:51:04",2005-08-10,"12:12:04"
10438,4217,316,2,2005-08-01,"08:53:04",2005-08-09,"06:39:04"
10439,2711,332,1,2005-08-01,"08:54:26",2005-08-08,"14:04:26"
10440,842,299,2,2005-08-01,"08:54:32",2005-08-02,"10:59:32"
10441,4122,176,2,2005-08-01,"08:55:56",2005-08-03,"10:26:56"
10442,4570,40,2,2005-08-01,"08:58:08",2005-08-05,"09:07:08"
10443,1965,403,2,2005-08-01,"09:01:04",2005-08-04,"09:07:04"
10444,3242,106,1,2005-08-01,"09:01:40",2005-08-09,"11:31:40"
10445,3582,211,2,2005-08-01,"09:02:15",2005-08-08,"10:26:15"
10446,2671,95,2,2005-08-01,"09:02:17",2005-08-04,"10:00:17"
10447,1198,241,1,2005-08-01,"09:04:58",2005-08-08,"06:24:58"
10448,2254,311,2,2005-08-01,"09:09:31",2005-08-02,"09:55:31"
10449,1395,213,1,2005-08-01,"09:09:59",2005-08-05,"11:25:59"
10450,234,380,1,2005-08-01,"09:10:03",2005-08-08,"12:34:03"
10451,2435,9,2,2005-08-01,"09:11:25",2005-08-03,"12:37:25"
10452,1973,442,2,2005-08-01,"09:11:36",2005-08-04,"13:28:36"
10453,1531,188,2,2005-08-01,"09:13:27",2005-08-08,"11:34:27"
10454,397,9,2,2005-08-01,"09:14:00",2005-08-04,"04:52:00"
10455,4197,99,1,2005-08-01,"09:15:00",2005-08-05,"13:35:00"
10456,4339,81,1,2005-08-01,"09:17:21",2005-08-06,"10:30:21"
10457,3052,121,2,2005-08-01,"09:17:34",2005-08-06,"07:28:34"
10458,1500,309,1,2005-08-01,"09:19:48",2005-08-02,"10:16:48"
10459,201,131,1,2005-08-01,"09:20:09",2005-08-03,"11:36:09"
10460,4504,197,1,2005-08-01,"09:31:00",2005-08-09,"09:28:00"
10461,3212,270,1,2005-08-01,"09:32:53",2005-08-09,"10:19:53"
10462,4526,193,2,2005-08-01,"09:38:28",2005-08-02,"09:52:28"
10463,1301,291,1,2005-08-01,"09:39:43",2005-08-10,"03:42:43"
10464,464,427,1,2005-08-01,"09:43:14",2005-08-06,"09:01:14"
10465,4384,534,2,2005-08-01,"09:45:25",2005-08-10,"09:08:25"
10466,138,2,1,2005-08-01,"09:45:26",2005-08-06,"06:28:26"
10467,3773,412,2,2005-08-01,"09:45:58",2005-08-09,"10:17:58"
10468,2115,129,2,2005-08-01,"09:48:29",2005-08-05,"09:58:29"
10469,3054,466,2,2005-08-01,"09:51:11",2005-08-05,"06:53:11"
10470,82,523,1,2005-08-01,"09:52:26",2005-08-05,"06:52:26"
10471,1684,135,2,2005-08-01,"09:52:37",2005-08-07,"09:40:37"
10472,506,405,1,2005-08-01,"09:54:41",2005-08-04,"13:31:41"
10473,3034,329,2,2005-08-01,"09:56:24",2005-08-10,"12:36:24"
10474,4482,488,1,2005-08-01,"10:01:42",2005-08-08,"12:32:42"
10475,2931,115,2,2005-08-01,"10:03:17",2005-08-10,"15:50:17"
10476,1993,263,1,2005-08-01,"10:03:20",2005-08-10,"06:52:20"
10477,235,506,2,2005-08-01,"10:04:17",2005-08-06,"11:32:17"
10478,3885,417,1,2005-08-01,"10:09:06",2005-08-06,"05:05:06"
10479,4580,275,1,2005-08-01,"10:11:25",2005-08-06,"04:52:25"
10480,553,560,1,2005-08-01,"10:13:41",2005-08-03,"10:27:41"
10481,229,170,1,2005-08-01,"10:17:26",2005-08-09,"08:50:26"
10482,48,358,2,2005-08-01,"10:17:47",2005-08-02,"15:04:47"
10483,1521,129,1,2005-08-01,"10:19:45",2005-08-04,"09:29:45"
10484,1908,400,1,2005-08-01,"10:19:53",2005-08-03,"05:36:53"
10485,29,50,1,2005-08-01,"10:20:34",2005-08-09,"09:20:34"
10486,2454,527,2,2005-08-01,"10:23:43",2005-08-05,"07:11:43"
10487,1121,577,1,2005-08-01,"10:26:34",2005-08-07,"16:11:34"
10488,297,423,2,2005-08-01,"10:27:27",2005-08-02,"11:05:27"
10489,4067,54,1,2005-08-01,"10:27:42",2005-08-07,"12:56:42"
10490,4365,329,2,2005-08-01,"10:37:11",2005-08-03,"10:01:11"
10491,3091,24,2,2005-08-01,"10:38:27",2005-08-04,"04:55:27"
10492,1669,334,1,2005-08-01,"10:42:28",2005-08-02,"07:05:28"
10493,2375,285,2,2005-08-01,"10:43:12",2005-08-07,"08:13:12"
10494,847,188,1,2005-08-01,"10:45:21",2005-08-02,"12:34:21"
10495,2232,41,1,2005-08-01,"10:45:51",2005-08-06,"08:11:51"
10496,411,525,2,2005-08-01,"10:53:16",2005-08-08,"10:34:16"
10497,1060,499,1,2005-08-01,"10:55:59",2005-08-07,"11:15:59"
10498,2672,355,2,2005-08-01,"10:56:48",2005-08-03,"15:46:48"
10499,3293,459,2,2005-08-01,"11:00:20",2005-08-10,"11:52:20"
10500,469,477,2,2005-08-01,"11:01:01",2005-08-06,"08:59:01"
10501,1792,351,2,2005-08-01,"11:04:46",2005-08-02,"12:10:46"
10502,3193,357,1,2005-08-01,"11:06:39",2005-08-05,"07:11:39"
10503,1823,357,1,2005-08-01,"11:07:44",2005-08-08,"08:22:44"
10504,3345,530,1,2005-08-01,"11:10:55",2005-08-10,"10:16:55"
10505,2977,426,2,2005-08-01,"11:13:59",2005-08-05,"07:20:59"
10506,1171,216,2,2005-08-01,"11:16:05",2005-08-03,"05:37:05"
10507,367,45,2,2005-08-01,"11:22:20",2005-08-04,"13:18:20"
10508,3890,431,1,2005-08-01,"11:23:27",2005-08-02,"10:17:27"
10509,96,504,2,2005-08-01,"11:25:28",2005-08-10,"09:19:28"
10510,410,259,1,2005-08-01,"11:28:30",2005-08-07,"11:37:30"
10511,3874,487,1,2005-08-01,"11:32:16",2005-08-04,"09:38:16"
10512,3294,438,2,2005-08-01,"11:36:19",2005-08-09,"06:52:19"
10513,4057,105,2,2005-08-01,"11:37:34",2005-08-02,"17:15:34"
10514,1512,7,2,2005-08-01,"11:39:26",2005-08-03,"07:53:26"
10515,874,383,2,2005-08-01,"11:41:33",2005-08-08,"06:23:33"
10516,3924,449,1,2005-08-01,"11:41:55",2005-08-08,"17:16:55"
10517,2299,199,1,2005-08-01,"11:41:57",2005-08-05,"06:14:57"
10518,4444,556,2,2005-08-01,"11:44:08",2005-08-07,"07:58:08"
10519,1967,456,1,2005-08-01,"11:44:13",2005-08-09,"16:57:13"
10520,4396,543,2,2005-08-01,"11:45:58",2005-08-06,"17:28:58"
10521,662,346,2,2005-08-01,"11:46:17",2005-08-05,"11:06:17"
10522,4159,254,1,2005-08-01,"11:48:51",2005-08-05,"12:40:51"
10523,2408,34,1,2005-08-01,"11:52:32",2005-08-02,"10:47:32"
10524,4116,38,2,2005-08-01,"11:53:12",2005-08-08,"10:40:12"
10525,3811,36,1,2005-08-01,"11:53:17",2005-08-07,"07:24:17"
10526,27,14,1,2005-08-01,"11:55:33",2005-08-08,"16:42:33"
10527,4530,431,2,2005-08-01,"11:55:54",2005-08-05,"15:56:54"
10528,4401,564,1,2005-08-01,"11:56:22",2005-08-07,"07:13:22"
10529,851,444,1,2005-08-01,"12:00:02",2005-08-08,"16:18:02"
10530,3216,520,2,2005-08-01,"12:01:17",2005-08-06,"09:55:17"
10531,3846,459,2,2005-08-01,"12:06:30",2005-08-04,"10:23:30"
10532,746,191,2,2005-08-01,"12:06:35",2005-08-07,"16:04:35"
10533,1924,593,2,2005-08-01,"12:14:16",2005-08-09,"17:13:16"
10534,4354,397,1,2005-08-01,"12:15:11",2005-08-04,"17:06:11"
10535,1838,284,1,2005-08-01,"12:21:13",2005-08-09,"08:58:13"
10536,1251,86,2,2005-08-01,"12:21:53",2005-08-04,"13:08:53"
10537,2140,418,1,2005-08-01,"12:22:28",2005-08-08,"07:27:28"
10538,686,37,2,2005-08-01,"12:22:41",2005-08-02,"10:31:41"
10539,3341,232,2,2005-08-01,"12:23:00",2005-08-07,"10:25:00"
10540,4121,84,2,2005-08-01,"12:24:42",2005-08-03,"08:39:42"
10541,1413,234,1,2005-08-01,"12:24:54",2005-08-03,"16:18:54"
10542,1102,465,1,2005-08-01,"12:32:23",2005-08-08,"16:26:23"
10543,624,29,1,2005-08-01,"12:36:09",2005-08-07,"07:42:09"
10544,3195,589,2,2005-08-01,"12:36:21",2005-08-07,"12:25:21"
10545,4230,425,2,2005-08-01,"12:37:46",2005-08-04,"16:02:46"
10546,1589,362,2,2005-08-01,"12:44:17",2005-08-06,"16:26:17"
10547,1707,403,1,2005-08-01,"12:44:17",2005-08-08,"06:53:17"
10548,1914,85,1,2005-08-01,"12:44:32",2005-08-07,"09:17:32"
10549,3719,61,1,2005-08-01,"12:46:39",2005-08-06,"17:17:39"
10550,1980,129,2,2005-08-01,"12:46:52",2005-08-05,"16:48:52"
10551,2974,294,1,2005-08-01,"12:48:55",2005-08-10,"16:11:55"
10552,4263,119,2,2005-08-01,"12:49:44",2005-08-04,"16:20:44"
10553,2768,415,1,2005-08-01,"12:54:06",2005-08-06,"15:27:06"
10554,3220,209,2,2005-08-01,"12:56:19",2005-08-03,"09:44:19"
10555,377,487,1,2005-08-01,"12:56:38",2005-08-10,"18:19:38"
10556,144,117,2,2005-08-01,"12:58:42",2005-08-03,"07:18:42"
10557,240,385,2,2005-08-01,"12:59:24",2005-08-04,"17:08:24"
10558,4399,117,1,2005-08-01,"13:00:20",2005-08-05,"16:31:20"
10559,2861,174,2,2005-08-01,"13:02:58",2005-08-09,"10:03:58"
10560,1534,427,2,2005-08-01,"13:04:57",2005-08-05,"18:25:57"
10561,2195,8,2,2005-08-01,"13:05:35",2005-08-04,"08:34:35"
10562,1947,178,1,2005-08-01,"13:05:52",2005-08-02,"17:05:52"
10563,1885,214,2,2005-08-01,"13:06:03",2005-08-09,"08:39:03"
10564,4469,387,2,2005-08-01,"13:07:34",2005-08-06,"15:14:34"
10565,347,165,1,2005-08-01,"13:08:27",2005-08-02,"10:30:27"
10566,3988,269,2,2005-08-01,"13:12:11",2005-08-05,"11:16:11"
10567,2744,212,1,2005-08-01,"13:16:01",2005-08-05,"14:59:01"
10568,3009,130,1,2005-08-01,"13:17:28",2005-08-08,"17:04:28"
10569,611,179,1,2005-08-01,"13:18:23",2005-08-10,"13:33:23"
10570,369,21,2,2005-08-01,"13:23:06",2005-08-05,"15:30:06"
10571,3660,308,2,2005-08-01,"13:25:30",2005-08-02,"16:43:30"
10572,1239,386,2,2005-08-01,"13:26:53",2005-08-07,"18:47:53"
10573,4252,585,2,2005-08-01,"13:27:24",2005-08-04,"15:09:24"
10574,679,287,2,2005-08-01,"13:36:51",2005-08-10,"13:25:51"
10575,4447,251,1,2005-08-01,"13:41:41",2005-08-08,"11:30:41"
10576,1876,180,1,2005-08-01,"13:46:02",2005-08-05,"10:19:02"
10577,2240,428,2,2005-08-01,"13:46:38",2005-08-06,"11:35:38"
10578,3704,113,1,2005-08-01,"13:48:02",2005-08-07,"13:40:02"
10579,4068,270,1,2005-08-01,"13:48:22",2005-08-07,"11:51:22"
10580,590,234,2,2005-08-01,"13:51:14",2005-08-08,"11:49:14"
10581,2801,217,1,2005-08-01,"13:52:30",2005-08-10,"19:11:30"
10582,2536,233,2,2005-08-01,"13:54:22",2005-08-05,"16:46:22"
10583,704,125,1,2005-08-01,"13:54:35",2005-08-03,"18:21:35"
10584,715,86,2,2005-08-01,"13:58:47",2005-08-06,"13:38:47"
10585,2670,228,2,2005-08-01,"14:00:42",2005-08-09,"11:42:42"
10586,3306,583,2,2005-08-01,"14:00:59",2005-08-06,"10:00:59"
10587,3000,521,2,2005-08-01,"14:03:38",2005-08-08,"19:59:38"
10588,2384,49,2,2005-08-01,"14:10:21",2005-08-03,"13:47:21"
10589,4280,375,2,2005-08-01,"14:11:09",2005-08-09,"09:28:09"
10590,740,78,1,2005-08-01,"14:11:53",2005-08-04,"20:04:53"
10591,3360,52,2,2005-08-01,"14:12:29",2005-08-04,"08:46:29"
10592,829,265,2,2005-08-01,"14:13:00",2005-08-09,"13:03:00"
10593,1886,144,2,2005-08-01,"14:13:19",2005-08-06,"08:48:19"
10594,1826,53,2,2005-08-01,"14:14:59",2005-08-07,"10:48:59"
10595,966,137,1,2005-08-01,"14:16:28",2005-08-03,"10:37:28"
10596,803,112,2,2005-08-01,"14:18:57",2005-08-07,"14:59:57"
10597,3292,3,1,2005-08-01,"14:19:48",2005-08-08,"20:01:48"
10598,2341,397,2,2005-08-01,"14:23:36",2005-08-10,"14:07:36"
10599,2422,271,2,2005-08-01,"14:23:58",2005-08-06,"10:45:58"
10600,3900,294,1,2005-08-01,"14:25:21",2005-08-06,"18:00:21"
10601,2843,420,1,2005-08-01,"14:25:40",2005-08-10,"09:07:40"
10602,1506,111,1,2005-08-01,"14:30:23",2005-08-07,"15:20:23"
10603,4024,394,2,2005-08-01,"14:30:35",2005-08-05,"11:13:35"
10604,2833,250,2,2005-08-01,"14:35:08",2005-08-08,"10:19:08"
10605,680,341,2,2005-08-01,"14:36:26",2005-08-06,"12:04:26"
10606,81,335,1,2005-08-01,"14:39:15",2005-08-08,"11:31:15"
10607,3999,438,2,2005-08-01,"14:44:43",2005-08-02,"16:39:43"
10608,3835,381,2,2005-08-01,"14:48:41",2005-08-04,"17:32:41"
10609,2587,5,2,2005-08-01,"14:48:45",2005-08-04,"13:41:45"
10610,1865,396,1,2005-08-01,"14:49:41",2005-08-03,"13:07:41"
10611,957,135,2,2005-08-01,"14:53:52",2005-08-07,"09:15:52"
10612,287,554,1,2005-08-01,"14:55:31",2005-08-06,"19:01:31"
10613,4357,527,1,2005-08-01,"14:56:14",2005-08-07,"09:33:14"
10614,232,533,2,2005-08-01,"14:57:00",2005-08-10,"09:31:00"
10615,2639,34,1,2005-08-01,"14:58:14",2005-08-02,"13:38:14"
10616,1094,20,2,2005-08-01,"14:59:50",2005-08-07,"11:38:50"
10617,4344,476,1,2005-08-01,"15:05:52",2005-08-09,"18:54:52"
10618,3729,386,2,2005-08-01,"15:06:38",2005-08-06,"15:52:38"
10619,2189,132,2,2005-08-01,"15:07:04",2005-08-07,"11:42:04"
10620,3064,183,1,2005-08-01,"15:09:17",2005-08-09,"13:58:17"
10621,1650,172,1,2005-08-01,"15:10:26",2005-08-04,"10:58:26"
10622,3044,171,1,2005-08-01,"15:12:00",2005-08-08,"14:09:00"
10623,4426,494,2,2005-08-01,"15:22:38",2005-08-03,"11:03:38"
10624,3801,74,1,2005-08-01,"15:27:05",2005-08-05,"19:50:05"
10625,3022,5,1,2005-08-01,"15:27:10",2005-08-02,"13:16:10"
10626,1042,122,1,2005-08-01,"15:32:41",2005-08-05,"18:08:41"
10627,2026,472,1,2005-08-01,"15:33:03",2005-08-02,"21:26:03"
10628,427,285,1,2005-08-01,"15:33:19",2005-08-05,"17:27:19"
10629,997,575,2,2005-08-01,"15:33:32",2005-08-08,"12:40:32"
10630,2335,39,1,2005-08-01,"15:34:46",2005-08-03,"10:50:46"
10631,2712,304,1,2005-08-01,"15:35:14",2005-08-03,"10:48:14"
10632,1290,406,1,2005-08-01,"15:36:56",2005-08-05,"17:32:56"
10633,3125,475,2,2005-08-01,"15:37:17",2005-08-10,"14:30:17"
10634,445,592,2,2005-08-01,"15:37:48",2005-08-02,"12:11:48"
10635,547,52,2,2005-08-01,"15:37:58",2005-08-07,"11:15:58"
10636,621,385,1,2005-08-01,"15:40:35",2005-08-05,"18:46:35"
10637,1243,161,1,2005-08-01,"15:44:09",2005-08-04,"14:42:09"
10638,2239,132,2,2005-08-01,"15:44:20",2005-08-08,"16:05:20"
10639,1015,39,1,2005-08-01,"15:44:43",2005-08-10,"13:51:43"
10640,3020,375,1,2005-08-01,"15:44:51",2005-08-06,"15:52:51"
10641,972,285,2,2005-08-01,"15:44:57",2005-08-04,"18:15:57"
10642,2573,294,1,2005-08-01,"15:45:11",2005-08-02,"20:13:11"
10643,3853,495,2,2005-08-01,"15:48:33",2005-08-06,"20:24:33"
10644,4374,7,1,2005-08-01,"15:52:00",2005-08-08,"16:08:00"
10645,3864,130,1,2005-08-01,"15:52:01",2005-08-09,"18:58:01"
10646,1752,209,1,2005-08-01,"15:57:55",2005-08-02,"19:08:55"
10647,3137,115,2,2005-08-01,"16:08:46",2005-08-06,"20:37:46"
10648,691,270,1,2005-08-01,"16:08:52",2005-08-05,"20:17:52"
10649,1032,278,2,2005-08-01,"16:11:40",2005-08-06,"14:09:40"
10650,2306,242,1,2005-08-01,"16:18:45",2005-08-09,"16:29:45"
10651,1541,404,1,2005-08-01,"16:20:22",2005-08-03,"15:53:22"
10652,1633,241,2,2005-08-01,"16:24:08",2005-08-03,"16:00:08"
10653,1190,75,2,2005-08-01,"16:28:07",2005-08-07,"21:22:07"
10654,2522,399,2,2005-08-01,"16:31:35",2005-08-05,"12:04:35"
10655,1399,385,2,2005-08-01,"16:33:27",2005-08-08,"17:17:27"
10656,2571,80,2,2005-08-01,"16:38:04",2005-08-09,"19:37:04"
10657,3075,590,2,2005-08-01,"16:38:44",2005-08-06,"16:05:44"
10658,2943,469,2,2005-08-01,"16:39:18",2005-08-09,"18:17:18"
10659,786,238,2,2005-08-01,"16:40:34",2005-08-09,"21:00:34"
10660,2518,253,2,2005-08-01,"16:48:01",2005-08-07,"14:42:01"
10661,3311,177,1,2005-08-01,"16:48:31",2005-08-02,"21:02:31"
10662,2857,151,1,2005-08-01,"16:50:57",2005-08-03,"17:19:57"
10663,4258,433,2,2005-08-01,"16:51:08",2005-08-08,"21:17:08"
10664,3167,337,2,2005-08-01,"16:51:15",2005-08-04,"19:14:15"
10665,3594,133,1,2005-08-01,"16:56:17",2005-08-03,"18:58:17"
10666,1945,197,2,2005-08-01,"16:56:36",2005-08-07,"22:23:36"
10667,3937,340,1,2005-08-01,"16:58:22",2005-08-10,"15:41:22"
10668,2085,58,2,2005-08-01,"17:00:27",2005-08-02,"14:49:27"
10669,2121,559,2,2005-08-01,"17:03:28",2005-08-08,"21:34:28"
10670,156,512,2,2005-08-01,"17:07:16",2005-08-10,"11:46:16"
10671,4430,10,1,2005-08-01,"17:09:59",2005-08-09,"21:36:59"
10672,3674,375,2,2005-08-01,"17:10:54",2005-08-07,"12:19:54"
10673,2735,528,1,2005-08-01,"17:11:51",2005-08-03,"13:32:51"
10674,1962,340,1,2005-08-01,"17:11:52",2005-08-08,"19:34:52"
10675,649,522,1,2005-08-01,"17:11:57",2005-08-10,"17:18:57"
10676,629,79,1,2005-08-01,"17:14:15",2005-08-04,"12:34:15"
10677,4350,483,1,2005-08-01,"17:24:35",2005-08-04,"20:03:35"
10678,4438,56,1,2005-08-01,"17:26:24",2005-08-05,"22:55:24"
10679,4437,198,1,2005-08-01,"17:27:58",2005-08-08,"16:06:58"
10680,2498,60,1,2005-08-01,"17:28:05",2005-08-04,"19:34:05"
10681,1468,119,2,2005-08-01,"17:30:35",2005-08-02,"14:48:35"
10682,4557,18,2,2005-08-01,"17:32:53",2005-08-06,"15:49:53"
10683,244,246,1,2005-08-01,"17:33:03",2005-08-04,"23:12:03"
10684,1985,244,2,2005-08-01,"17:47:00",2005-08-09,"15:00:00"
10685,2029,200,2,2005-08-01,"17:49:38",2005-08-07,"21:04:38"
10686,2542,150,1,2005-08-01,"17:51:21",2005-08-03,"19:01:21"
10687,3191,16,2,2005-08-01,"17:53:02",2005-08-05,"19:16:02"
10688,3161,449,1,2005-08-01,"17:53:43",2005-08-09,"21:50:43"
10689,1442,568,2,2005-08-01,"18:04:18",2005-08-05,"21:17:18"
10690,807,80,2,2005-08-01,"18:05:54",2005-08-10,"21:43:54"
10691,4281,276,1,2005-08-01,"18:09:53",2005-08-03,"16:32:53"
10692,371,596,1,2005-08-01,"18:12:35",2005-08-07,"13:06:35"
10693,2387,444,2,2005-08-01,"18:14:14",2005-08-03,"22:00:14"
10694,3429,98,1,2005-08-01,"18:15:07",2005-08-10,"15:38:07"
10695,3612,374,2,2005-08-01,"18:16:20",2005-08-03,"12:21:20"
10696,47,120,1,2005-08-01,"18:18:13",2005-08-04,"14:09:13"
10697,3115,519,1,2005-08-01,"18:20:23",2005-08-07,"21:18:23"
10698,2738,135,2,2005-08-01,"18:24:41",2005-08-08,"18:59:41"
10699,1029,125,1,2005-08-01,"18:24:51",2005-08-06,"20:18:51"
10700,4259,203,2,2005-08-01,"18:26:31",2005-08-07,"19:51:31"
10701,3958,538,1,2005-08-01,"18:28:17",2005-08-09,"21:51:17"
10702,2802,560,2,2005-08-01,"18:34:59",2005-08-09,"23:44:59"
10703,1818,181,2,2005-08-01,"18:37:39",2005-08-07,"23:50:39"
10704,960,594,1,2005-08-01,"18:38:02",2005-08-08,"20:19:02"
10705,4338,381,1,2005-08-01,"18:38:54",2005-08-04,"18:00:54"
10706,1183,147,1,2005-08-01,"18:41:28",2005-08-10,"14:30:28"
10707,1165,558,1,2005-08-01,"18:41:34",2005-08-06,"12:41:34"
10708,3978,567,1,2005-08-01,"18:43:28",2005-08-09,"15:24:28"
10709,282,418,2,2005-08-01,"18:43:57",2005-08-06,"13:17:57"
10710,3082,177,1,2005-08-01,"18:44:36",2005-08-03,"13:17:36"
10711,4278,400,2,2005-08-01,"18:45:09",2005-08-02,"19:47:09"
10712,1188,532,2,2005-08-01,"18:47:56",2005-08-07,"19:26:56"
10713,2030,369,2,2005-08-01,"18:50:05",2005-08-05,"00:43:05"
10714,1465,64,2,2005-08-01,"18:51:29",2005-08-04,"18:49:29"
10715,1054,386,1,2005-08-01,"18:51:48",2005-08-06,"14:44:48"
10716,3405,515,1,2005-08-01,"18:53:48",2005-08-04,"13:49:48"
10717,2934,365,1,2005-08-01,"18:53:53",2005-08-05,"21:28:53"
10718,2763,394,1,2005-08-01,"18:55:38",2005-08-04,"14:45:38"
10719,3861,188,1,2005-08-01,"19:00:28",2005-08-07,"17:04:28"
10720,3712,326,2,2005-08-01,"19:04:33",2005-08-06,"23:12:33"
10721,904,18,2,2005-08-01,"19:05:18",2005-08-09,"20:45:18"
10722,2849,90,2,2005-08-01,"19:07:08",2005-08-04,"14:09:08"
10723,2526,580,2,2005-08-01,"19:10:49",2005-08-08,"19:21:49"
10724,3425,576,1,2005-08-01,"19:10:59",2005-08-07,"18:44:59"
10725,4486,534,2,2005-08-01,"19:11:04",2005-08-07,"18:16:04"
10726,749,75,2,2005-08-01,"19:14:53",2005-08-08,"23:56:53"
10727,2049,16,1,2005-08-01,"19:15:08",2005-08-03,"13:52:08"
10728,3133,309,1,2005-08-01,"19:15:09",2005-08-04,"19:35:09"
10729,2918,595,2,2005-08-01,"19:21:11",2005-08-07,"21:20:11"
10730,1793,368,1,2005-08-01,"19:21:42",2005-08-10,"21:18:42"
10731,4248,278,2,2005-08-01,"19:21:48",2005-08-08,"22:01:48"
10732,2810,538,1,2005-08-01,"19:25:18",2005-08-10,"22:26:18"
10733,3980,560,1,2005-08-01,"19:28:01",2005-08-09,"18:41:01"
10734,1130,21,2,2005-08-01,"19:28:47",2005-08-03,"00:41:47"
10735,4061,544,2,2005-08-01,"19:29:45",2005-08-02,"19:50:45"
10736,2227,272,1,2005-08-01,"19:30:21",2005-08-02,"22:37:21"
10737,1773,149,1,2005-08-01,"19:31:24",2005-08-10,"19:17:24"
10738,544,377,1,2005-08-01,"19:39:08",2005-08-10,"20:37:08"
10739,3160,197,2,2005-08-01,"19:46:11",2005-08-06,"21:08:11"
10740,3215,144,1,2005-08-01,"19:50:32",2005-08-07,"23:25:32"
10741,3300,469,1,2005-08-01,"19:52:52",2005-08-04,"19:58:52"
10742,3658,416,1,2005-08-01,"19:53:13",2005-08-10,"15:05:13"
10743,4206,197,1,2005-08-01,"19:55:09",2005-08-03,"19:29:09"
10744,565,439,2,2005-08-01,"19:56:49",2005-08-09,"16:33:49"
10745,446,307,1,2005-08-01,"19:57:06",2005-08-07,"18:04:06"
10746,305,508,2,2005-08-01,"19:58:49",2005-08-10,"19:00:49"
10747,4527,266,2,2005-08-01,"19:59:41",2005-08-10,"00:00:41"
10748,3769,181,1,2005-08-01,"20:01:24",2005-08-05,"19:55:24"
10749,2953,214,1,2005-08-01,"20:02:01",2005-08-03,"14:20:01"
10750,3206,201,1,2005-08-01,"20:06:00",2005-08-07,"15:48:00"
10751,3257,518,2,2005-08-01,"20:06:10",2005-08-10,"22:36:10"
10752,3203,147,2,2005-08-01,"20:08:49",2005-08-10,"15:41:49"
10753,1557,273,1,2005-08-01,"20:09:24",2005-08-09,"19:31:24"
10754,2122,460,2,2005-08-01,"20:12:33",2005-08-10,"01:07:33"
10755,1217,239,1,2005-08-01,"20:14:14",2005-08-07,"01:04:14"
10756,4247,596,2,2005-08-01,"20:17:03",2005-08-08,"18:31:03"
10757,102,188,2,2005-08-01,"20:22:44",2005-08-04,"19:48:44"
10758,191,373,1,2005-08-01,"20:22:51",2005-08-10,"16:11:51"
10759,3528,256,1,2005-08-01,"20:22:51",2005-08-07,"22:07:51"
10760,1311,497,1,2005-08-01,"20:25:20",2005-08-09,"16:57:20"
10761,3967,36,2,2005-08-01,"20:25:35",2005-08-08,"15:20:35"
10762,1363,208,1,2005-08-01,"20:28:39",2005-08-05,"17:36:39"
10763,987,276,2,2005-08-01,"20:32:27",2005-08-05,"01:24:27"
10764,3808,357,2,2005-08-01,"20:32:42",2005-08-03,"22:14:42"
10765,566,337,1,2005-08-01,"20:34:51",2005-08-04,"00:02:51"
10766,947,420,1,2005-08-01,"20:36:29",2005-08-04,"00:30:29"
10767,2875,488,2,2005-08-01,"20:37:23",2005-08-04,"23:15:23"
10768,454,273,1,2005-08-01,"20:39:32",2005-08-10,"19:41:32"
10769,3222,348,1,2005-08-01,"20:43:02",2005-08-05,"02:32:02"
10770,2567,262,1,2005-08-01,"20:45:39",2005-08-04,"19:21:39"
10771,1274,485,1,2005-08-01,"20:49:35",2005-08-10,"16:58:35"
10772,132,485,1,2005-08-01,"20:51:10",2005-08-10,"15:50:10"
10773,3854,181,1,2005-08-01,"20:53:45",2005-08-07,"00:16:45"
10774,4231,407,2,2005-08-01,"20:54:33",2005-08-08,"20:59:33"
10775,4190,263,2,2005-08-01,"20:59:52",2005-08-04,"19:31:52"
10776,1598,565,2,2005-08-01,"20:59:58",2005-08-10,"20:33:58"
10777,3487,493,1,2005-08-01,"21:03:50",2005-08-06,"19:29:50"
10778,1939,220,2,2005-08-01,"21:11:39",2005-08-02,"22:59:39"
10779,2092,578,2,2005-08-01,"21:11:54",2005-08-09,"21:00:54"
10780,1450,51,2,2005-08-01,"21:14:24",2005-08-07,"16:32:24"
10781,1321,259,1,2005-08-01,"21:22:41",2005-08-06,"01:02:41"
10782,1507,577,2,2005-08-01,"21:23:25",2005-08-03,"20:15:25"
10783,1192,495,1,2005-08-01,"21:23:37",2005-08-09,"20:18:37"
10784,3494,208,1,2005-08-01,"21:24:28",2005-08-09,"19:23:28"
10785,2282,397,1,2005-08-01,"21:24:55",2005-08-06,"17:47:55"
10786,50,490,1,2005-08-01,"21:29:34",2005-08-10,"17:27:34"
10787,3246,127,1,2005-08-01,"21:35:01",2005-08-10,"23:30:01"
10788,3350,160,1,2005-08-01,"21:37:10",2005-08-03,"01:33:10"
10789,3298,403,2,2005-08-01,"21:37:55",2005-08-07,"17:01:55"
10790,3080,274,2,2005-08-01,"21:38:37",2005-08-08,"17:20:37"
10791,2061,338,2,2005-08-01,"21:41:52",2005-08-04,"03:28:52"
10792,1037,264,2,2005-08-01,"21:44:24",2005-08-02,"19:48:24"
10793,3018,225,1,2005-08-01,"21:48:03",2005-08-10,"19:16:03"
10794,889,27,2,2005-08-01,"21:51:15",2005-08-10,"18:51:15"
10795,2748,76,1,2005-08-01,"21:56:37",2005-08-03,"01:36:37"
10796,2113,534,1,2005-08-01,"21:56:41",2005-08-05,"01:09:41"
10797,1731,308,1,2005-08-01,"22:02:51",2005-08-03,"23:07:51"
10798,382,141,1,2005-08-01,"22:03:10",2005-08-08,"01:34:10"
10799,3282,145,2,2005-08-01,"22:03:31",2005-08-06,"20:19:31"
10800,507,583,1,2005-08-01,"22:07:44",2005-08-05,"22:45:44"
10801,3757,116,1,2005-08-01,"22:09:35",2005-08-08,"22:23:35"
10802,3998,178,2,2005-08-01,"22:18:32",2005-08-10,"18:41:32"
10803,3318,46,2,2005-08-01,"22:22:07",2005-08-08,"02:37:07"
10804,2915,596,2,2005-08-01,"22:22:11",2005-08-03,"03:42:11"
10805,557,203,2,2005-08-01,"22:23:37",2005-08-05,"01:22:37"
10806,3553,89,2,2005-08-01,"22:25:29",2005-08-04,"18:46:29"
10807,1673,287,1,2005-08-01,"22:26:10",2005-08-05,"21:55:10"
10808,596,480,1,2005-08-01,"22:37:11",2005-08-09,"02:37:11"
10809,1167,340,2,2005-08-01,"22:39:27",2005-08-03,"03:44:27"
10810,2314,376,1,2005-08-01,"22:40:39",2005-08-06,"19:47:39"
10811,4012,209,1,2005-08-01,"22:41:15",2005-08-10,"00:10:15"
10812,3762,11,1,2005-08-01,"22:41:16",2005-08-07,"00:50:16"
10813,3580,456,1,2005-08-01,"22:43:00",2005-08-03,"21:43:00"
10814,2758,49,2,2005-08-01,"22:43:12",2005-08-05,"02:35:12"
10815,877,62,2,2005-08-01,"22:46:21",2005-08-03,"02:43:21"
10816,905,129,2,2005-08-01,"22:48:57",2005-08-10,"04:39:57"
10817,3056,501,2,2005-08-01,"22:51:08",2005-08-10,"16:55:08"
10818,4549,309,1,2005-08-01,"22:52:45",2005-08-06,"04:07:45"
10819,983,308,1,2005-08-01,"22:52:57",2005-08-06,"00:08:57"
10820,1487,97,2,2005-08-01,"22:53:40",2005-08-02,"17:59:40"
10821,2016,522,2,2005-08-01,"22:54:27",2005-08-07,"02:15:27"
10822,3895,343,1,2005-08-01,"22:54:28",2005-08-02,"17:19:28"
10823,3322,405,1,2005-08-01,"22:59:10",2005-08-08,"23:44:10"
10824,3948,482,2,2005-08-01,"23:00:22",2005-08-04,"04:14:22"
10825,4386,587,1,2005-08-01,"23:05:33",2005-08-04,"04:33:33"
10826,1228,476,2,2005-08-01,"23:07:56",2005-08-08,"04:10:56"
10827,1590,46,1,2005-08-01,"23:13:00",2005-08-08,"02:51:00"
10828,2448,471,1,2005-08-01,"23:16:10",2005-08-09,"21:17:10"
10829,168,554,2,2005-08-01,"23:17:06",2005-08-09,"17:22:06"
10830,4176,148,2,2005-08-01,"23:18:06",2005-08-06,"23:15:06"
10831,1496,78,2,2005-08-01,"23:22:45",2005-08-07,"01:05:45"
10832,4096,487,1,2005-08-01,"23:24:53",2005-08-06,"23:18:53"
10833,4380,422,1,2005-08-01,"23:25:55",2005-08-10,"18:01:55"
10834,2270,252,1,2005-08-01,"23:28:00",2005-08-07,"01:21:00"
10835,351,90,2,2005-08-01,"23:28:49",2005-08-10,"21:28:49"
10836,4534,217,2,2005-08-01,"23:29:58",2005-08-07,"23:03:58"
10837,1816,410,1,2005-08-01,"23:30:22",2005-08-07,"23:02:22"
10838,69,387,2,2005-08-01,"23:36:10",2005-08-05,"04:55:10"
10839,2867,482,1,2005-08-01,"23:37:39",2005-08-02,"20:18:39"
10840,583,593,2,2005-08-01,"23:38:34",2005-08-07,"02:36:34"
10841,4337,102,1,2005-08-01,"23:39:21",2005-08-07,"20:47:21"
10842,1300,137,1,2005-08-01,"23:41:24",2005-08-11,"03:48:24"
10843,1286,192,2,2005-08-01,"23:43:03",2005-08-09,"23:49:03"
10844,1516,333,2,2005-08-01,"23:46:58",2005-08-09,"19:42:58"
10845,2737,42,1,2005-08-01,"23:47:03",2005-08-08,"01:57:03"
10846,2277,441,1,2005-08-01,"23:47:54",2005-08-08,"01:10:54"
10847,1200,280,2,2005-08-01,"23:49:33",2005-08-10,"05:37:33"
10848,2630,368,1,2005-08-01,"23:50:22",2005-08-06,"00:52:22"
10849,1683,278,2,2005-08-01,"23:51:00",2005-08-10,"19:59:00"
10850,1853,199,1,2005-08-01,"23:53:45",2005-08-10,"21:11:45"
10851,1359,154,1,2005-08-01,"23:58:45",2005-08-04,"00:59:45"
10852,3862,27,1,2005-08-02,"00:00:33",2005-08-03,"23:09:33"
10853,2682,41,2,2005-08-02,"00:00:54",2005-08-10,"05:37:54"
10854,3295,356,2,2005-08-02,"00:02:06",2005-08-02,"21:55:06"
10855,1366,274,1,2005-08-02,"00:06:37",2005-08-03,"00:39:37"
10856,2010,451,2,2005-08-02,"00:07:14",2005-08-04,"02:48:14"
10857,2961,360,1,2005-08-02,"00:07:20",2005-08-04,"02:35:20"
10858,852,312,2,2005-08-02,"00:08:39",2005-08-05,"00:58:39"
10859,277,375,1,2005-08-02,"00:11:39",2005-08-08,"19:52:39"
10860,2827,25,1,2005-08-02,"00:12:32",2005-08-04,"03:50:32"
10861,2162,131,2,2005-08-02,"00:12:46",2005-08-09,"04:09:46"
10862,1077,176,2,2005-08-02,"00:17:34",2005-08-08,"00:31:34"
10863,1170,161,2,2005-08-02,"00:18:07",2005-08-10,"06:16:07"
10864,1694,134,1,2005-08-02,"00:18:59",2005-08-08,"22:20:59"
10865,1485,201,2,2005-08-02,"00:22:46",2005-08-09,"05:08:46"
10866,117,424,1,2005-08-02,"00:22:49",2005-08-07,"04:38:49"
10867,2577,473,1,2005-08-02,"00:24:15",2005-08-05,"21:09:15"
10868,2443,562,2,2005-08-02,"00:25:15",2005-08-10,"02:31:15"
10869,2967,568,2,2005-08-02,"00:26:54",2005-08-04,"03:40:54"
10870,1509,33,2,2005-08-02,"00:27:12",2005-08-02,"20:00:12"
10871,104,75,1,2005-08-02,"00:27:24",2005-08-05,"06:25:24"
10872,2470,84,2,2005-08-02,"00:27:50",2005-08-06,"20:34:50"
10873,169,506,2,2005-08-02,"00:30:34",2005-08-07,"00:16:34"
10874,2552,230,1,2005-08-02,"00:31:00",2005-08-07,"05:04:00"
10875,862,175,2,2005-08-02,"00:31:44",2005-08-05,"22:24:44"
10876,2161,559,1,2005-08-02,"00:31:58",2005-08-05,"21:45:58"
10877,3337,487,2,2005-08-02,"00:32:04",2005-08-07,"19:44:04"
10878,3511,45,1,2005-08-02,"00:33:12",2005-08-07,"06:02:12"
10879,4415,334,2,2005-08-02,"00:33:20",2005-08-09,"04:13:20"
10880,450,528,2,2005-08-02,"00:34:12",2005-08-06,"21:15:12"
10881,781,253,2,2005-08-02,"00:38:14",2005-08-09,"22:02:14"
10882,1349,54,1,2005-08-02,"00:47:16",2005-08-09,"22:11:16"
10883,4,301,1,2005-08-02,"00:47:19",2005-08-03,"00:02:19"
10884,3702,569,1,2005-08-02,"00:47:33",2005-08-03,"04:38:33"
10885,4223,493,2,2005-08-02,"00:51:37",2005-08-09,"20:49:37"
10886,943,77,1,2005-08-02,"00:52:34",2005-08-08,"00:30:34"
10887,3450,573,1,2005-08-02,"00:52:35",2005-08-03,"05:37:35"
10888,2412,428,1,2005-08-02,"00:52:45",2005-08-03,"03:07:45"
10889,2098,64,1,2005-08-02,"00:54:33",2005-08-07,"19:42:33"
10890,78,210,1,2005-08-02,"00:58:46",2005-08-10,"02:13:46"
10891,1269,201,2,2005-08-02,"01:09:55",2005-08-05,"05:03:55"
10892,3243,109,1,2005-08-02,"01:12:06",2005-08-09,"23:53:06"
10893,2529,306,2,2005-08-02,"01:12:13",2005-08-11,"05:53:13"
10894,598,51,1,2005-08-02,"01:12:35",2005-08-09,"22:55:35"
10895,93,77,2,2005-08-02,"01:16:59",2005-08-03,"02:41:59"
10896,2283,505,1,2005-08-02,"01:19:33",2005-08-08,"06:54:33"
10897,291,338,1,2005-08-02,"01:23:42",2005-08-03,"23:27:42"
10898,3814,23,2,2005-08-02,"01:29:57",2005-08-06,"00:07:57"
10899,859,29,2,2005-08-02,"01:30:21",2005-08-06,"05:01:21"
10900,1749,139,2,2005-08-02,"01:34:26",2005-08-07,"00:52:26"
10901,3813,290,2,2005-08-02,"01:35:44",2005-08-04,"21:20:44"
10902,3863,486,1,2005-08-02,"01:35:46",2005-08-09,"01:59:46"
10903,2696,547,1,2005-08-02,"01:41:59",2005-08-06,"23:03:59"
10904,3681,593,1,2005-08-02,"01:43:02",2005-08-04,"04:34:02"
10905,2835,439,1,2005-08-02,"01:45:59",2005-08-04,"22:28:59"
10906,3139,463,2,2005-08-02,"01:47:04",2005-08-07,"20:41:04"
10907,1430,561,1,2005-08-02,"01:51:48",2005-08-02,"19:53:48"
10908,1284,269,2,2005-08-02,"01:53:06",2005-08-04,"02:46:06"
10909,3516,413,2,2005-08-02,"01:53:59",2005-08-03,"04:36:59"
10910,2428,266,2,2005-08-02,"01:54:34",2005-08-10,"04:04:34"
10911,769,195,2,2005-08-02,"01:58:36",2005-08-08,"07:37:36"
10912,732,477,1,2005-08-02,"02:00:03",2005-08-06,"05:55:03"
10913,3388,565,1,2005-08-02,"02:04:03",2005-08-09,"03:21:03"
10914,585,584,1,2005-08-02,"02:04:43",2005-08-06,"03:00:43"
10915,4568,418,2,2005-08-02,"02:05:04",2005-08-10,"21:58:04"
10916,3841,25,2,2005-08-02,"02:05:59",2005-08-06,"03:46:59"
10917,3146,378,1,2005-08-02,"02:06:18",2005-08-03,"22:42:18"
10918,3418,2,1,2005-08-02,"02:10:56",2005-08-02,"21:23:56"
10919,868,115,1,2005-08-02,"02:11:03",2005-08-04,"01:49:03"
10920,3106,531,1,2005-08-02,"02:14:10",2005-08-06,"23:36:10"
10921,1820,555,2,2005-08-02,"02:14:33",2005-08-09,"20:58:33"
10922,4522,539,1,2005-08-02,"02:14:40",2005-08-06,"06:04:40"
10923,2602,239,1,2005-08-02,"02:15:01",2005-08-03,"04:18:01"
10924,589,540,2,2005-08-02,"02:20:19",2005-08-11,"05:50:19"
10925,1475,98,1,2005-08-02,"02:24:38",2005-08-03,"05:06:38"
10926,4016,460,1,2005-08-02,"02:26:37",2005-08-09,"20:55:37"
10927,4125,288,1,2005-08-02,"02:31:15",2005-08-10,"20:41:15"
10928,2885,211,1,2005-08-02,"02:34:12",2005-08-07,"21:13:12"
10929,913,305,1,2005-08-02,"02:35:44",2005-08-05,"03:52:44"
10930,2027,206,2,2005-08-02,"02:38:07",2005-08-08,"05:15:07"
10931,3268,545,1,2005-08-02,"02:44:59",2005-08-04,"02:02:59"
10932,1688,595,2,2005-08-02,"02:46:22",2005-08-06,"01:49:22"
10933,3970,313,1,2005-08-02,"02:50:49",2005-08-08,"04:39:49"
10934,4458,142,2,2005-08-02,"02:52:18",2005-08-06,"01:23:18"
10935,4373,42,2,2005-08-02,"02:54:53",2005-08-10,"00:07:53"
10936,463,445,1,2005-08-02,"02:55:04",2005-08-11,"07:56:04"
10937,1320,416,2,2005-08-02,"03:00:18",2005-08-11,"03:44:18"
10938,3918,502,1,2005-08-02,"03:05:22",2005-08-05,"08:31:22"
10939,2131,161,2,2005-08-02,"03:06:20",2005-08-04,"01:22:20"
10940,3760,120,2,2005-08-02,"03:08:29",2005-08-07,"21:28:29"
10941,2132,531,1,2005-08-02,"03:11:33",2005-08-10,"07:31:33"
10942,2304,78,2,2005-08-02,"03:16:31",2005-08-11,"02:46:31"
10943,1036,377,2,2005-08-02,"03:17:29",2005-08-03,"00:50:29"
10944,2373,470,2,2005-08-02,"03:20:03",2005-08-04,"04:13:03"
10945,3684,532,1,2005-08-02,"03:20:23",2005-08-09,"03:23:23"
10946,4271,56,1,2005-08-02,"03:20:39",2005-08-05,"02:59:39"
10947,2510,500,1,2005-08-02,"03:23:17",2005-08-07,"05:25:17"
10948,4429,220,1,2005-08-02,"03:23:23",2005-08-05,"23:18:23"
10949,2309,389,2,2005-08-02,"03:24:04",2005-08-06,"08:36:04"
10950,707,451,2,2005-08-02,"03:25:08",2005-08-07,"23:11:08"
10951,173,144,1,2005-08-02,"03:26:35",2005-08-07,"22:03:35"
10952,3218,111,1,2005-08-02,"03:28:21",2005-08-09,"01:41:21"
10953,1510,483,1,2005-08-02,"03:28:38",2005-08-11,"03:53:38"
10954,3406,20,2,2005-08-02,"03:30:24",2005-08-08,"05:52:24"
10955,618,490,2,2005-08-02,"03:32:34",2005-08-09,"21:53:34"
10956,4372,54,2,2005-08-02,"03:33:14",2005-08-09,"09:20:14"
10957,1652,447,2,2005-08-02,"03:33:30",2005-08-10,"06:19:30"
10958,2174,160,2,2005-08-02,"03:37:13",2005-08-04,"23:28:13"
10959,4233,431,1,2005-08-02,"03:39:39",2005-08-11,"07:20:39"
10960,3536,399,1,2005-08-02,"03:46:18",2005-08-11,"01:29:18"
10961,1416,375,1,2005-08-02,"03:47:55",2005-08-09,"02:03:55"
10962,1953,538,1,2005-08-02,"03:48:13",2005-08-07,"00:04:13"
10963,4501,36,1,2005-08-02,"03:48:17",2005-08-02,"22:15:17"
10964,2356,36,2,2005-08-02,"03:56:23",2005-08-09,"23:11:23"
10965,2192,580,1,2005-08-02,"04:00:19",2005-08-09,"03:27:19"
10966,478,584,2,2005-08-02,"04:00:47",2005-08-08,"01:58:47"
10967,683,149,1,2005-08-02,"04:02:16",2005-08-09,"07:57:16"
10968,888,234,1,2005-08-02,"04:03:13",2005-08-11,"08:36:13"
10969,1898,244,1,2005-08-02,"04:04:32",2005-08-09,"23:18:32"
10970,1202,260,1,2005-08-02,"04:06:46",2005-08-10,"04:27:46"
10971,2789,383,1,2005-08-02,"04:08:17",2005-08-09,"00:02:17"
10972,1928,348,1,2005-08-02,"04:08:25",2005-08-09,"23:25:25"
10973,3562,127,2,2005-08-02,"04:09:42",2005-08-08,"05:24:42"
10974,690,491,1,2005-08-02,"04:10:52",2005-08-09,"08:26:52"
10975,2616,361,2,2005-08-02,"04:11:25",2005-08-04,"04:39:25"
10976,2418,326,2,2005-08-02,"04:11:48",2005-08-06,"06:30:48"
10977,2302,300,2,2005-08-02,"04:12:17",2005-08-06,"06:52:17"
10978,1597,487,2,2005-08-02,"04:12:27",2005-08-10,"08:19:27"
10979,2625,160,2,2005-08-02,"04:16:37",2005-08-06,"00:01:37"
10980,150,547,1,2005-08-02,"04:17:32",2005-08-04,"05:12:32"
10981,3699,305,2,2005-08-02,"04:17:53",2005-08-09,"03:45:53"
10982,2508,345,2,2005-08-02,"04:19:11",2005-08-04,"00:20:11"
10983,4502,380,2,2005-08-02,"04:24:23",2005-08-09,"08:05:23"
10984,1813,450,1,2005-08-02,"04:30:02",2005-08-10,"02:51:02"
10985,2734,186,1,2005-08-02,"04:30:19",2005-08-03,"05:18:19"
10986,555,597,2,2005-08-02,"04:35:24",2005-08-09,"07:34:24"
10987,968,349,1,2005-08-02,"04:36:52",2005-08-04,"00:03:52"
10988,1157,509,1,2005-08-02,"04:38:17",2005-08-09,"00:09:17"
10989,2272,7,2,2005-08-02,"04:40:54",2005-08-09,"03:39:54"
10990,262,111,2,2005-08-02,"04:41:06",2005-08-10,"05:02:06"
10991,2854,77,2,2005-08-02,"04:41:12",2005-08-05,"05:36:12"
10992,11,180,1,2005-08-02,"04:41:17",2005-08-09,"02:13:17"
10993,292,383,1,2005-08-02,"04:45:01",2005-08-04,"03:32:01"
10994,647,323,1,2005-08-02,"04:46:53",2005-08-11,"10:30:53"
10995,2891,340,1,2005-08-02,"04:48:00",2005-08-07,"05:00:00"
10996,2235,26,1,2005-08-02,"04:48:11",2005-08-06,"08:00:11"
10997,300,334,2,2005-08-02,"04:49:02",2005-08-10,"08:13:02"
10998,1479,435,1,2005-08-02,"04:50:55",2005-08-11,"03:43:55"
10999,2013,227,2,2005-08-02,"04:53:13",2005-08-06,"04:36:13"
11000,264,265,2,2005-08-02,"04:56:14",2005-08-07,"01:39:14"
11001,3701,5,1,2005-08-02,"04:56:45",2005-08-11,"08:04:45"
11002,3073,583,2,2005-08-02,"05:02:56",2005-08-05,"07:04:56"
11003,4301,272,2,2005-08-02,"05:03:05",2005-08-05,"10:48:05"
11004,200,45,2,2005-08-02,"05:04:18",2005-08-11,"00:03:18"
11005,1547,216,2,2005-08-02,"05:05:23",2005-08-07,"23:28:23"
11006,2776,473,1,2005-08-02,"05:05:52",2005-08-05,"03:33:52"
11007,4172,98,2,2005-08-02,"05:05:53",2005-08-05,"01:56:53"
11008,2831,375,2,2005-08-02,"05:06:17",2005-08-10,"01:22:17"
11009,2574,596,1,2005-08-02,"05:06:23",2005-08-08,"03:02:23"
11010,869,326,2,2005-08-02,"05:06:27",2005-08-03,"23:47:27"
11011,3981,256,1,2005-08-02,"05:07:07",2005-08-09,"07:16:07"
11012,542,162,2,2005-08-02,"05:09:42",2005-08-05,"07:22:42"
11013,2993,527,1,2005-08-02,"05:10:54",2005-08-10,"08:59:54"
11014,393,269,1,2005-08-02,"05:12:22",2005-08-07,"09:33:22"
11015,4331,138,2,2005-08-02,"05:13:00",2005-08-08,"04:18:00"
11016,4446,116,1,2005-08-02,"05:19:13",2005-08-05,"05:31:13"
11017,4140,480,2,2005-08-02,"05:19:51",2005-08-09,"00:36:51"
11018,2988,197,1,2005-08-02,"05:27:53",2005-08-07,"10:48:53"
11019,3227,112,1,2005-08-02,"05:29:31",2005-08-04,"00:42:31"
11020,1645,242,2,2005-08-02,"05:29:48",2005-08-06,"05:36:48"
11021,2069,385,2,2005-08-02,"05:30:11",2005-08-05,"05:50:11"
11022,827,206,2,2005-08-02,"05:35:03",2005-08-09,"10:20:03"
11023,3617,6,1,2005-08-02,"05:36:38",2005-08-10,"05:39:38"
11024,2284,427,1,2005-08-02,"05:38:31",2005-08-11,"04:47:31"
11025,2253,419,2,2005-08-02,"05:39:12",2005-08-08,"00:09:12"
11026,3554,531,2,2005-08-02,"05:46:05",2005-08-07,"06:27:05"
11027,571,412,1,2005-08-02,"05:47:10",2005-08-05,"23:51:10"
11028,2764,66,1,2005-08-02,"05:48:20",2005-08-10,"11:21:20"
11029,1023,45,1,2005-08-02,"05:51:10",2005-08-05,"04:15:10"
11030,1437,569,1,2005-08-02,"05:51:20",2005-08-06,"04:20:20"
11031,1205,361,2,2005-08-02,"05:52:58",2005-08-07,"07:14:58"
11032,1119,359,2,2005-08-02,"05:53:35",2005-08-05,"02:58:35"
11033,3323,155,2,2005-08-02,"05:54:17",2005-08-09,"10:50:17"
11034,2939,586,1,2005-08-02,"05:54:53",2005-08-09,"04:14:53"
11035,3776,305,2,2005-08-02,"05:55:39",2005-08-08,"06:46:39"
11036,2054,502,2,2005-08-02,"05:56:29",2005-08-05,"05:00:29"
11037,4291,220,1,2005-08-02,"05:58:12",2005-08-07,"11:26:12"
11038,4452,403,2,2005-08-02,"05:59:42",2005-08-08,"04:37:42"
11039,549,170,2,2005-08-02,"06:00:53",2005-08-05,"06:19:53"
11040,2297,223,1,2005-08-02,"06:03:22",2005-08-03,"07:58:22"
11041,1897,435,1,2005-08-02,"06:03:53",2005-08-03,"11:57:53"
11042,4149,439,1,2005-08-02,"06:04:33",2005-08-11,"01:30:33"
11043,65,573,1,2005-08-02,"06:04:44",2005-08-06,"11:37:44"
11044,2922,122,1,2005-08-02,"06:05:27",2005-08-06,"05:15:27"
11045,2214,402,1,2005-08-02,"06:07:54",2005-08-08,"00:37:54"
11046,2105,526,2,2005-08-02,"06:08:34",2005-08-06,"08:45:34"
11047,2267,416,1,2005-08-02,"06:09:20",2005-08-11,"08:36:20"
11048,206,491,2,2005-08-02,"06:15:07",2005-08-04,"02:47:07"
11049,4352,38,2,2005-08-02,"06:15:40",2005-08-11,"10:09:40"
11050,2077,234,1,2005-08-02,"06:17:16",2005-08-09,"05:58:16"
11051,4189,446,2,2005-08-02,"06:23:39",2005-08-06,"06:46:39"
11052,1089,331,2,2005-08-02,"06:26:19",2005-08-06,"04:20:19"
11053,2599,50,2,2005-08-02,"06:27:13",2005-08-09,"11:24:13"
11054,728,577,2,2005-08-02,"06:33:07",2005-08-10,"02:52:07"
11055,3851,182,1,2005-08-02,"06:36:05",2005-08-06,"00:36:05"
11056,1404,88,1,2005-08-02,"06:36:27",2005-08-10,"06:02:27"
11057,3143,137,1,2005-08-02,"06:38:19",2005-08-11,"03:43:19"
11058,3270,274,1,2005-08-02,"06:38:44",2005-08-06,"06:45:44"
11059,428,189,1,2005-08-02,"06:41:38",2005-08-09,"04:34:38"
11060,3395,496,1,2005-08-02,"06:48:18",2005-08-10,"11:49:18"
11061,809,245,2,2005-08-02,"06:50:18",2005-08-07,"07:41:18"
11062,2014,346,1,2005-08-02,"06:52:54",2005-08-07,"10:59:54"
11063,2261,461,2,2005-08-02,"06:53:48",2005-08-05,"03:38:48"
11064,3012,338,1,2005-08-02,"06:55:17",2005-08-06,"03:29:17"
11065,2226,357,2,2005-08-02,"06:57:55",2005-08-06,"01:31:55"
11066,4213,373,2,2005-08-02,"06:58:32",2005-08-10,"01:27:32"
11067,965,85,2,2005-08-02,"07:03:24",2005-08-10,"08:59:24"
11068,1262,52,2,2005-08-02,"07:08:07",2005-08-09,"11:15:07"
11069,57,4,1,2005-08-02,"07:09:34",2005-08-08,"08:39:34"
11070,4020,298,1,2005-08-02,"07:10:39",2005-08-03,"07:43:39"
11071,4264,294,1,2005-08-02,"07:10:53",2005-08-07,"09:58:53"
11072,3078,21,1,2005-08-02,"07:10:57",2005-08-04,"07:42:57"
11073,4232,234,1,2005-08-02,"07:13:03",2005-08-03,"05:46:03"
11074,1439,277,1,2005-08-02,"07:21:43",2005-08-08,"05:18:43"
11075,3027,503,1,2005-08-02,"07:24:23",2005-08-08,"04:55:23"
11076,837,211,1,2005-08-02,"07:24:47",2005-08-10,"09:16:47"
11077,4254,158,2,2005-08-02,"07:26:43",2005-08-09,"10:34:43"
11078,2362,587,2,2005-08-02,"07:26:58",2005-08-07,"01:59:58"
11079,3185,29,2,2005-08-02,"07:29:10",2005-08-07,"01:59:10"
11080,4303,571,1,2005-08-02,"07:29:56",2005-08-08,"05:58:56"
11081,3804,513,1,2005-08-02,"07:30:14",2005-08-09,"08:50:14"
11082,3037,190,2,2005-08-02,"07:30:19",2005-08-07,"05:20:19"
11083,4395,295,1,2005-08-02,"07:32:01",2005-08-08,"02:23:01"
11084,32,369,1,2005-08-02,"07:34:19",2005-08-07,"09:30:19"
11085,3207,276,1,2005-08-02,"07:36:44",2005-08-04,"03:32:44"
11086,552,371,1,2005-08-02,"07:38:44",2005-08-11,"06:30:44"
11087,654,2,2,2005-08-02,"07:41:41",2005-08-10,"10:37:41"
11088,2739,138,2,2005-08-02,"07:48:31",2005-08-05,"08:09:31"
11089,825,421,1,2005-08-02,"07:52:20",2005-08-07,"07:24:20"
11090,2743,89,1,2005-08-02,"07:56:40",2005-08-10,"07:58:40"
11091,1659,423,2,2005-08-02,"07:56:41",2005-08-07,"05:35:41"
11092,569,60,2,2005-08-02,"07:58:50",2005-08-04,"03:23:50"
11093,239,82,1,2005-08-02,"07:59:49",2005-08-11,"06:01:49"
11094,3095,18,1,2005-08-02,"08:03:02",2005-08-03,"11:34:02"
11095,3517,278,1,2005-08-02,"08:03:20",2005-08-10,"05:20:20"
11096,1436,34,2,2005-08-02,"08:05:19",2005-08-04,"07:28:19"
11097,2493,575,2,2005-08-02,"08:05:46",2005-08-10,"12:00:46"
11098,158,570,2,2005-08-02,"08:06:18",2005-08-11,"04:50:18"
11099,1444,102,2,2005-08-02,"08:07:12",2005-08-07,"12:11:12"
11100,3047,65,1,2005-08-02,"08:08:00",2005-08-10,"07:19:00"
11101,2621,80,1,2005-08-02,"08:08:24",2005-08-06,"05:55:24"
11102,3112,73,1,2005-08-02,"08:08:30",2005-08-04,"09:16:30"
11103,1879,158,1,2005-08-02,"08:09:54",2005-08-07,"12:05:54"
11104,3042,196,1,2005-08-02,"08:09:58",2005-08-05,"11:55:58"
11105,3170,245,1,2005-08-02,"08:13:31",2005-08-03,"11:08:31"
11106,2307,287,1,2005-08-02,"08:17:38",2005-08-03,"07:54:38"
11107,2217,410,2,2005-08-02,"08:19:38",2005-08-07,"08:46:38"
11108,560,447,2,2005-08-02,"08:20:01",2005-08-03,"13:22:01"
11109,2683,479,2,2005-08-02,"08:20:29",2005-08-09,"11:35:29"
11110,4311,4,2,2005-08-02,"08:20:31",2005-08-04,"05:06:31"
11111,334,378,2,2005-08-02,"08:21:27",2005-08-06,"07:48:27"
11112,526,207,1,2005-08-02,"08:25:14",2005-08-03,"08:41:14"
11113,1654,231,2,2005-08-02,"08:26:24",2005-08-07,"09:24:24"
11114,1273,572,2,2005-08-02,"08:26:45",2005-08-03,"08:41:45"
11115,3812,408,2,2005-08-02,"08:31:06",2005-08-04,"02:36:06"
11116,434,344,1,2005-08-02,"08:34:40",2005-08-09,"04:56:40"
11117,1613,474,2,2005-08-02,"08:36:03",2005-08-05,"06:56:03"
11118,2411,15,2,2005-08-02,"08:44:18",2005-08-05,"08:08:18"
11119,4307,489,2,2005-08-02,"08:44:44",2005-08-10,"11:32:44"
11120,4185,322,1,2005-08-02,"08:47:04",2005-08-05,"05:33:04"
11121,1025,572,2,2005-08-02,"08:48:31",2005-08-04,"05:08:31"
11122,3021,383,1,2005-08-02,"08:49:09",2005-08-08,"04:33:09"
11123,1926,150,2,2005-08-02,"08:54:17",2005-08-09,"11:11:17"
11124,698,249,1,2005-08-02,"08:55:25",2005-08-10,"10:59:25"
11125,2081,237,1,2005-08-02,"08:55:35",2005-08-03,"09:12:35"
11126,3310,47,1,2005-08-02,"08:59:04",2005-08-04,"11:00:04"
11127,1106,351,2,2005-08-02,"09:00:59",2005-08-05,"11:54:59"
11128,3472,386,1,2005-08-02,"09:03:25",2005-08-09,"04:36:25"
11129,23,566,1,2005-08-02,"09:08:44",2005-08-04,"04:00:44"
11130,684,329,2,2005-08-02,"09:08:59",2005-08-09,"07:50:59"
11131,1860,293,2,2005-08-02,"09:10:04",2005-08-08,"09:59:04"
11132,2212,398,1,2005-08-02,"09:14:09",2005-08-08,"06:39:09"
11133,675,120,1,2005-08-02,"09:15:45",2005-08-04,"10:39:45"
11134,2641,372,1,2005-08-02,"09:19:22",2005-08-11,"03:56:22"
11135,799,32,2,2005-08-02,"09:22:25",2005-08-04,"14:30:25"
11136,1315,559,2,2005-08-02,"09:22:57",2005-08-08,"14:12:57"
11137,2500,310,1,2005-08-02,"09:25:31",2005-08-08,"08:10:31"
11138,4250,458,2,2005-08-02,"09:26:16",2005-08-11,"07:50:16"
11139,1011,236,2,2005-08-02,"09:27:36",2005-08-08,"14:07:36"
11140,3836,132,1,2005-08-02,"09:27:45",2005-08-05,"04:10:45"
11141,1614,15,1,2005-08-02,"09:29:11",2005-08-04,"07:50:11"
11142,2954,306,1,2005-08-02,"09:30:11",2005-08-05,"06:52:11"
11143,3382,100,2,2005-08-02,"09:32:54",2005-08-05,"12:04:54"
11144,2724,376,2,2005-08-02,"09:39:17",2005-08-03,"11:53:17"
11145,1270,291,1,2005-08-02,"09:43:24",2005-08-05,"15:29:24"
11146,2488,552,1,2005-08-02,"09:45:32",2005-08-07,"07:33:32"
11147,1562,597,1,2005-08-02,"09:45:54",2005-08-07,"07:28:54"
11148,2991,230,1,2005-08-02,"09:47:08",2005-08-08,"10:57:08"
11149,3254,358,2,2005-08-02,"09:51:43",2005-08-11,"09:40:43"
11150,2193,527,2,2005-08-02,"09:51:46",2005-08-05,"09:03:46"
11151,3939,391,2,2005-08-02,"09:52:44",2005-08-05,"06:29:44"
11152,3887,494,1,2005-08-02,"09:53:36",2005-08-11,"14:58:36"
11153,1546,220,1,2005-08-02,"09:54:19",2005-08-10,"14:57:19"
11154,697,160,2,2005-08-02,"09:54:50",2005-08-06,"14:48:50"
11155,2001,73,2,2005-08-02,"09:55:28",2005-08-03,"06:00:28"
11156,907,465,2,2005-08-02,"09:56:06",2005-08-04,"13:36:06"
11157,1313,244,2,2005-08-02,"09:58:15",2005-08-06,"04:23:15"
11158,530,190,2,2005-08-02,"09:58:28",2005-08-10,"13:54:28"
11159,4575,249,1,2005-08-02,"10:00:55",2005-08-05,"10:38:55"
11160,3260,436,1,2005-08-02,"10:05:30",2005-08-07,"08:30:30"
11161,3321,503,2,2005-08-02,"10:05:57",2005-08-06,"05:05:57"
11162,1809,277,2,2005-08-02,"10:07:54",2005-08-05,"11:35:54"
11163,1925,505,1,2005-08-02,"10:08:40",2005-08-05,"14:59:40"
11164,4450,580,2,2005-08-02,"10:10:56",2005-08-10,"11:20:56"
11165,2059,513,1,2005-08-02,"10:12:17",2005-08-04,"11:09:17"
11166,638,11,1,2005-08-02,"10:14:58",2005-08-11,"11:43:58"
11167,148,451,1,2005-08-02,"10:15:51",2005-08-09,"09:18:51"
11168,468,555,1,2005-08-02,"10:19:42",2005-08-04,"08:42:42"
11169,2392,329,1,2005-08-02,"10:19:42",2005-08-07,"05:45:42"
11170,1333,547,1,2005-08-02,"10:21:53",2005-08-08,"11:08:53"
11171,3117,339,2,2005-08-02,"10:23:41",2005-08-04,"14:22:41"
11172,1207,76,1,2005-08-02,"10:27:52",2005-08-11,"12:47:52"
11173,4296,146,1,2005-08-02,"10:28:00",2005-08-10,"14:53:00"
11174,1551,328,1,2005-08-02,"10:32:11",2005-08-09,"12:30:11"
11175,85,164,2,2005-08-02,"10:38:47",2005-08-07,"07:11:47"
11176,1448,37,2,2005-08-02,"10:39:43",2005-08-09,"14:42:43"
11177,1149,2,2,2005-08-02,"10:43:48",2005-08-10,"10:55:48"
11178,2613,342,1,2005-08-02,"10:48:10",2005-08-06,"06:07:10"
11179,4376,5,1,2005-08-02,"10:50:06",2005-08-04,"05:24:06"
11180,3632,534,1,2005-08-02,"10:54:30",2005-08-11,"15:55:30"
11181,3127,557,1,2005-08-02,"10:55:03",2005-08-07,"10:43:03"
11182,605,54,1,2005-08-02,"10:55:14",2005-08-06,"05:58:14"
11183,833,102,2,2005-08-02,"11:00:32",2005-08-04,"08:59:32"
11184,871,259,1,2005-08-02,"11:01:26",2005-08-11,"06:29:26"
11185,1215,469,2,2005-08-02,"11:04:35",2005-08-05,"13:48:35"
11186,733,353,1,2005-08-02,"11:12:08",2005-08-03,"10:46:08"
11187,3626,410,1,2005-08-02,"11:16:19",2005-08-11,"06:11:19"
11188,1372,485,2,2005-08-02,"11:17:11",2005-08-08,"16:46:11"
11189,729,565,2,2005-08-02,"11:17:23",2005-08-09,"16:30:23"
11190,922,254,1,2005-08-02,"11:21:34",2005-08-05,"05:23:34"
11191,1097,571,1,2005-08-02,"11:24:07",2005-08-10,"10:39:07"
11192,1998,349,2,2005-08-02,"11:29:41",2005-08-07,"06:01:41"
11193,2246,292,1,2005-08-02,"11:31:33",2005-08-04,"14:00:33"
11194,2732,135,1,2005-08-02,"11:35:53",2005-08-10,"11:28:53"
11195,4359,177,1,2005-08-02,"11:42:23",2005-08-03,"08:29:23"
11196,2648,126,2,2005-08-02,"11:42:40",2005-08-10,"11:58:40"
11197,3041,122,1,2005-08-02,"11:45:07",2005-08-03,"09:07:07"
11198,2908,540,2,2005-08-02,"11:45:15",2005-08-10,"11:42:15"
11199,3926,578,2,2005-08-02,"11:47:40",2005-08-10,"06:52:40"
11200,2730,98,2,2005-08-02,"11:48:36",2005-08-07,"08:35:36"
11201,1501,195,1,2005-08-02,"11:49:16",2005-08-11,"08:39:16"
11202,3625,231,1,2005-08-02,"11:51:57",2005-08-08,"09:41:57"
11203,4520,92,2,2005-08-02,"11:52:41",2005-08-10,"15:52:41"
11204,3578,247,2,2005-08-02,"11:56:31",2005-08-06,"14:16:31"
11205,4321,552,1,2005-08-02,"11:56:54",2005-08-05,"08:24:54"
11206,4131,72,2,2005-08-02,"11:58:03",2005-08-07,"12:36:03"
11207,4470,481,1,2005-08-02,"12:01:30",2005-08-05,"07:56:30"
11208,4566,320,1,2005-08-02,"12:02:37",2005-08-05,"10:56:37"
11209,3219,24,1,2005-08-02,"12:09:45",2005-08-07,"08:52:45"
11210,422,202,2,2005-08-02,"12:15:54",2005-08-04,"16:18:54"
11211,1722,245,1,2005-08-02,"12:16:48",2005-08-03,"10:40:48"
11212,4007,343,2,2005-08-02,"12:18:29",2005-08-05,"16:05:29"
11213,1007,584,2,2005-08-02,"12:18:35",2005-08-05,"08:44:35"
11214,2722,407,1,2005-08-02,"12:19:50",2005-08-11,"06:38:50"
11215,379,197,1,2005-08-02,"12:20:42",2005-08-06,"14:01:42"
11216,1109,473,1,2005-08-02,"12:23:43",2005-08-03,"13:19:43"
11217,1201,417,2,2005-08-02,"12:26:31",2005-08-09,"09:53:31"
11218,1126,500,2,2005-08-02,"12:29:12",2005-08-10,"16:13:12"
11219,2889,461,2,2005-08-02,"12:30:20",2005-08-08,"13:42:20"
11220,3777,84,2,2005-08-02,"12:31:41",2005-08-05,"08:23:41"
11221,1689,146,1,2005-08-02,"12:32:12",2005-08-03,"17:13:12"
11222,1780,407,2,2005-08-02,"12:32:28",2005-08-11,"18:15:28"
11223,1994,597,1,2005-08-02,"12:34:27",2005-08-07,"14:21:27"
11224,3938,181,2,2005-08-02,"12:40:38",2005-08-04,"10:02:38"
11225,3721,159,2,2005-08-02,"12:43:27",2005-08-04,"18:41:27"
11226,79,282,1,2005-08-02,"12:47:30",2005-08-06,"11:24:30"
11227,1101,65,1,2005-08-02,"12:48:05",2005-08-11,"14:08:05"
11228,2561,144,1,2005-08-02,"12:55:23",2005-08-08,"12:31:23"
11229,941,332,2,2005-08-02,"12:56:37",2005-08-11,"11:13:37"
11230,1463,257,1,2005-08-02,"12:59:08",2005-08-04,"13:42:08"
11231,1100,90,2,2005-08-02,"13:02:11",2005-08-07,"10:05:11"
11232,971,8,1,2005-08-02,"13:04:12",2005-08-10,"15:39:12"
11233,2221,266,1,2005-08-02,"13:06:11",2005-08-08,"15:02:11"
11234,1020,27,1,2005-08-02,"13:12:17",2005-08-05,"17:37:17"
11235,2501,127,1,2005-08-02,"13:13:21",2005-08-03,"07:17:21"
11236,145,420,2,2005-08-02,"13:17:21",2005-08-09,"09:53:21"
11237,2668,426,2,2005-08-02,"13:24:01",2005-08-05,"11:41:01"
11238,2705,506,2,2005-08-02,"13:25:50",2005-08-08,"19:12:50"
11239,189,111,1,2005-08-02,"13:27:11",2005-08-03,"14:36:11"
11240,2170,597,1,2005-08-02,"13:28:30",2005-08-05,"11:40:30"
11241,3657,543,2,2005-08-02,"13:29:24",2005-08-11,"11:36:24"
11242,1041,434,2,2005-08-02,"13:32:00",2005-08-10,"19:24:00"
11243,2517,361,1,2005-08-02,"13:32:48",2005-08-11,"18:55:48"
11244,3423,142,2,2005-08-02,"13:33:24",2005-08-10,"10:18:24"
11245,2609,92,2,2005-08-02,"13:33:50",2005-08-04,"10:20:50"
11246,3577,550,2,2005-08-02,"13:33:56",2005-08-03,"08:52:56"
11247,1661,441,2,2005-08-02,"13:34:08",2005-08-06,"16:23:08"
11248,4139,312,1,2005-08-02,"13:35:34",2005-08-03,"10:37:34"
11249,3394,157,1,2005-08-02,"13:35:40",2005-08-07,"11:22:40"
11250,2223,279,2,2005-08-02,"13:35:42",2005-08-10,"12:32:42"
11251,2181,532,2,2005-08-02,"13:40:49",2005-08-09,"14:16:49"
11252,2410,337,2,2005-08-02,"13:42:13",2005-08-06,"19:04:13"
11253,2898,303,2,2005-08-02,"13:42:44",2005-08-09,"17:06:44"
11254,56,315,1,2005-08-02,"13:43:49",2005-08-08,"13:16:49"
11255,3393,569,1,2005-08-02,"13:44:30",2005-08-03,"12:00:30"
11256,2060,2,1,2005-08-02,"13:44:53",2005-08-04,"16:39:53"
11257,105,468,1,2005-08-02,"13:45:05",2005-08-11,"16:37:05"
11258,1576,242,1,2005-08-02,"13:45:39",2005-08-06,"07:57:39"
11259,896,330,1,2005-08-02,"13:46:30",2005-08-07,"14:03:30"
11260,4015,207,2,2005-08-02,"13:52:19",2005-08-06,"08:13:19"
11261,31,204,2,2005-08-02,"13:54:26",2005-08-10,"19:04:26"
11262,71,348,2,2005-08-02,"13:58:55",2005-08-05,"18:09:55"
11263,1189,421,2,2005-08-02,"14:02:19",2005-08-07,"14:03:19"
11264,3420,360,2,2005-08-02,"14:05:18",2005-08-10,"08:46:18"
11265,3870,531,2,2005-08-02,"14:05:42",2005-08-11,"15:27:42"
11266,3972,99,1,2005-08-02,"14:07:35",2005-08-04,"13:31:35"
11267,2045,244,1,2005-08-02,"14:09:08",2005-08-10,"12:33:08"
11268,3275,558,1,2005-08-02,"14:10:39",2005-08-04,"14:35:39"
11269,2398,297,1,2005-08-02,"14:11:41",2005-08-08,"18:53:41"
11270,1882,418,1,2005-08-02,"14:18:07",2005-08-03,"08:20:07"
11271,4323,93,2,2005-08-02,"14:18:22",2005-08-07,"09:35:22"
11272,4111,158,2,2005-08-02,"14:20:27",2005-08-07,"12:24:27"
11273,3383,541,1,2005-08-02,"14:20:55",2005-08-07,"12:57:55"
11274,1253,70,1,2005-08-02,"14:24:08",2005-08-11,"14:56:08"
11275,2838,464,1,2005-08-02,"14:25:58",2005-08-07,"11:20:58"
11276,4226,190,1,2005-08-02,"14:28:46",2005-08-04,"14:00:46"
11277,2050,68,1,2005-08-02,"14:28:50",2005-08-04,"13:50:50"
11278,961,143,1,2005-08-02,"14:29:43",2005-08-07,"10:13:43"
11279,151,125,2,2005-08-02,"14:30:03",2005-08-10,"09:49:03"
11280,1846,134,2,2005-08-02,"14:34:33",2005-08-08,"15:40:33"
11281,2210,137,1,2005-08-02,"14:35:01",2005-08-07,"17:28:01"
11282,1824,273,2,2005-08-02,"14:35:03",2005-08-03,"16:02:03"
11283,312,134,2,2005-08-02,"14:39:46",2005-08-05,"10:19:46"
11284,172,8,2,2005-08-02,"14:42:45",2005-08-04,"11:55:45"
11285,3849,585,2,2005-08-02,"14:44:02",2005-08-11,"16:45:02"
11286,1319,207,2,2005-08-02,"14:44:22",2005-08-10,"09:01:22"
11287,927,55,2,2005-08-02,"14:49:51",2005-08-09,"09:19:51"
11288,1478,298,1,2005-08-02,"14:54:08",2005-08-11,"12:22:08"
11289,2869,10,1,2005-08-02,"14:55:00",2005-08-11,"13:57:00"
11290,425,582,2,2005-08-02,"14:57:44",2005-08-09,"19:36:44"
11291,491,417,2,2005-08-02,"14:57:58",2005-08-11,"09:04:58"
11292,210,13,2,2005-08-02,"14:58:41",2005-08-06,"14:38:41"
11293,1514,475,1,2005-08-02,"15:00:43",2005-08-11,"17:49:43"
11294,855,411,1,2005-08-02,"15:08:27",2005-08-03,"18:28:27"
11295,423,67,1,2005-08-02,"15:10:06",2005-08-10,"09:52:06"
11296,247,154,1,2005-08-02,"15:15:27",2005-08-11,"16:12:27"
11297,2531,62,1,2005-08-02,"15:22:47",2005-08-11,"18:45:47"
11298,1663,35,1,2005-08-02,"15:32:32",2005-08-06,"20:22:32"
11299,3232,1,2,2005-08-02,"15:36:52",2005-08-10,"16:40:52"
11300,3032,552,1,2005-08-02,"15:37:42",2005-08-11,"14:25:42"
11301,676,502,2,2005-08-02,"15:37:59",2005-08-04,"10:57:59"
11302,1918,51,2,2005-08-02,"15:38:03",2005-08-09,"10:33:03"
11303,1817,417,1,2005-08-02,"15:39:18",2005-08-05,"10:59:18"
11304,2592,413,2,2005-08-02,"15:40:10",2005-08-06,"16:12:10"
11305,1690,341,2,2005-08-02,"15:44:55",2005-08-08,"16:42:55"
11306,13,247,2,2005-08-02,"15:45:10",2005-08-03,"21:14:10"
11307,1490,15,2,2005-08-02,"15:48:08",2005-08-06,"20:33:08"
11308,699,16,2,2005-08-02,"15:50:44",2005-08-05,"11:38:44"
11309,607,275,1,2005-08-02,"15:50:55",2005-08-09,"18:28:55"
11310,3601,415,1,2005-08-02,"15:51:58",2005-08-07,"12:34:58"
11311,204,197,1,2005-08-02,"15:53:48",2005-08-03,"16:32:48"
11312,1093,190,2,2005-08-02,"15:56:51",2005-08-07,"20:56:51"
11313,2689,419,1,2005-08-02,"16:02:51",2005-08-03,"14:54:51"
11314,2790,26,1,2005-08-02,"16:04:08",2005-08-04,"18:47:08"
11315,1116,13,1,2005-08-02,"16:05:17",2005-08-05,"16:33:17"
11316,521,108,1,2005-08-02,"16:07:49",2005-08-10,"13:22:49"
11317,1889,502,1,2005-08-02,"16:08:52",2005-08-08,"21:12:52"
11318,2386,532,2,2005-08-02,"16:09:11",2005-08-07,"11:28:11"
11319,4069,178,2,2005-08-02,"16:10:09",2005-08-09,"11:21:09"
11320,3362,550,1,2005-08-02,"16:13:28",2005-08-05,"21:23:28"
11321,205,266,2,2005-08-02,"16:15:07",2005-08-04,"20:35:07"
11322,761,418,2,2005-08-02,"16:23:17",2005-08-09,"19:55:17"
11323,3784,419,1,2005-08-02,"16:29:57",2005-08-06,"16:01:57"
11324,2900,540,2,2005-08-02,"16:31:17",2005-08-08,"15:38:17"
11325,4514,422,1,2005-08-02,"16:33:11",2005-08-08,"13:42:11"
11326,1762,530,2,2005-08-02,"16:34:29",2005-08-03,"17:40:29"
11327,773,361,1,2005-08-02,"16:40:47",2005-08-03,"22:13:47"
11328,2031,219,1,2005-08-02,"16:42:38",2005-08-04,"21:02:38"
11329,2677,399,1,2005-08-02,"16:42:52",2005-08-08,"16:45:52"
11330,4326,75,2,2005-08-02,"16:45:33",2005-08-04,"15:15:33"
11331,3789,568,1,2005-08-02,"16:49:01",2005-08-09,"19:15:01"
11332,2381,467,1,2005-08-02,"16:52:57",2005-08-04,"14:13:57"
11333,3335,225,2,2005-08-02,"16:53:00",2005-08-07,"20:49:00"
11334,1504,560,1,2005-08-02,"16:53:20",2005-08-11,"20:47:20"
11335,2968,157,1,2005-08-02,"16:57:37",2005-08-09,"19:43:37"
11336,1949,473,1,2005-08-02,"16:58:56",2005-08-06,"16:56:56"
11337,3428,366,2,2005-08-02,"16:59:09",2005-08-10,"20:41:09"
11338,3689,26,1,2005-08-02,"17:00:12",2005-08-03,"18:54:12"
11339,705,263,1,2005-08-02,"17:02:06",2005-08-08,"21:12:06"
11340,1403,366,1,2005-08-02,"17:05:43",2005-08-09,"13:25:43"
11341,3586,15,2,2005-08-02,"17:09:24",2005-08-09,"19:48:24"
11342,4251,179,1,2005-08-02,"17:11:35",2005-08-07,"15:04:35"
11343,564,466,1,2005-08-02,"17:12:30",2005-08-09,"12:08:30"
11344,365,38,1,2005-08-02,"17:13:26",2005-08-07,"16:44:26"
11345,1895,405,2,2005-08-02,"17:14:19",2005-08-11,"14:02:19"
11346,584,100,2,2005-08-02,"17:15:38",2005-08-04,"13:31:38"
11347,195,217,1,2005-08-02,"17:18:07",2005-08-05,"12:30:07"
11348,1704,389,2,2005-08-02,"17:18:38",2005-08-06,"16:11:38"
11349,1871,73,1,2005-08-02,"17:21:49",2005-08-06,"18:40:49"
11350,1265,598,2,2005-08-02,"17:22:59",2005-08-09,"19:56:59"
11351,242,198,1,2005-08-02,"17:28:07",2005-08-09,"21:55:07"
11352,2760,546,1,2005-08-02,"17:29:39",2005-08-10,"15:31:39"
11353,1729,444,1,2005-08-02,"17:34:45",2005-08-09,"16:01:45"
11354,1887,569,2,2005-08-02,"17:35:10",2005-08-09,"12:07:10"
11355,2673,185,1,2005-08-02,"17:37:43",2005-08-05,"19:59:43"
11356,303,200,1,2005-08-02,"17:42:40",2005-08-11,"23:29:40"
11357,2644,148,1,2005-08-02,"17:42:49",2005-08-11,"18:14:49"
11358,2361,56,1,2005-08-02,"17:45:02",2005-08-11,"18:16:02"
11359,1648,466,2,2005-08-02,"17:45:55",2005-08-10,"20:53:55"
11360,1750,66,2,2005-08-02,"17:46:04",2005-08-04,"21:02:04"
11361,1124,547,1,2005-08-02,"17:46:34",2005-08-03,"15:21:34"
11362,2628,331,1,2005-08-02,"17:47:25",2005-08-07,"20:14:25"
11363,3190,274,1,2005-08-02,"17:48:39",2005-08-05,"17:20:39"
11364,4515,44,1,2005-08-02,"17:53:36",2005-08-03,"14:16:36"
11365,1151,508,2,2005-08-02,"18:00:09",2005-08-04,"13:40:09"
11366,3583,280,1,2005-08-02,"18:01:25",2005-08-11,"15:02:25"
11367,1440,1,1,2005-08-02,"18:01:38",2005-08-04,"13:19:38"
11368,866,153,1,2005-08-02,"18:03:05",2005-08-07,"20:40:05"
11369,2480,480,1,2005-08-02,"18:04:41",2005-08-09,"18:41:41"
11370,3077,146,1,2005-08-02,"18:06:01",2005-08-04,"15:10:01"
11371,324,561,1,2005-08-02,"18:07:36",2005-08-06,"17:52:36"
11372,796,327,1,2005-08-02,"18:10:50",2005-08-07,"17:58:50"
11373,181,267,1,2005-08-02,"18:14:12",2005-08-06,"23:37:12"
11374,2805,424,1,2005-08-02,"18:14:54",2005-08-04,"18:22:54"
11375,1064,346,1,2005-08-02,"18:14:56",2005-08-08,"23:29:56"
11376,2530,177,2,2005-08-02,"18:16:00",2005-08-11,"23:38:00"
11377,3334,119,1,2005-08-02,"18:16:47",2005-08-08,"13:46:47"
11378,3824,188,1,2005-08-02,"18:16:52",2005-08-03,"14:25:52"
11379,251,61,1,2005-08-02,"18:16:55",2005-08-07,"18:12:55"
11380,1046,551,2,2005-08-02,"18:17:32",2005-08-03,"19:26:32"
11381,993,451,2,2005-08-02,"18:19:29",2005-08-08,"20:39:29"
11382,3848,407,1,2005-08-02,"18:20:52",2005-08-07,"17:06:52"
11383,257,445,1,2005-08-02,"18:22:05",2005-08-11,"17:18:05"
11384,2840,225,1,2005-08-02,"18:23:01",2005-08-05,"17:59:01"
11385,2478,192,1,2005-08-02,"18:23:11",2005-08-06,"12:37:11"
11386,519,183,1,2005-08-02,"18:24:03",2005-08-06,"21:22:03"
11387,2491,481,2,2005-08-02,"18:32:38",2005-08-07,"19:08:38"
11388,477,369,1,2005-08-02,"18:35:55",2005-08-09,"21:56:55"
11389,3267,270,2,2005-08-02,"18:39:12",2005-08-03,"23:23:12"
11390,3135,294,1,2005-08-02,"18:39:16",2005-08-04,"21:43:16"
11391,2039,403,1,2005-08-02,"18:40:12",2005-08-10,"15:55:12"
11392,261,146,1,2005-08-02,"18:41:11",2005-08-11,"21:41:11"
11393,1033,501,1,2005-08-02,"18:44:29",2005-08-11,"23:58:29"
11394,2087,257,2,2005-08-02,"18:44:45",2005-08-06,"22:51:45"
11395,4234,225,2,2005-08-02,"18:47:44",2005-08-10,"17:07:44"
11396,1155,59,2,2005-08-02,"18:48:29",2005-08-04,"16:05:29"
11397,2566,470,1,2005-08-02,"18:53:14",2005-08-09,"18:09:14"
11398,3952,6,2,2005-08-02,"18:55:15",2005-08-10,"19:50:15"
11399,2094,565,1,2005-08-02,"18:56:28",2005-08-11,"23:19:28"
11400,3150,9,2,2005-08-02,"19:00:52",2005-08-09,"19:45:52"
11401,1799,544,1,2005-08-02,"19:05:06",2005-08-09,"22:34:06"
11402,3291,561,1,2005-08-02,"19:07:21",2005-08-07,"20:59:21"
11403,4072,587,2,2005-08-02,"19:10:21",2005-08-04,"00:44:21"
11404,3285,60,2,2005-08-02,"19:12:40",2005-08-11,"22:38:40"
11405,418,10,2,2005-08-02,"19:13:39",2005-08-07,"19:19:39"
11406,2502,525,2,2005-08-02,"19:16:10",2005-08-04,"20:51:10"
11407,3437,513,2,2005-08-02,"19:18:43",2005-08-08,"16:15:43"
11408,1779,83,1,2005-08-02,"19:25:13",2005-08-06,"17:12:13"
11409,3691,418,1,2005-08-02,"19:26:51",2005-08-07,"19:55:51"
11410,692,592,1,2005-08-02,"19:29:01",2005-08-11,"16:50:01"
11411,1497,141,2,2005-08-02,"19:29:47",2005-08-09,"16:27:47"
11412,2271,141,1,2005-08-02,"19:32:51",2005-08-11,"22:16:51"
11413,1115,297,2,2005-08-02,"19:35:19",2005-08-05,"21:33:19"
11414,1772,353,2,2005-08-02,"19:43:07",2005-08-07,"15:22:07"
11415,2197,572,1,2005-08-02,"19:43:38",2005-08-10,"15:13:38"
11416,1848,58,1,2005-08-02,"19:44:04",2005-08-11,"15:30:04"
11417,3083,437,2,2005-08-02,"19:44:46",2005-08-11,"21:43:46"
11418,4490,91,1,2005-08-02,"19:45:33",2005-08-06,"17:40:33"
11419,514,444,1,2005-08-02,"19:46:38",2005-08-11,"14:49:38"
11420,3928,158,2,2005-08-02,"19:47:56",2005-08-05,"21:48:56"
11421,3361,473,2,2005-08-02,"19:51:53",2005-08-12,"00:50:53"
11422,342,72,2,2005-08-02,"19:52:08",2005-08-11,"18:40:08"
11423,3431,241,2,2005-08-02,"19:57:13",2005-08-06,"00:54:13"
11424,1030,84,2,2005-08-02,"19:57:42",2005-08-10,"16:57:42"
11425,989,419,2,2005-08-02,"19:58:48",2005-08-03,"19:30:48"
11426,130,572,2,2005-08-02,"20:00:09",2005-08-09,"01:30:09"
11427,3287,403,2,2005-08-02,"20:02:39",2005-08-04,"22:26:39"
11428,722,326,1,2005-08-02,"20:03:10",2005-08-04,"01:55:10"
11429,1098,348,2,2005-08-02,"20:03:52",2005-08-10,"16:38:52"
11430,2258,140,1,2005-08-02,"20:04:36",2005-08-08,"19:43:36"
11431,1409,271,2,2005-08-02,"20:05:16",2005-08-04,"00:05:16"
11432,959,540,1,2005-08-02,"20:10:01",2005-08-07,"01:28:01"
11433,1,518,1,2005-08-02,"20:13:10",2005-08-11,"21:35:10"
11434,3154,391,1,2005-08-02,"20:13:14",2005-08-05,"15:01:14"
11435,1625,502,1,2005-08-02,"20:14:23",2005-08-05,"20:40:23"
11436,3834,106,2,2005-08-02,"20:16:06",2005-08-05,"20:40:06"
11437,2679,225,2,2005-08-02,"20:20:06",2005-08-05,"22:17:06"
11438,1040,372,1,2005-08-02,"20:21:08",2005-08-10,"22:12:08"
11439,2897,18,1,2005-08-02,"20:22:45",2005-08-04,"18:30:45"
11440,2727,306,2,2005-08-02,"20:24:02",2005-08-07,"16:42:02"
11441,1027,389,2,2005-08-02,"20:25:41",2005-08-05,"00:05:41"
11442,2598,208,2,2005-08-02,"20:26:19",2005-08-07,"00:33:19"
11443,1291,581,2,2005-08-02,"20:29:30",2005-08-07,"01:08:30"
11444,1419,28,2,2005-08-02,"20:32:55",2005-08-08,"23:21:55"
11445,3340,108,2,2005-08-02,"20:33:35",2005-08-08,"16:02:35"
11446,748,342,1,2005-08-02,"20:33:37",2005-08-03,"18:22:37"
11447,3868,508,1,2005-08-02,"20:36:25",2005-08-07,"18:52:25"
11448,1185,496,2,2005-08-02,"20:44:33",2005-08-05,"22:58:33"
11449,3279,443,2,2005-08-02,"20:44:43",2005-08-07,"23:47:43"
11450,2009,214,2,2005-08-02,"20:45:54",2005-08-08,"17:17:54"
11451,776,515,2,2005-08-02,"20:45:56",2005-08-06,"21:42:56"
11452,1245,35,1,2005-08-02,"20:59:52",2005-08-12,"01:16:52"
11453,4578,84,2,2005-08-02,"21:00:05",2005-08-08,"22:03:05"
11454,2901,199,1,2005-08-02,"21:04:39",2005-08-05,"19:03:39"
11455,2000,498,1,2005-08-02,"21:07:06",2005-08-12,"01:21:06"
11456,3638,322,2,2005-08-02,"21:14:04",2005-08-07,"19:49:04"
11457,1642,379,2,2005-08-02,"21:14:16",2005-08-10,"02:39:16"
11458,3514,575,2,2005-08-02,"21:24:02",2005-08-04,"01:32:02"
11459,3730,392,2,2005-08-02,"21:25:25",2005-08-04,"19:57:25"
11460,4113,403,1,2005-08-02,"21:28:03",2005-08-08,"18:24:03"
11461,4343,65,1,2005-08-02,"21:35:00",2005-08-05,"01:34:00"
11462,167,268,1,2005-08-02,"21:36:46",2005-08-10,"01:48:46"
11463,1944,138,2,2005-08-02,"21:37:36",2005-08-08,"03:11:36"
11464,538,577,2,2005-08-02,"21:42:07",2005-08-03,"21:44:07"
11465,2190,447,1,2005-08-02,"21:43:52",2005-08-10,"22:24:52"
11466,3363,556,1,2005-08-02,"21:46:46",2005-08-06,"01:42:46"
11467,246,117,1,2005-08-02,"21:47:07",2005-08-09,"00:50:07"
11468,3168,413,2,2005-08-02,"21:47:26",2005-08-05,"02:30:26"
11469,230,77,1,2005-08-02,"21:48:09",2005-08-06,"18:37:09"
11470,2379,346,2,2005-08-02,"21:48:28",2005-08-05,"23:58:28"
11471,3378,355,1,2005-08-02,"21:49:03",2005-08-08,"00:17:03"
11472,1829,410,1,2005-08-02,"21:49:06",2005-08-11,"20:17:06"
11473,620,536,1,2005-08-02,"21:52:03",2005-08-09,"02:01:03"
11474,574,214,1,2005-08-02,"21:53:08",2005-08-05,"22:36:08"
11475,3687,194,2,2005-08-02,"21:55:09",2005-08-09,"20:28:09"
11476,724,144,1,2005-08-02,"22:03:47",2005-08-09,"02:19:47"
11477,1671,47,2,2005-08-02,"22:09:01",2005-08-07,"03:46:01"
11478,3932,197,1,2005-08-02,"22:09:05",2005-08-04,"18:02:05"
11479,4077,237,1,2005-08-02,"22:18:13",2005-08-12,"00:43:13"
11480,4161,14,2,2005-08-02,"22:18:24",2005-08-04,"21:22:24"
11481,4028,234,2,2005-08-02,"22:18:41",2005-08-09,"23:43:41"
11482,1400,134,1,2005-08-02,"22:24:31",2005-08-04,"01:48:31"
11483,1586,45,1,2005-08-02,"22:28:22",2005-08-11,"18:06:22"
11484,330,165,2,2005-08-02,"22:28:23",2005-08-04,"20:51:23"
11485,1872,326,2,2005-08-02,"22:33:25",2005-08-04,"23:26:25"
11486,1610,236,2,2005-08-02,"22:34:06",2005-08-09,"00:46:06"
11487,734,239,2,2005-08-02,"22:35:05",2005-08-08,"00:54:05"
11488,2520,45,2,2005-08-02,"22:35:15",2005-08-09,"00:28:15"
11489,3001,474,2,2005-08-02,"22:35:28",2005-08-04,"00:29:28"
11490,1178,156,1,2005-08-02,"22:36:00",2005-08-09,"16:36:00"
11491,268,307,2,2005-08-02,"22:44:50",2005-08-11,"01:55:50"
11492,4037,349,2,2005-08-02,"22:46:47",2005-08-09,"19:54:47"
11493,3375,124,2,2005-08-02,"22:47:00",2005-08-10,"20:53:00"
11494,3994,579,1,2005-08-02,"22:51:23",2005-08-09,"01:52:23"
11495,1265,247,1,2005-08-16,"22:51:20",2005-08-23,"00:44:20"
11496,2047,155,1,2006-02-14,"15:16:03",,
11497,436,12,1,2005-08-16,"22:52:30",2005-08-21,"19:52:30"
11498,487,482,2,2005-08-16,"22:52:54",2005-08-25,"03:27:54"
11499,3857,172,2,2005-08-16,"22:54:12",2005-08-24,"03:37:12"
11500,4003,584,1,2005-08-16,"23:01:22",2005-08-24,"22:54:22"
11501,2147,23,2,2005-08-16,"23:04:53",2005-08-19,"20:57:53"
11502,4470,11,1,2005-08-16,"23:06:30",2005-08-19,"03:49:30"
11503,1496,526,1,2005-08-16,"23:10:34",2005-08-25,"03:55:34"
11504,2132,350,2,2005-08-16,"23:16:46",2005-08-18,"20:49:46"
11505,3344,34,2,2005-08-16,"23:18:47",2005-08-23,"19:52:47"
11506,1529,565,1,2005-08-16,"23:25:48",2005-08-22,"18:17:48"
11507,4197,236,2,2005-08-16,"23:26:43",2005-08-24,"22:48:43"
11508,2688,19,2,2005-08-16,"23:27:36",2005-08-25,"01:34:36"
11509,2750,273,1,2005-08-16,"23:29:53",2005-08-19,"02:09:53"
11510,2997,400,1,2005-08-16,"23:30:07",2005-08-25,"17:35:07"
11511,2127,397,1,2005-08-16,"23:39:59",2005-08-18,"18:04:59"
11512,1248,373,2,2005-08-16,"23:51:06",2005-08-26,"02:06:06"
11513,4473,499,2,2005-08-16,"23:51:33",2005-08-24,"01:37:33"
11514,4240,423,1,2005-08-16,"23:53:10",2005-08-23,"22:04:10"
11515,1053,279,1,2005-08-16,"23:54:34",2005-08-21,"19:00:34"
11516,1860,90,1,2005-08-16,"23:54:47",2005-08-17,"20:05:47"
11517,4266,280,1,2005-08-16,"23:56:28",2005-08-21,"22:40:28"
11518,3297,407,2,2005-08-16,"23:59:49",2005-08-17,"22:51:49"
11519,1034,381,2,2005-08-17,"00:01:27",2005-08-19,"04:54:27"
11520,3536,119,1,2005-08-17,"00:04:28",2005-08-26,"02:03:28"
11521,463,229,1,2005-08-17,"00:04:54",2005-08-21,"00:57:54"
11522,2033,599,1,2005-08-17,"00:05:05",2005-08-24,"04:56:05"
11523,1329,421,1,2005-08-17,"00:10:10",2005-08-24,"22:39:10"
11524,317,533,1,2005-08-17,"00:10:55",2005-08-23,"05:30:55"
11525,1107,174,1,2005-08-17,"00:15:31",2005-08-20,"21:14:31"
11526,2419,572,2,2005-08-17,"00:17:38",2005-08-18,"03:59:38"
11527,162,264,1,2005-08-17,"00:25:06",2005-08-22,"21:13:06"
11528,893,14,2,2005-08-17,"00:27:23",2005-08-22,"06:12:23"
11529,3071,4,2,2005-08-17,"00:28:01",2005-08-19,"04:47:01"
11530,365,400,1,2005-08-17,"00:29:00",2005-08-22,"03:22:00"
11531,1817,278,2,2005-08-17,"00:30:04",2005-08-20,"01:12:04"
11532,1947,413,2,2005-08-17,"00:34:14",2005-08-22,"19:37:14"
11533,4252,264,1,2005-08-17,"00:34:53",2005-08-22,"06:10:53"
11534,2414,144,1,2005-08-17,"00:35:27",2005-08-24,"01:36:27"
11535,1649,356,2,2005-08-17,"00:39:54",2005-08-24,"20:46:54"
11536,2735,428,1,2005-08-17,"00:40:03",2005-08-21,"19:11:03"
11537,190,474,2,2005-08-17,"00:41:08",2005-08-19,"00:25:08"
11538,554,431,2,2005-08-17,"00:44:04",2005-08-18,"03:43:04"
11539,2064,264,1,2005-08-17,"00:45:41",2005-08-19,"06:03:41"
11540,3385,370,1,2005-08-17,"00:48:03",2005-08-25,"03:46:03"
11541,2026,335,1,2006-02-14,"15:16:03",,
11542,2155,7,2,2005-08-17,"00:51:32",2005-08-24,"20:29:32"
11543,2860,238,2,2005-08-17,"00:54:28",2005-08-25,"04:31:28"
11544,836,439,1,2005-08-17,"00:55:07",2005-08-22,"19:25:07"
11545,3198,257,1,2005-08-17,"00:56:06",2005-08-25,"22:47:06"
11546,2522,24,1,2005-08-17,"00:57:36",2005-08-18,"23:16:36"
11547,737,114,2,2005-08-17,"00:59:24",2005-08-20,"04:03:24"
11548,480,323,1,2005-08-17,"00:59:47",2005-08-22,"05:09:47"
11549,945,402,2,2005-08-17,"01:01:48",2005-08-19,"21:24:48"
11550,2972,339,1,2005-08-17,"01:02:06",2005-08-22,"21:44:06"
11551,3356,168,1,2005-08-17,"01:03:49",2005-08-18,"22:31:49"
11552,1143,230,1,2005-08-17,"01:04:29",2005-08-23,"23:07:29"
11553,3317,360,1,2005-08-17,"01:04:31",2005-08-24,"00:44:31"
11554,2212,460,2,2005-08-17,"01:05:17",2005-08-20,"06:20:17"
11555,2569,372,2,2005-08-17,"01:08:59",2005-08-18,"06:09:59"
11556,373,9,1,2005-08-17,"01:11:53",2005-08-18,"23:41:53"
11557,2376,416,1,2005-08-17,"01:19:20",2005-08-24,"02:25:20"
11558,1681,403,2,2005-08-17,"01:19:52",2005-08-19,"00:47:52"
11559,1812,385,1,2005-08-17,"01:20:26",2005-08-24,"03:11:26"
11560,2316,320,2,2005-08-17,"01:20:30",2005-08-18,"04:29:30"
11561,189,149,2,2005-08-17,"01:23:09",2005-08-23,"21:02:09"
11562,2992,424,1,2005-08-17,"01:23:39",2005-08-26,"06:16:39"
11563,1545,83,1,2006-02-14,"15:16:03",,
11564,2237,332,1,2005-08-17,"01:27:49",2005-08-19,"22:07:49"
11565,173,83,2,2005-08-17,"01:28:05",2005-08-23,"23:33:05"
11566,4020,520,1,2005-08-17,"01:28:35",2005-08-20,"22:42:35"
11567,567,558,2,2005-08-17,"01:28:43",2005-08-24,"20:20:43"
11568,183,342,2,2005-08-17,"01:30:01",2005-08-18,"22:21:01"
11569,2592,504,2,2005-08-17,"01:31:04",2005-08-24,"03:36:04"
11570,2466,343,1,2005-08-17,"01:34:32",2005-08-24,"05:47:32"
11571,203,296,1,2005-08-17,"01:37:51",2005-08-17,"20:30:51"
11572,3512,515,2,2005-08-17,"01:37:55",2005-08-19,"06:22:55"
11573,639,146,2,2005-08-17,"01:38:18",2005-08-19,"05:06:18"
11574,3596,277,2,2005-08-17,"01:38:19",2005-08-18,"20:30:19"
11575,1725,319,1,2005-08-17,"01:50:26",2005-08-18,"00:43:26"
11576,327,293,1,2005-08-17,"01:53:20",2005-08-19,"00:15:20"
11577,4106,219,2,2006-02-14,"15:16:03",,
11578,192,590,2,2005-08-17,"01:54:13",2005-08-26,"02:00:13"
11579,4256,356,1,2005-08-17,"01:57:49",2005-08-22,"02:42:49"
11580,1346,436,2,2005-08-17,"01:59:07",2005-08-21,"06:18:07"
11581,1249,231,2,2005-08-17,"02:03:02",2005-08-24,"03:53:02"
11582,2115,339,1,2005-08-17,"02:03:49",2005-08-24,"03:29:49"
11583,133,542,2,2005-08-17,"02:08:13",2005-08-20,"23:13:13"
11584,3906,479,2,2005-08-17,"02:13:26",2005-08-22,"01:24:26"
11585,753,297,2,2005-08-17,"02:14:36",2005-08-20,"07:37:36"
11586,3140,465,1,2005-08-17,"02:20:42",2005-08-26,"05:01:42"
11587,1319,156,2,2005-08-17,"02:21:03",2005-08-25,"21:02:03"
11588,2480,565,1,2005-08-17,"02:26:23",2005-08-22,"02:32:23"
11589,3480,554,1,2005-08-17,"02:28:22",2005-08-25,"00:08:22"
11590,3600,491,1,2005-08-17,"02:28:33",2005-08-20,"03:13:33"
11591,1670,6,1,2005-08-17,"02:29:41",2005-08-23,"20:47:41"
11592,720,383,1,2005-08-17,"02:36:04",2005-08-19,"00:31:04"
11593,817,99,1,2006-02-14,"15:16:03",,
11594,319,198,2,2005-08-17,"02:47:02",2005-08-22,"05:14:02"
11595,466,350,1,2005-08-17,"02:53:14",2005-08-26,"02:05:14"
11596,1674,290,1,2005-08-17,"02:53:55",2005-08-26,"02:19:55"
11597,4073,272,1,2005-08-17,"03:02:56",2005-08-26,"04:47:56"
11598,1949,319,2,2005-08-17,"03:03:07",2005-08-22,"21:05:07"
11599,3749,112,2,2005-08-17,"03:08:10",2005-08-25,"05:01:10"
11600,1978,400,1,2005-08-17,"03:12:04",2005-08-23,"07:10:04"
11601,1098,471,2,2005-08-17,"03:14:47",2005-08-20,"00:21:47"
11602,2082,391,1,2005-08-17,"03:21:19",2005-08-19,"05:23:19"
11603,3910,406,1,2005-08-17,"03:22:10",2005-08-18,"06:48:10"
11604,1820,388,2,2005-08-17,"03:28:27",2005-08-19,"05:38:27"
11605,1292,455,2,2005-08-17,"03:30:57",2005-08-24,"07:02:57"
11606,4138,499,1,2005-08-17,"03:32:43",2005-08-18,"04:30:43"
11607,4345,242,1,2005-08-17,"03:36:06",2005-08-20,"01:06:06"
11608,1673,448,2,2005-08-17,"03:36:52",2005-08-25,"07:17:52"
11609,351,73,2,2005-08-17,"03:41:11",2005-08-25,"01:30:11"
11610,3048,275,1,2005-08-17,"03:43:37",2005-08-20,"22:14:37"
11611,1857,192,2,2006-02-14,"15:16:03",,
11612,375,526,1,2005-08-17,"03:48:51",2005-08-20,"03:03:51"
11613,2486,126,2,2005-08-17,"03:50:33",2005-08-25,"00:37:33"
11614,805,2,1,2005-08-17,"03:52:18",2005-08-20,"07:04:18"
11615,4331,436,2,2005-08-17,"03:54:35",2005-08-23,"06:54:35"
11616,2588,36,2,2005-08-17,"04:00:01",2005-08-20,"23:03:01"
11617,1898,324,1,2005-08-17,"04:00:40",2005-08-18,"00:36:40"
11618,954,175,1,2005-08-17,"04:01:36",2005-08-23,"01:02:36"
11619,3652,374,1,2005-08-17,"04:03:26",2005-08-22,"03:07:26"
11620,3801,502,1,2005-08-17,"04:06:22",2005-08-17,"23:53:22"
11621,3708,216,1,2005-08-17,"04:13:45",2005-08-26,"01:00:45"
11622,499,220,1,2005-08-17,"04:15:46",2005-08-24,"04:48:46"
11623,759,163,2,2005-08-17,"04:15:47",2005-08-19,"04:11:47"
11624,606,527,1,2005-08-17,"04:17:42",2005-08-18,"02:46:42"
11625,712,521,2,2005-08-17,"04:18:52",2005-08-25,"03:05:52"
11626,4279,266,1,2005-08-17,"04:25:42",2005-08-23,"05:46:42"
11627,3945,168,2,2005-08-17,"04:25:47",2005-08-26,"02:54:47"
11628,3656,256,2,2005-08-17,"04:27:18",2005-08-25,"01:12:18"
11629,786,299,2,2005-08-17,"04:27:24",2005-08-26,"10:25:24"
11630,688,72,2,2005-08-17,"04:27:46",2005-08-19,"09:58:46"
11631,59,168,2,2005-08-17,"04:28:56",2005-08-24,"00:42:56"
11632,2551,238,1,2005-08-17,"04:29:32",2005-08-22,"03:44:32"
11633,1706,468,1,2005-08-17,"04:30:09",2005-08-20,"06:56:09"
11634,2576,206,1,2005-08-17,"04:31:49",2005-08-21,"02:51:49"
11635,2642,98,2,2005-08-17,"04:33:17",2005-08-21,"07:50:17"
11636,791,276,2,2005-08-17,"04:36:31",2005-08-24,"00:03:31"
11637,479,283,1,2005-08-17,"04:36:39",2005-08-18,"02:17:39"
11638,3421,152,2,2005-08-17,"04:39:09",2005-08-25,"06:42:09"
11639,3985,462,2,2005-08-17,"04:43:29",2005-08-25,"01:04:29"
11640,1718,501,2,2005-08-17,"04:44:33",2005-08-21,"09:29:33"
11641,2717,79,1,2005-08-17,"04:45:39",2005-08-20,"10:38:39"
11642,3790,25,2,2005-08-17,"04:48:05",2005-08-18,"01:53:05"
11643,1378,197,1,2005-08-17,"04:49:35",2005-08-24,"07:05:35"
11644,1760,438,1,2005-08-17,"04:49:46",2005-08-24,"08:49:46"
11645,4261,35,1,2005-08-17,"04:50:56",2005-08-25,"23:03:56"
11646,478,11,2,2006-02-14,"15:16:03",,
11647,3016,110,2,2005-08-17,"04:54:14",2005-08-23,"04:16:14"
11648,3362,465,2,2005-08-17,"04:56:16",2005-08-26,"00:53:16"
11649,3222,217,2,2005-08-17,"04:59:26",2005-08-20,"04:02:26"
11650,3979,418,2,2005-08-17,"05:00:03",2005-08-22,"01:45:03"
11651,3681,143,2,2005-08-17,"05:02:25",2005-08-24,"08:15:25"
11652,1622,597,2,2006-02-14,"15:16:03",,
11653,4475,358,2,2005-08-17,"05:06:10",2005-08-24,"03:09:10"
11654,1048,218,2,2005-08-17,"05:06:19",2005-08-18,"04:32:19"
11655,1699,113,1,2005-08-17,"05:11:07",2005-08-26,"10:18:07"
11656,1451,56,1,2005-08-17,"05:11:09",2005-08-25,"07:51:09"
11657,3043,53,2,2006-02-14,"15:16:03",,
11658,2008,422,2,2005-08-17,"05:19:17",2005-08-24,"07:03:17"
11659,2881,112,1,2005-08-17,"05:20:45",2005-08-22,"10:18:45"
11660,4081,525,1,2005-08-17,"05:22:42",2005-08-23,"01:03:42"
11661,1008,27,1,2005-08-17,"05:25:57",2005-08-25,"04:37:57"
11662,2730,177,2,2005-08-17,"05:27:37",2005-08-26,"09:56:37"
11663,3798,373,1,2005-08-17,"05:30:19",2005-08-25,"08:14:19"
11664,1343,433,1,2005-08-17,"05:35:52",2005-08-18,"02:40:52"
11665,334,254,1,2005-08-17,"05:36:57",2005-08-23,"01:38:57"
11666,250,531,2,2005-08-17,"05:45:10",2005-08-19,"06:47:10"
11667,1516,582,1,2005-08-17,"05:46:55",2005-08-26,"08:19:55"
11668,2162,249,1,2005-08-17,"05:47:32",2005-08-20,"03:11:32"
11669,3224,487,1,2005-08-17,"05:48:51",2005-08-22,"01:22:51"
11670,4437,286,1,2005-08-17,"05:48:59",2005-08-19,"08:51:59"
11671,3569,338,1,2005-08-17,"05:50:21",2005-08-20,"03:43:21"
11672,3947,521,2,2006-02-14,"15:16:03",,
11673,823,303,2,2005-08-17,"05:54:15",2005-08-21,"08:12:15"
11674,582,306,2,2005-08-17,"05:56:27",2005-08-24,"08:50:27"
11675,1322,514,1,2005-08-17,"05:57:54",2005-08-21,"23:57:54"
11676,4496,216,2,2006-02-14,"15:16:03",,
11677,2206,407,2,2005-08-17,"06:06:26",2005-08-20,"04:35:26"
11678,3511,176,2,2005-08-17,"06:07:39",2005-08-21,"10:51:39"
11679,3337,72,1,2005-08-17,"06:08:54",2005-08-21,"07:50:54"
11680,4538,221,1,2005-08-17,"06:12:27",2005-08-23,"08:54:27"
11681,1260,543,2,2005-08-17,"06:13:30",2005-08-26,"01:29:30"
11682,2544,387,1,2005-08-17,"06:13:40",2005-08-18,"06:11:40"
11683,2603,66,1,2005-08-17,"06:15:17",2005-08-26,"05:33:17"
11684,4277,517,2,2005-08-17,"06:27:15",2005-08-22,"02:11:15"
11685,3552,51,2,2005-08-17,"06:39:16",2005-08-22,"04:20:16"
11686,1393,392,2,2005-08-17,"06:39:30",2005-08-21,"10:19:30"
11687,1977,169,1,2005-08-17,"06:39:59",2005-08-23,"04:53:59"
11688,2229,82,1,2005-08-17,"06:41:58",2005-08-25,"04:38:58"
11689,2390,419,1,2005-08-17,"06:42:08",2005-08-26,"06:09:08"
11690,3934,267,1,2005-08-17,"06:44:22",2005-08-24,"03:49:22"
11691,2529,515,1,2005-08-17,"06:51:05",2005-08-24,"09:53:05"
11692,1222,350,2,2005-08-17,"06:52:41",2005-08-24,"12:17:41"
11693,793,221,2,2005-08-17,"06:56:56",2005-08-24,"06:20:56"
11694,3540,410,1,2005-08-17,"06:57:30",2005-08-24,"07:52:30"
11695,1110,386,1,2005-08-17,"07:01:08",2005-08-21,"09:21:08"
11696,3816,522,2,2005-08-17,"07:01:09",2005-08-21,"09:12:09"
11697,383,329,1,2005-08-17,"07:09:19",2005-08-19,"02:02:19"
11698,3946,353,1,2005-08-17,"07:09:59",2005-08-19,"04:31:59"
11699,3997,339,1,2005-08-17,"07:11:58",2005-08-26,"12:08:58"
11700,2365,104,2,2005-08-17,"07:12:31",2005-08-18,"04:21:31"
11701,993,34,2,2005-08-17,"07:15:47",2005-08-19,"01:44:47"
11702,3286,526,1,2005-08-17,"07:18:56",2005-08-24,"06:33:56"
11703,1692,279,2,2005-08-17,"07:19:29",2005-08-20,"09:35:29"
11704,1099,135,1,2005-08-17,"07:21:22",2005-08-25,"06:06:22"
11705,4242,489,1,2005-08-17,"07:22:25",2005-08-18,"06:42:25"
11706,4234,414,2,2005-08-17,"07:23:46",2005-08-18,"10:13:46"
11707,1030,581,1,2005-08-17,"07:24:59",2005-08-24,"10:40:59"
11708,76,582,1,2005-08-17,"07:26:47",2005-08-22,"04:11:47"
11709,1720,330,1,2006-02-14,"15:16:03",,
11710,613,553,2,2005-08-17,"07:29:44",2005-08-19,"02:06:44"
11711,1503,470,1,2005-08-17,"07:30:55",2005-08-18,"09:21:55"
11712,3607,203,2,2005-08-17,"07:32:51",2005-08-21,"09:18:51"
11713,1919,590,1,2005-08-17,"07:34:05",2005-08-25,"07:49:05"
11714,17,151,1,2005-08-17,"07:34:55",2005-08-18,"04:07:55"
11715,1615,452,1,2005-08-17,"07:40:55",2005-08-25,"11:19:55"
11716,3054,287,1,2005-08-17,"07:40:55",2005-08-21,"05:56:55"
11717,1371,566,2,2005-08-17,"07:44:09",2005-08-20,"09:39:09"
11718,3673,555,2,2005-08-17,"07:44:42",2005-08-23,"03:02:42"
11719,2054,338,1,2005-08-17,"07:46:05",2005-08-23,"08:52:05"
11720,1707,121,2,2005-08-17,"07:46:54",2005-08-26,"04:19:54"
11721,1923,46,1,2005-08-17,"07:49:17",2005-08-18,"04:08:17"
11722,2430,321,2,2005-08-17,"07:53:03",2005-08-22,"06:56:03"
11723,1665,341,1,2005-08-17,"07:56:22",2005-08-22,"03:49:22"
11724,4484,207,2,2005-08-17,"08:04:44",2005-08-25,"03:25:44"
11725,519,45,1,2005-08-17,"08:09:00",2005-08-18,"09:50:00"
11726,4438,266,1,2005-08-17,"08:11:10",2005-08-22,"05:45:10"
11727,98,6,1,2005-08-17,"08:12:20",2005-08-19,"12:45:20"
11728,726,444,1,2005-08-17,"08:12:26",2005-08-18,"03:26:26"
11729,2819,215,1,2005-08-17,"08:14:41",2005-08-22,"02:54:41"
11730,3817,98,2,2005-08-17,"08:22:00",2005-08-22,"05:43:00"
11731,917,52,2,2005-08-17,"08:24:35",2005-08-24,"02:54:35"
11732,460,137,2,2005-08-17,"08:29:46",2005-08-23,"14:21:46"
11733,439,251,2,2005-08-17,"08:31:03",2005-08-21,"05:44:03"
11734,4063,337,2,2005-08-17,"08:34:22",2005-08-25,"11:56:22"
11735,2555,452,1,2005-08-17,"08:35:42",2005-08-26,"11:04:42"
11736,4217,535,1,2005-08-17,"08:40:55",2005-08-26,"09:03:55"
11737,4128,549,1,2005-08-17,"08:42:08",2005-08-19,"08:14:08"
11738,3042,347,1,2005-08-17,"08:45:55",2005-08-26,"07:09:55"
11739,4568,373,2,2006-02-14,"15:16:03",,
11740,2441,27,2,2005-08-17,"08:48:31",2005-08-24,"07:47:31"
11741,1819,473,1,2005-08-17,"08:48:39",2005-08-20,"07:37:39"
11742,596,470,2,2005-08-17,"08:48:43",2005-08-23,"07:18:43"
11743,294,336,2,2005-08-17,"08:49:05",2005-08-22,"08:53:05"
11744,297,26,1,2005-08-17,"08:54:30",2005-08-25,"03:28:30"
11745,4018,240,2,2005-08-17,"09:00:01",2005-08-26,"14:29:01"
11746,4571,299,2,2005-08-17,"09:03:24",2005-08-25,"06:08:24"
11747,1041,555,2,2005-08-17,"09:03:31",2005-08-19,"08:23:31"
11748,1175,595,2,2005-08-17,"09:04:02",2005-08-21,"12:22:02"
11749,4141,567,2,2005-08-17,"09:04:03",2005-08-19,"09:32:03"
11750,665,190,2,2005-08-17,"09:07:00",2005-08-23,"08:16:00"
11751,3309,51,1,2005-08-17,"09:07:56",2005-08-26,"13:16:56"
11752,1833,481,1,2005-08-17,"09:10:55",2005-08-18,"06:22:55"
11753,2599,43,2,2005-08-17,"09:11:52",2005-08-25,"05:03:52"
11754,3747,163,2,2006-02-14,"15:16:03",,
11755,3457,513,2,2005-08-17,"09:15:35",2005-08-23,"06:28:35"
11756,1798,198,1,2005-08-17,"09:29:22",2005-08-21,"12:17:22"
11757,1295,550,2,2006-02-14,"15:16:03",,
11758,11,533,2,2005-08-17,"09:33:02",2005-08-24,"05:03:02"
11759,2655,108,2,2005-08-17,"09:41:23",2005-08-19,"11:58:23"
11760,626,545,2,2005-08-17,"09:44:22",2005-08-24,"14:39:22"
11761,2230,13,1,2005-08-17,"09:44:59",2005-08-25,"07:46:59"
11762,1204,244,2,2005-08-17,"09:48:06",2005-08-26,"13:12:06"
11763,872,586,2,2005-08-17,"09:51:39",2005-08-21,"10:15:39"
11764,4502,252,1,2005-08-17,"09:51:54",2005-08-20,"07:11:54"
11765,4311,308,2,2005-08-17,"09:55:28",2005-08-19,"15:53:28"
11766,2999,544,1,2005-08-17,"09:58:40",2005-08-21,"04:59:40"
11767,2374,77,2,2005-08-17,"10:00:40",2005-08-25,"04:14:40"
11768,1307,564,1,2005-08-17,"10:02:29",2005-08-23,"10:26:29"
11769,1406,418,1,2005-08-17,"10:04:49",2005-08-20,"09:22:49"
11770,2862,475,1,2005-08-17,"10:05:05",2005-08-20,"15:59:05"
11771,2575,324,1,2005-08-17,"10:17:09",2005-08-25,"10:58:09"
11772,1021,237,2,2005-08-17,"10:18:57",2005-08-26,"12:48:57"
11773,1886,384,1,2005-08-17,"10:19:51",2005-08-23,"04:30:51"
11774,1679,488,1,2005-08-17,"10:20:39",2005-08-23,"13:37:39"
11775,256,574,2,2005-08-17,"10:25:53",2005-08-22,"08:37:53"
11776,2400,306,2,2005-08-17,"10:27:19",2005-08-20,"14:02:19"
11777,4065,83,1,2005-08-17,"10:27:19",2005-08-26,"13:10:19"
11778,1306,213,2,2005-08-17,"10:31:40",2005-08-25,"13:53:40"
11779,181,126,2,2005-08-17,"10:31:58",2005-08-24,"15:28:58"
11780,2268,297,1,2005-08-17,"10:34:24",2005-08-21,"04:55:24"
11781,1853,506,2,2005-08-17,"10:37:00",2005-08-21,"12:03:00"
11782,4098,354,1,2006-02-14,"15:16:03",,
11783,979,152,2,2005-08-17,"10:39:24",2005-08-21,"12:43:24"
11784,3101,297,1,2005-08-17,"10:48:05",2005-08-19,"06:47:05"
11785,2760,182,2,2005-08-17,"10:54:46",2005-08-23,"14:15:46"
11786,1487,435,2,2005-08-17,"10:57:40",2005-08-24,"06:48:40"
11787,1980,195,1,2005-08-17,"10:59:00",2005-08-19,"05:56:00"
11788,1310,560,1,2005-08-17,"10:59:18",2005-08-22,"11:12:18"
11789,851,150,1,2005-08-17,"10:59:24",2005-08-26,"16:17:24"
11790,2384,451,2,2005-08-17,"11:00:08",2005-08-20,"05:15:08"
11791,3640,219,2,2005-08-17,"11:01:11",2005-08-22,"06:31:11"
11792,3703,376,1,2005-08-17,"11:03:53",2005-08-26,"06:34:53"
11793,1955,352,1,2005-08-17,"11:05:53",2005-08-25,"12:25:53"
11794,3486,453,2,2005-08-17,"11:08:48",2005-08-20,"13:36:48"
11795,2220,565,2,2005-08-17,"11:13:38",2005-08-19,"14:20:38"
11796,3983,435,2,2005-08-17,"11:16:47",2005-08-18,"16:55:47"
11797,1142,546,2,2005-08-17,"11:17:21",2005-08-18,"09:14:21"
11798,3974,448,2,2005-08-17,"11:21:43",2005-08-25,"07:43:43"
11799,40,501,2,2005-08-17,"11:25:25",2005-08-25,"13:03:25"
11800,2284,350,1,2005-08-17,"11:29:52",2005-08-21,"08:37:52"
11801,659,126,1,2005-08-17,"11:30:11",2005-08-23,"09:54:11"
11802,2815,221,1,2005-08-17,"11:32:51",2005-08-22,"10:56:51"
11803,3648,160,2,2005-08-17,"11:42:08",2005-08-22,"07:45:08"
11804,1040,556,1,2005-08-17,"11:42:45",2005-08-25,"07:11:45"
11805,1208,208,2,2005-08-17,"11:48:47",2005-08-26,"11:06:47"
11806,3203,125,1,2005-08-17,"11:49:28",2005-08-22,"15:42:28"
11807,4052,201,2,2005-08-17,"11:51:15",2005-08-21,"11:47:15"
11808,4042,462,2,2005-08-17,"11:51:16",2005-08-18,"14:01:16"
11809,1136,305,1,2005-08-17,"11:51:39",2005-08-24,"17:14:39"
11810,1548,270,1,2005-08-17,"11:56:48",2005-08-20,"17:39:48"
11811,195,130,2,2005-08-17,"11:59:18",2005-08-18,"09:13:18"
11812,119,132,1,2005-08-17,"12:00:54",2005-08-18,"16:08:54"
11813,1074,36,2,2005-08-17,"12:06:54",2005-08-21,"17:52:54"
11814,3462,509,2,2005-08-17,"12:09:20",2005-08-25,"16:56:20"
11815,272,192,2,2005-08-17,"12:13:26",2005-08-22,"17:15:26"
11816,3897,224,2,2005-08-17,"12:14:16",2005-08-19,"06:15:16"
11817,2297,38,1,2005-08-17,"12:20:01",2005-08-19,"18:06:01"
11818,213,512,2,2005-08-17,"12:22:04",2005-08-25,"15:59:04"
11819,656,208,1,2005-08-17,"12:25:17",2005-08-19,"16:12:17"
11820,2801,401,2,2005-08-17,"12:25:33",2005-08-19,"07:04:33"
11821,2711,20,1,2005-08-17,"12:27:55",2005-08-18,"07:07:55"
11822,1317,263,2,2005-08-17,"12:32:39",2005-08-18,"12:30:39"
11823,2626,352,2,2005-08-17,"12:36:37",2005-08-22,"11:10:37"
11824,2639,1,2,2005-08-17,"12:37:54",2005-08-19,"10:11:54"
11825,2656,296,1,2005-08-17,"12:43:30",2005-08-20,"15:25:30"
11826,1837,536,2,2005-08-17,"12:43:46",2005-08-19,"16:59:46"
11827,3064,523,1,2005-08-17,"12:44:27",2005-08-24,"13:31:27"
11828,2593,268,2,2005-08-17,"12:48:28",2005-08-24,"09:24:28"
11829,2207,563,2,2005-08-17,"12:52:04",2005-08-19,"10:50:04"
11830,3713,522,1,2005-08-17,"12:53:15",2005-08-25,"08:08:15"
11831,4562,32,1,2005-08-17,"12:54:47",2005-08-21,"11:21:47"
11832,2331,125,1,2005-08-17,"12:55:31",2005-08-19,"08:31:31"
11833,3728,424,2,2005-08-17,"13:00:33",2005-08-18,"13:45:33"
11834,2407,261,1,2005-08-17,"13:00:40",2005-08-22,"12:50:40"
11835,2796,479,1,2005-08-17,"13:03:13",2005-08-19,"10:50:13"
11836,2253,198,1,2005-08-17,"13:03:36",2005-08-19,"17:15:36"
11837,1085,81,1,2005-08-17,"13:04:41",2005-08-26,"14:19:41"
11838,3576,161,1,2005-08-17,"13:06:00",2005-08-20,"11:44:00"
11839,2282,80,2,2005-08-17,"13:08:45",2005-08-18,"15:05:45"
11840,1824,491,1,2005-08-17,"13:09:01",2005-08-19,"17:42:01"
11841,1524,270,2,2005-08-17,"13:12:20",2005-08-21,"11:16:20"
11842,2680,422,1,2005-08-17,"13:13:37",2005-08-20,"08:32:37"
11843,3091,187,2,2005-08-17,"13:14:50",2005-08-22,"11:31:50"
11844,3791,368,1,2005-08-17,"13:16:04",2005-08-18,"10:16:04"
11845,14,65,1,2005-08-17,"13:16:38",2005-08-18,"11:21:38"
11846,3306,283,2,2005-08-17,"13:18:29",2005-08-22,"18:05:29"
11847,1784,337,1,2006-02-14,"15:16:03",,
11848,3680,152,1,2006-02-14,"15:16:03",,
11849,1191,92,2,2005-08-17,"13:24:55",2005-08-22,"12:50:55"
11850,1437,80,1,2005-08-17,"13:30:15",2005-08-21,"17:24:15"
11851,3225,376,2,2005-08-17,"13:30:27",2005-08-20,"15:34:27"
11852,2358,596,1,2005-08-17,"13:38:27",2005-08-24,"08:50:27"
11853,3888,6,2,2005-08-17,"13:39:32",2005-08-23,"18:44:32"
11854,137,313,1,2005-08-17,"13:42:52",2005-08-26,"14:04:52"
11855,1062,535,1,2005-08-17,"13:43:07",2005-08-26,"08:07:07"
11856,305,28,1,2005-08-17,"13:44:49",2005-08-21,"17:20:49"
11857,101,146,1,2005-08-17,"13:48:30",2005-08-18,"15:55:30"
11858,3483,503,2,2005-08-17,"13:50:31",2005-08-19,"08:45:31"
11859,423,144,2,2005-08-17,"13:51:20",2005-08-21,"13:47:20"
11860,4354,257,1,2005-08-17,"13:52:26",2005-08-24,"14:47:26"
11861,2674,232,1,2005-08-17,"13:53:47",2005-08-21,"16:07:47"
11862,2604,529,1,2005-08-17,"13:54:53",2005-08-19,"10:48:53"
11863,1003,112,1,2005-08-17,"13:56:01",2005-08-23,"18:38:01"
11864,2985,96,1,2005-08-17,"14:02:01",2005-08-21,"19:54:01"
11865,2577,345,1,2005-08-17,"14:03:46",2005-08-19,"08:39:46"
11866,2758,200,2,2006-02-14,"15:16:03",,
11867,938,434,1,2005-08-17,"14:04:28",2005-08-21,"10:08:28"
11868,2909,445,1,2005-08-17,"14:05:34",2005-08-19,"15:47:34"
11869,3453,19,1,2005-08-17,"14:10:22",2005-08-24,"18:39:22"
11870,4251,432,1,2005-08-17,"14:11:28",2005-08-24,"16:43:28"
11871,3013,484,1,2005-08-17,"14:11:44",2005-08-18,"17:50:44"
11872,4306,113,2,2005-08-17,"14:11:45",2005-08-21,"17:02:45"
11873,4021,554,2,2005-08-17,"14:14:39",2005-08-18,"17:20:39"
11874,2637,467,2,2005-08-17,"14:16:40",2005-08-18,"15:51:40"
11875,1787,294,1,2005-08-17,"14:16:48",2005-08-26,"14:20:48"
11876,3982,426,1,2005-08-17,"14:18:21",2005-08-20,"19:48:21"
11877,4528,445,1,2005-08-17,"14:21:11",2005-08-25,"19:46:11"
11878,255,549,1,2005-08-17,"14:23:52",2005-08-21,"14:23:52"
11879,2500,312,1,2005-08-17,"14:25:09",2005-08-26,"09:19:09"
11880,1539,597,2,2005-08-17,"14:28:28",2005-08-26,"12:32:28"
11881,3124,272,1,2005-08-17,"14:31:56",2005-08-21,"11:05:56"
11882,2401,234,2,2005-08-17,"14:33:41",2005-08-26,"17:25:41"
11883,221,551,1,2005-08-17,"14:41:28",2005-08-19,"09:54:28"
11884,797,178,1,2005-08-17,"14:43:23",2005-08-25,"15:38:23"
11885,3931,481,1,2005-08-17,"14:53:53",2005-08-22,"10:59:53"
11886,608,204,2,2005-08-17,"14:58:51",2005-08-19,"16:07:51"
11887,3290,54,1,2005-08-17,"15:03:13",2005-08-19,"09:49:13"
11888,1100,160,2,2005-08-17,"15:04:05",2005-08-25,"18:52:05"
11889,293,395,1,2005-08-17,"15:08:27",2005-08-18,"17:10:27"
11890,3023,487,2,2005-08-17,"15:08:43",2005-08-26,"14:56:43"
11891,2619,115,2,2005-08-17,"15:11:55",2005-08-22,"11:11:55"
11892,746,227,2,2005-08-17,"15:13:21",2005-08-21,"09:19:21"
11893,2321,496,1,2005-08-17,"15:13:29",2005-08-25,"11:09:29"
11894,1223,67,1,2005-08-17,"15:15:01",2005-08-26,"13:49:01"
11895,2156,236,2,2005-08-17,"15:15:07",2005-08-18,"11:00:07"
11896,259,436,2,2005-08-17,"15:19:54",2005-08-24,"18:22:54"
11897,3904,238,2,2005-08-17,"15:24:06",2005-08-23,"11:50:06"
11898,3163,169,2,2005-08-17,"15:24:12",2005-08-24,"13:36:12"
11899,3179,84,1,2005-08-17,"15:29:12",2005-08-24,"17:41:12"
11900,1931,239,1,2005-08-17,"15:30:44",2005-08-19,"16:12:44"
11901,4274,70,2,2005-08-17,"15:35:47",2005-08-20,"10:33:47"
11902,1387,63,2,2005-08-17,"15:37:34",2005-08-22,"17:28:34"
11903,1196,542,2,2005-08-17,"15:37:45",2005-08-23,"18:31:45"
11904,2846,145,2,2005-08-17,"15:39:26",2005-08-21,"18:24:26"
11905,2725,349,2,2005-08-17,"15:40:18",2005-08-26,"15:14:18"
11906,325,478,2,2005-08-17,"15:40:46",2005-08-20,"15:20:46"
11907,3928,505,2,2005-08-17,"15:40:47",2005-08-20,"19:55:47"
11908,3390,314,2,2005-08-17,"15:43:09",2005-08-24,"14:32:09"
11909,871,474,1,2006-02-14,"15:16:03",,
11910,4254,418,2,2005-08-17,"15:44:37",2005-08-19,"10:58:37"
11911,3578,472,2,2005-08-17,"15:51:35",2005-08-26,"20:26:35"
11912,744,573,1,2005-08-17,"15:51:49",2005-08-24,"18:48:49"
11913,741,295,2,2005-08-17,"15:53:17",2005-08-24,"18:50:17"
11914,1634,230,1,2005-08-17,"16:04:42",2005-08-22,"19:29:42"
11915,1557,269,2,2005-08-17,"16:05:28",2005-08-25,"19:53:28"
11916,2631,86,1,2005-08-17,"16:05:51",2005-08-20,"10:23:51"
11917,1608,270,1,2005-08-17,"16:08:17",2005-08-20,"20:01:17"
11918,2169,533,1,2005-08-17,"16:08:42",2005-08-20,"20:12:42"
11919,4497,40,2,2005-08-17,"16:08:49",2005-08-20,"16:59:49"
11920,4253,402,2,2005-08-17,"16:10:19",2005-08-20,"13:54:19"
11921,494,485,1,2005-08-17,"16:12:27",2005-08-25,"22:07:27"
11922,3707,15,2,2005-08-17,"16:20:37",2005-08-26,"16:53:37"
11923,1907,72,2,2005-08-17,"16:21:47",2005-08-18,"14:26:47"
11924,1711,202,1,2005-08-17,"16:22:05",2005-08-26,"12:34:05"
11925,1441,370,1,2005-08-17,"16:23:04",2005-08-21,"11:38:04"
11926,2111,516,1,2005-08-17,"16:25:02",2005-08-22,"11:36:02"
11927,3134,178,1,2005-08-17,"16:25:03",2005-08-23,"16:41:03"
11928,79,261,2,2005-08-17,"16:28:24",2005-08-23,"17:50:24"
11929,3765,327,1,2005-08-17,"16:28:51",2005-08-25,"19:36:51"
11930,1299,5,1,2005-08-17,"16:28:53",2005-08-25,"10:31:53"
11931,2022,242,1,2005-08-17,"16:35:14",2005-08-19,"19:16:14"
11932,151,364,2,2005-08-17,"16:36:12",2005-08-18,"19:34:12"
11933,2574,438,1,2005-08-17,"16:38:20",2005-08-22,"14:31:20"
11934,1230,596,2,2005-08-17,"16:40:00",2005-08-20,"20:13:00"
11935,1640,66,2,2005-08-17,"16:42:13",2005-08-22,"20:38:13"
11936,1127,380,2,2005-08-17,"16:45:34",2005-08-21,"13:33:34"
11937,2926,515,1,2005-08-17,"16:48:36",2005-08-24,"19:01:36"
11938,3927,426,1,2005-08-17,"16:54:54",2005-08-24,"19:18:54"
11939,3305,516,1,2005-08-17,"16:55:57",2005-08-24,"21:36:57"
11940,1188,163,1,2005-08-17,"16:56:28",2005-08-18,"15:09:28"
11941,159,566,1,2005-08-17,"16:56:57",2005-08-24,"16:29:57"
11942,4094,576,2,2006-02-14,"15:16:03",,
11943,4466,69,1,2005-08-17,"17:00:42",2005-08-26,"22:07:42"
11944,27,389,2,2005-08-17,"17:02:42",2005-08-21,"16:40:42"
11945,1108,380,2,2005-08-17,"17:05:33",2005-08-20,"18:37:33"
11946,2953,569,1,2005-08-17,"17:05:53",2005-08-19,"13:56:53"
11947,2928,220,1,2005-08-17,"17:08:13",2005-08-23,"21:53:13"
11948,3329,40,2,2005-08-17,"17:11:05",2005-08-25,"21:16:05"
11949,854,198,1,2005-08-17,"17:12:26",2005-08-23,"20:48:26"
11950,4412,190,1,2005-08-17,"17:13:16",2005-08-26,"21:25:16"
11951,1394,155,2,2005-08-17,"17:14:02",2005-08-26,"12:04:02"
11952,2411,288,1,2005-08-17,"17:14:57",2005-08-19,"19:15:57"
11953,2993,399,1,2005-08-17,"17:16:42",2005-08-23,"18:28:42"
11954,220,145,1,2005-08-17,"17:18:36",2005-08-18,"19:49:36"
11955,1221,319,1,2005-08-17,"17:21:35",2005-08-24,"22:06:35"
11956,2533,457,2,2005-08-17,"17:22:05",2005-08-25,"22:19:05"
11957,1924,198,2,2005-08-17,"17:22:29",2005-08-23,"21:47:29"
11958,2061,217,2,2005-08-17,"17:23:20",2005-08-24,"14:47:20"
11959,2694,101,1,2005-08-17,"17:23:35",2005-08-20,"20:57:35"
11960,3924,84,1,2005-08-17,"17:24:30",2005-08-18,"14:28:30"
11961,2015,276,1,2005-08-17,"17:28:01",2005-08-21,"20:43:01"
11962,4384,29,2,2005-08-17,"17:34:38",2005-08-21,"12:59:38"
11963,232,211,2,2005-08-17,"17:35:47",2005-08-23,"16:19:47"
11964,2225,309,2,2005-08-17,"17:37:03",2005-08-25,"11:55:03"
11965,194,490,1,2005-08-17,"17:39:45",2005-08-19,"12:05:45"
11966,3702,283,1,2005-08-17,"17:40:04",2005-08-20,"15:45:04"
11967,1151,521,1,2005-08-17,"17:45:00",2005-08-22,"13:03:00"
11968,698,239,1,2005-08-17,"17:47:34",2005-08-18,"19:40:34"
11969,668,550,2,2005-08-17,"17:49:37",2005-08-19,"19:45:37"
11970,1779,21,1,2005-08-17,"17:53:09",2005-08-24,"14:41:09"
11971,2756,131,2,2005-08-17,"17:53:42",2005-08-18,"12:11:42"
11972,1282,308,2,2005-08-17,"17:55:46",2005-08-22,"15:31:46"
11973,1472,131,2,2005-08-17,"17:55:58",2005-08-21,"19:55:58"
11974,1609,485,2,2005-08-17,"17:56:48",2005-08-21,"19:14:48"
11975,3843,458,2,2005-08-17,"17:58:39",2005-08-20,"19:11:39"
11976,498,373,2,2005-08-17,"17:59:19",2005-08-23,"14:51:19"
11977,1528,536,1,2005-08-17,"18:01:15",2005-08-23,"23:03:15"
11978,4380,499,2,2005-08-17,"18:02:10",2005-08-18,"20:40:10"
11979,568,255,1,2005-08-17,"18:07:13",2005-08-19,"23:12:13"
11980,4165,589,1,2005-08-17,"18:10:18",2005-08-20,"13:28:18"
11981,3228,294,1,2005-08-17,"18:10:40",2005-08-20,"16:56:40"
11982,118,186,1,2005-08-17,"18:13:07",2005-08-18,"19:06:07"
11983,2580,304,2,2005-08-17,"18:13:55",2005-08-23,"18:27:55"
11984,3577,96,2,2005-08-17,"18:16:30",2005-08-24,"21:09:30"
11985,2208,198,2,2005-08-17,"18:19:44",2005-08-18,"19:14:44"
11986,1610,352,1,2005-08-17,"18:21:58",2005-08-18,"13:05:58"
11987,1478,494,1,2005-08-17,"18:21:59",2005-08-25,"19:20:59"
11988,3429,62,2,2005-08-17,"18:23:50",2005-08-18,"22:30:50"
11989,3686,439,2,2005-08-17,"18:23:58",2005-08-20,"20:31:58"
11990,3012,17,2,2005-08-17,"18:26:22",2005-08-19,"14:34:22"
11991,940,361,1,2005-08-17,"18:27:08",2005-08-25,"14:07:08"
11992,4132,136,2,2005-08-17,"18:27:22",2005-08-26,"22:38:22"
11993,295,303,1,2005-08-17,"18:27:49",2005-08-21,"00:04:49"
11994,3428,319,1,2005-08-17,"18:29:35",2005-08-25,"23:39:35"
11995,3953,69,1,2006-02-14,"15:16:03",,
11996,2720,510,2,2005-08-17,"18:34:37",2005-08-20,"22:25:37"
11997,2193,411,2,2005-08-17,"18:34:38",2005-08-26,"00:12:38"
11998,4258,299,1,2005-08-17,"18:46:21",2005-08-18,"20:29:21"
11999,4333,125,2,2005-08-17,"18:47:07",2005-08-20,"23:26:07"
12000,2256,149,2,2005-08-17,"18:49:44",2005-08-24,"16:34:44"
12001,4158,52,2,2006-02-14,"15:16:03",,
12002,1386,75,1,2005-08-17,"18:56:02",2005-08-20,"17:36:02"
12003,3868,70,1,2005-08-17,"18:56:05",2005-08-18,"23:52:05"
12004,2690,499,1,2005-08-17,"18:56:53",2005-08-26,"14:56:53"
12005,2062,403,2,2005-08-17,"18:56:55",2005-08-25,"20:23:55"
12006,4072,272,1,2005-08-17,"19:09:12",2005-08-24,"13:50:12"
12007,3007,268,1,2005-08-17,"19:10:34",2005-08-24,"14:09:34"
12008,865,562,2,2005-08-17,"19:16:18",2005-08-18,"14:24:18"
12009,2134,296,2,2006-02-14,"15:16:03",,
12010,1076,554,1,2005-08-17,"19:17:54",2005-08-26,"00:41:54"
12011,495,313,2,2005-08-17,"19:19:44",2005-08-23,"00:56:44"
12012,2698,69,1,2005-08-17,"19:20:48",2005-08-22,"16:50:48"
12013,3530,586,2,2005-08-17,"19:23:02",2005-08-23,"00:31:02"
12014,1778,554,1,2005-08-17,"19:29:44",2005-08-23,"20:40:44"
12015,593,11,2,2005-08-17,"19:32:44",2005-08-23,"13:36:44"
12016,2109,327,2,2005-08-17,"19:33:24",2005-08-21,"19:59:24"
12017,344,573,2,2005-08-17,"19:33:49",2005-08-22,"01:16:49"
12018,1921,319,1,2005-08-17,"19:44:46",2005-08-26,"20:24:46"
12019,2566,90,1,2005-08-17,"19:48:55",2005-08-21,"18:20:55"
12020,3258,72,1,2005-08-17,"19:50:33",2005-08-25,"17:54:33"
12021,3977,27,1,2005-08-17,"19:52:43",2005-08-23,"21:49:43"
12022,2067,461,2,2005-08-17,"19:52:45",2005-08-18,"18:26:45"
12023,247,22,1,2005-08-17,"19:54:54",2005-08-26,"23:03:54"
12024,2398,484,2,2005-08-17,"19:57:34",2005-08-21,"23:00:34"
12025,4019,209,2,2005-08-17,"19:59:06",2005-08-23,"14:39:06"
12026,1568,468,1,2005-08-17,"20:00:10",2005-08-26,"01:54:10"
12027,45,285,2,2005-08-17,"20:01:12",2005-08-26,"21:08:12"
12028,607,316,2,2005-08-17,"20:03:47",2005-08-23,"17:09:47"
12029,3516,148,2,2005-08-17,"20:07:01",2005-08-19,"19:36:01"
12030,449,434,1,2005-08-17,"20:10:48",2005-08-19,"00:32:48"
12031,2793,10,2,2005-08-17,"20:11:35",2005-08-24,"23:48:35"
12032,1106,141,1,2005-08-17,"20:14:26",2005-08-26,"16:01:26"
12033,2731,321,2,2005-08-17,"20:14:34",2005-08-26,"00:22:34"
12034,834,321,2,2005-08-17,"20:15:31",2005-08-24,"15:46:31"
12035,2335,469,2,2005-08-17,"20:18:06",2005-08-21,"16:41:06"
12036,3620,85,2,2005-08-17,"20:19:06",2005-08-18,"19:57:06"
12037,766,356,2,2005-08-17,"20:21:35",2005-08-22,"17:16:35"
12038,3794,148,2,2005-08-17,"20:28:26",2005-08-20,"23:09:26"
12039,4404,563,2,2005-08-17,"20:29:08",2005-08-23,"21:20:08"
12040,1288,558,1,2005-08-17,"20:29:56",2005-08-26,"22:17:56"
12041,2389,295,1,2005-08-17,"20:34:33",2005-08-19,"00:47:33"
12042,1772,570,1,2005-08-17,"20:36:37",2005-08-21,"15:03:37"
12043,3706,592,2,2005-08-17,"20:38:21",2005-08-22,"16:52:21"
12044,3377,388,1,2005-08-17,"20:39:37",2005-08-19,"18:34:37"
12045,469,556,2,2005-08-17,"20:40:46",2005-08-20,"18:18:46"
12046,3895,435,2,2005-08-17,"20:47:46",2005-08-19,"16:09:46"
12047,3886,251,1,2005-08-17,"20:48:32",2005-08-26,"00:07:32"
12048,3773,466,2,2005-08-17,"20:49:24",2005-08-27,"02:01:24"
12049,2433,178,2,2005-08-17,"20:53:27",2005-08-26,"19:45:27"
12050,2348,405,2,2005-08-17,"20:55:25",2005-08-22,"20:31:25"
12051,4001,579,1,2005-08-17,"20:56:15",2005-08-25,"19:08:15"
12052,99,536,1,2005-08-17,"20:57:02",2005-08-25,"19:04:02"
12053,4448,280,1,2005-08-17,"20:57:27",2005-08-20,"19:51:27"
12054,3780,53,1,2005-08-17,"20:59:56",2005-08-23,"19:57:56"
12055,1481,35,1,2005-08-17,"21:02:19",2005-08-18,"15:24:19"
12056,1091,460,2,2005-08-17,"21:03:48",2005-08-21,"22:42:48"
12057,1878,263,1,2005-08-17,"21:04:35",2005-08-25,"00:17:35"
12058,2438,540,1,2005-08-17,"21:07:41",2005-08-26,"16:07:41"
12059,4111,393,1,2005-08-17,"21:09:23",2005-08-25,"23:09:23"
12060,2373,127,1,2005-08-17,"21:11:57",2005-08-21,"01:42:57"
12061,144,532,1,2005-08-17,"21:13:35",2005-08-22,"19:18:35"
12062,1791,330,2,2005-08-17,"21:24:47",2005-08-20,"20:35:47"
12063,1141,550,2,2005-08-17,"21:24:48",2005-08-23,"22:10:48"
12064,298,284,1,2006-02-14,"15:16:03",,
12065,3644,77,2,2005-08-17,"21:31:46",2005-08-26,"02:26:46"
12066,2474,267,2,2006-02-14,"15:16:03",,
12067,2013,514,2,2005-08-17,"21:36:47",2005-08-22,"01:10:47"
12068,4327,388,1,2005-08-17,"21:37:08",2005-08-26,"00:10:08"
12069,631,389,2,2005-08-17,"21:39:40",2005-08-22,"01:12:40"
12070,1357,158,1,2005-08-17,"21:46:47",2005-08-22,"22:59:47"
12071,1874,507,1,2005-08-17,"21:49:14",2005-08-22,"18:20:14"
12072,209,61,2,2005-08-17,"21:50:25",2005-08-25,"22:36:25"
12073,2939,173,1,2005-08-17,"21:50:39",2005-08-21,"02:59:39"
12074,711,417,2,2005-08-17,"21:50:57",2005-08-20,"00:58:57"
12075,3147,125,1,2005-08-17,"21:54:55",2005-08-23,"23:04:55"
12076,4278,298,1,2005-08-17,"21:58:19",2005-08-20,"22:10:19"
12077,3589,550,1,2005-08-17,"21:59:14",2005-08-22,"03:23:14"
12078,684,137,2,2005-08-17,"22:00:22",2005-08-24,"02:54:22"
12079,646,230,2,2005-08-17,"22:04:17",2005-08-24,"20:22:17"
12080,1491,394,2,2005-08-17,"22:08:04",2005-08-19,"22:55:04"
12081,620,597,1,2005-08-17,"22:10:46",2005-08-22,"22:37:46"
12082,3435,521,1,2005-08-17,"22:13:15",2005-08-24,"18:30:15"
12083,1985,474,2,2005-08-17,"22:13:37",2005-08-19,"19:01:37"
12084,2706,60,2,2005-08-17,"22:16:49",2005-08-24,"17:42:49"
12085,600,31,1,2005-08-17,"22:17:09",2005-08-21,"01:45:09"
12086,3963,140,1,2005-08-17,"22:20:01",2005-08-26,"02:14:01"
12087,324,144,2,2005-08-17,"22:20:12",2005-08-20,"02:11:12"
12088,1754,360,2,2005-08-17,"22:20:16",2005-08-25,"23:30:16"
12089,651,538,1,2005-08-17,"22:20:29",2005-08-24,"02:12:29"
12090,3392,391,2,2005-08-17,"22:21:43",2005-08-20,"23:53:43"
12091,2161,555,1,2005-08-17,"22:22:50",2005-08-27,"03:55:50"
12092,3964,38,2,2005-08-17,"22:28:15",2005-08-18,"16:46:15"
12093,216,141,1,2005-08-17,"22:28:40",2005-08-22,"02:05:40"
12094,1050,130,1,2005-08-17,"22:31:04",2005-08-23,"22:45:04"
12095,1089,46,1,2005-08-17,"22:32:37",2005-08-20,"04:00:37"
12096,44,463,1,2005-08-17,"22:32:50",2005-08-25,"03:33:50"
12097,4135,325,2,2005-08-17,"22:35:24",2005-08-18,"20:31:24"
12098,534,545,1,2005-08-17,"22:38:31",2005-08-20,"01:56:31"
12099,1743,195,2,2005-08-17,"22:38:54",2005-08-18,"21:29:54"
12100,4365,391,2,2005-08-17,"22:41:10",2005-08-24,"21:31:10"
12101,1556,479,1,2006-02-14,"15:16:03",,
12102,4268,392,2,2005-08-17,"22:45:26",2005-08-24,"01:47:26"
12103,4363,153,1,2005-08-17,"22:49:09",2005-08-24,"21:53:09"
12104,4551,16,1,2005-08-17,"22:53:00",2005-08-23,"19:49:00"
12105,2848,390,2,2005-08-17,"22:54:45",2005-08-21,"00:33:45"
12106,3234,465,2,2005-08-17,"22:55:32",2005-08-19,"23:55:32"
12107,1060,141,1,2005-08-17,"22:56:24",2005-08-24,"19:36:24"
12108,1675,207,1,2005-08-17,"22:56:39",2005-08-26,"19:37:39"
12109,1423,509,2,2005-08-17,"22:58:35",2005-08-25,"19:44:35"
12110,2984,511,1,2005-08-17,"22:59:46",2005-08-23,"17:51:46"
12111,2905,317,2,2005-08-17,"22:59:55",2005-08-22,"19:33:55"
12112,4290,576,1,2005-08-17,"23:00:31",2005-08-25,"02:05:31"
12113,2707,393,2,2005-08-17,"23:01:00",2005-08-25,"03:57:00"
12114,1405,65,1,2005-08-17,"23:02:00",2005-08-26,"18:02:00"
12115,1228,457,2,2005-08-17,"23:04:15",2005-08-20,"22:25:15"
12116,3082,560,2,2006-02-14,"15:16:03",,
12117,4140,303,1,2005-08-17,"23:11:12",2005-08-22,"23:56:12"
12118,158,89,1,2005-08-17,"23:14:25",2005-08-26,"22:26:25"
12119,4298,567,2,2005-08-17,"23:16:44",2005-08-20,"02:13:44"
12120,2912,323,2,2005-08-17,"23:16:46",2005-08-19,"00:11:46"
12121,3423,69,2,2005-08-17,"23:20:40",2005-08-22,"21:30:40"
12122,4030,375,2,2005-08-17,"23:20:45",2005-08-25,"04:23:45"
12123,361,497,2,2005-08-17,"23:22:18",2005-08-19,"23:36:18"
12124,2036,22,1,2005-08-17,"23:22:46",2005-08-21,"01:40:46"
12125,136,573,2,2005-08-17,"23:24:25",2005-08-25,"03:08:25"
12126,2304,302,1,2005-08-17,"23:25:21",2005-08-23,"21:51:21"
12127,4218,582,2,2006-02-14,"15:16:03",,
12128,2252,415,2,2005-08-17,"23:31:09",2005-08-24,"05:07:09"
12129,891,146,2,2005-08-17,"23:31:25",2005-08-26,"19:10:25"
12130,1358,516,2,2006-02-14,"15:16:03",,
12131,3380,21,1,2005-08-17,"23:34:16",2005-08-26,"01:18:16"
12132,2600,403,2,2005-08-17,"23:37:03",2005-08-22,"04:53:03"
12133,1958,132,2,2005-08-17,"23:47:16",2005-08-19,"03:46:16"
12134,2682,288,1,2005-08-17,"23:49:43",2005-08-21,"21:00:43"
12135,1019,381,2,2005-08-17,"23:50:24",2005-08-23,"18:01:24"
12136,3944,527,1,2005-08-17,"23:51:30",2005-08-23,"01:35:30"
12137,3632,109,1,2005-08-17,"23:52:26",2005-08-27,"00:19:26"
12138,388,317,1,2005-08-17,"23:55:54",2005-08-26,"23:32:54"
12139,1537,342,1,2005-08-17,"23:57:13",2005-08-24,"19:13:13"
12140,322,408,2,2005-08-17,"23:57:55",2005-08-21,"20:09:55"
12141,731,101,1,2006-02-14,"15:16:03",,
12142,3748,373,2,2005-08-18,"00:04:12",2005-08-24,"01:24:12"
12143,2876,117,2,2005-08-18,"00:06:26",2005-08-24,"02:45:26"
12144,512,587,1,2006-02-14,"15:16:03",,
12145,3482,5,1,2005-08-18,"00:10:04",2005-08-26,"00:51:04"
12146,3833,434,2,2005-08-18,"00:10:04",2005-08-25,"19:18:04"
12147,705,41,2,2005-08-18,"00:10:20",2005-08-23,"20:36:20"
12148,2409,254,2,2005-08-18,"00:13:15",2005-08-20,"01:27:15"
12149,3696,277,1,2005-08-18,"00:13:51",2005-08-26,"19:47:51"
12150,3781,555,2,2005-08-18,"00:13:55",2005-08-20,"23:35:55"
12151,1976,4,2,2005-08-18,"00:14:03",2005-08-18,"23:52:03"
12152,2797,367,1,2005-08-18,"00:21:35",2005-08-22,"02:51:35"
12153,3929,387,2,2005-08-18,"00:22:30",2005-08-23,"04:13:30"
12154,2491,163,2,2005-08-18,"00:23:56",2005-08-21,"00:31:56"
12155,2065,315,2,2005-08-18,"00:24:30",2005-08-18,"19:12:30"
12156,3270,212,1,2005-08-18,"00:27:33",2005-08-26,"01:43:33"
12157,2311,569,1,2005-08-18,"00:33:45",2005-08-22,"19:33:45"
12158,4121,289,2,2005-08-18,"00:34:20",2005-08-22,"20:10:20"
12159,2243,106,1,2005-08-18,"00:36:09",2005-08-27,"06:31:09"
12160,1328,481,1,2005-08-18,"00:37:59",2005-08-19,"20:51:59"
12161,2420,444,2,2005-08-18,"00:41:46",2005-08-26,"22:59:46"
12162,2697,284,1,2005-08-18,"00:44:30",2005-08-25,"03:34:30"
12163,1349,455,1,2005-08-18,"00:46:01",2005-08-22,"06:16:01"
12164,3849,587,2,2005-08-18,"00:46:38",2005-08-19,"04:38:38"
12165,4215,24,2,2005-08-18,"00:53:37",2005-08-27,"00:09:37"
12166,3627,184,2,2005-08-18,"00:57:06",2005-08-26,"03:13:06"
12167,3085,338,2,2005-08-18,"01:00:02",2005-08-21,"00:04:02"
12168,2859,535,1,2005-08-18,"01:03:52",2005-08-18,"20:19:52"
12169,2281,323,2,2005-08-18,"01:05:54",2005-08-24,"02:16:54"
12170,1125,289,2,2005-08-18,"01:06:10",2005-08-25,"02:40:10"
12171,454,457,2,2005-08-18,"01:06:13",2005-08-22,"19:39:13"
12172,1162,226,2,2005-08-18,"01:07:00",2005-08-22,"21:01:00"
12173,2830,41,1,2005-08-18,"01:08:34",2005-08-24,"20:52:34"
12174,1458,101,1,2005-08-18,"01:08:53",2005-08-20,"03:28:53"
12175,4558,328,2,2005-08-18,"01:10:17",2005-08-19,"05:25:17"
12176,3873,255,2,2005-08-18,"01:10:33",2005-08-24,"02:45:33"
12177,522,470,2,2005-08-18,"01:15:47",2005-08-24,"23:23:47"
12178,1152,276,1,2005-08-18,"01:17:32",2005-08-25,"19:32:32"
12179,1499,222,1,2005-08-18,"01:21:21",2005-08-19,"00:59:21"
12180,2276,20,2,2005-08-18,"01:28:15",2005-08-20,"20:52:15"
12181,532,81,2,2005-08-18,"01:28:18",2005-08-23,"21:17:18"
12182,296,555,1,2005-08-18,"01:30:19",2005-08-21,"05:52:19"
12183,3153,344,1,2005-08-18,"01:34:13",2005-08-24,"04:38:13"
12184,1723,51,1,2005-08-18,"01:36:00",2005-08-21,"01:59:00"
12185,1558,588,1,2005-08-18,"01:40:14",2005-08-25,"05:04:14"
12186,1342,312,1,2005-08-18,"01:43:36",2005-08-23,"07:13:36"
12187,3360,38,1,2005-08-18,"01:45:50",2005-08-22,"20:12:50"
12188,2989,456,1,2005-08-18,"01:51:43",2005-08-18,"22:23:43"
12189,1764,363,1,2005-08-18,"01:51:44",2005-08-26,"01:01:44"
12190,2464,28,1,2005-08-18,"01:54:44",2005-08-27,"04:32:44"
12191,2667,316,2,2005-08-18,"01:57:11",2005-08-22,"22:53:11"
12192,3450,270,1,2005-08-18,"02:01:40",2005-08-21,"05:45:40"
12193,1086,290,2,2005-08-18,"02:03:59",2005-08-25,"05:32:59"
12194,292,558,2,2005-08-18,"02:04:47",2005-08-25,"20:45:47"
12195,943,347,2,2005-08-18,"02:07:49",2005-08-19,"23:54:49"
12196,4302,111,1,2005-08-18,"02:08:48",2005-08-26,"00:39:48"
12197,3687,564,2,2005-08-18,"02:08:58",2005-08-26,"21:54:58"
12198,1628,86,2,2005-08-18,"02:09:20",2005-08-21,"21:28:20"
12199,424,96,1,2005-08-18,"02:09:23",2005-08-22,"20:33:23"
12200,840,52,2,2005-08-18,"02:12:33",2005-08-18,"20:47:33"
12201,3676,540,1,2005-08-18,"02:14:06",2005-08-23,"04:44:06"
12202,672,563,1,2005-08-18,"02:14:08",2005-08-24,"04:35:08"
12203,4228,591,1,2005-08-18,"02:18:52",2005-08-22,"21:01:52"
12204,304,575,2,2005-08-18,"02:20:35",2005-08-26,"01:27:35"
12205,774,437,2,2005-08-18,"02:21:08",2005-08-27,"00:08:08"
12206,3275,254,1,2005-08-18,"02:22:20",2005-08-23,"05:36:20"
12207,3745,265,1,2005-08-18,"02:24:07",2005-08-22,"07:53:07"
12208,2039,551,2,2005-08-18,"02:25:25",2005-08-20,"04:53:25"
12209,279,243,2,2005-08-18,"02:27:20",2005-08-21,"00:41:20"
12210,3035,217,2,2005-08-18,"02:27:29",2005-08-20,"23:32:29"
12211,1484,19,1,2005-08-18,"02:31:18",2005-08-26,"02:36:18"
12212,3898,449,2,2005-08-18,"02:33:29",2005-08-25,"07:10:29"
12213,4058,157,1,2005-08-18,"02:33:55",2005-08-24,"03:14:55"
12214,2094,231,2,2005-08-18,"02:34:22",2005-08-21,"07:48:22"
12215,4095,47,1,2005-08-18,"02:35:39",2005-08-24,"00:36:39"
12216,4139,131,2,2005-08-18,"02:37:07",2005-08-19,"02:09:07"
12217,2556,105,1,2005-08-18,"02:44:44",2005-08-24,"03:27:44"
12218,1933,70,2,2005-08-18,"02:48:14",2005-08-21,"01:52:14"
12219,2249,271,1,2005-08-18,"02:49:54",2005-08-23,"07:52:54"
12220,982,530,1,2005-08-18,"02:50:02",2005-08-22,"00:20:02"
12221,2488,98,2,2005-08-18,"02:50:51",2005-08-27,"06:22:51"
12222,3949,22,1,2006-02-14,"15:16:03",,
12223,4142,397,2,2005-08-18,"02:58:40",2005-08-23,"23:30:40"
12224,1781,372,1,2005-08-18,"02:59:09",2005-08-19,"06:22:09"
12225,1876,306,1,2005-08-18,"03:00:11",2005-08-24,"05:01:11"
12226,682,234,2,2005-08-18,"03:00:48",2005-08-25,"00:43:48"
12227,3671,591,2,2005-08-18,"03:04:28",2005-08-21,"08:52:28"
12228,2772,9,1,2005-08-18,"03:08:10",2005-08-20,"02:48:10"
12229,1123,382,1,2005-08-18,"03:08:23",2005-08-22,"03:42:23"
12230,1910,231,1,2005-08-18,"03:11:04",2005-08-27,"04:06:04"
12231,1115,231,1,2005-08-18,"03:11:44",2005-08-24,"03:26:44"
12232,2399,87,2,2005-08-18,"03:14:14",2005-08-19,"05:44:14"
12233,174,535,2,2005-08-18,"03:16:54",2005-08-22,"04:48:54"
12234,3823,352,2,2005-08-18,"03:17:33",2005-08-25,"04:44:33"
12235,957,595,1,2005-08-18,"03:17:50",2005-08-20,"02:49:50"
12236,1190,474,2,2005-08-18,"03:19:29",2005-08-23,"07:39:29"
12237,4422,381,1,2005-08-18,"03:24:38",2005-08-25,"09:05:38"
12238,4043,46,2,2005-08-18,"03:25:08",2005-08-20,"02:41:08"
12239,1948,75,1,2005-08-18,"03:26:42",2005-08-24,"23:48:42"
12240,1168,30,2,2005-08-18,"03:27:11",2005-08-26,"04:34:11"
12241,1261,248,2,2005-08-18,"03:33:17",2005-08-21,"03:13:17"
12242,2095,121,1,2005-08-18,"03:37:31",2005-08-25,"06:50:31"
12243,1829,354,2,2005-08-18,"03:38:54",2005-08-27,"06:56:54"
12244,4441,362,2,2005-08-18,"03:39:11",2005-08-21,"02:57:11"
12245,2960,576,2,2005-08-18,"03:46:40",2005-08-24,"22:27:40"
12246,3199,258,1,2005-08-18,"03:48:41",2005-08-25,"05:12:41"
12247,2264,254,2,2005-08-18,"03:51:51",2005-08-24,"05:36:51"
12248,2120,562,1,2005-08-18,"03:53:18",2005-08-22,"04:53:18"
12249,3586,135,1,2005-08-18,"03:53:34",2005-08-21,"01:14:34"
12250,921,1,1,2005-08-18,"03:57:29",2005-08-22,"23:05:29"
12251,3044,276,1,2005-08-18,"03:59:02",2005-08-19,"02:38:02"
12252,127,350,2,2005-08-18,"03:59:51",2005-08-25,"08:54:51"
12253,566,446,1,2005-08-18,"04:00:50",2005-08-19,"04:43:50"
12254,2858,6,1,2005-08-18,"04:05:29",2005-08-23,"04:17:29"
12255,2100,266,1,2005-08-18,"04:07:20",2005-08-21,"22:19:20"
12256,2975,572,2,2005-08-18,"04:09:39",2005-08-22,"01:53:39"
12257,269,87,2,2005-08-18,"04:11:03",2005-08-25,"01:20:03"
12258,2861,83,2,2005-08-18,"04:11:13",2005-08-21,"23:40:13"
12259,2904,429,2,2005-08-18,"04:14:35",2005-08-18,"22:30:35"
12260,1352,150,1,2005-08-18,"04:15:43",2005-08-26,"23:31:43"
12261,4076,485,1,2005-08-18,"04:16:06",2005-08-27,"08:04:06"
12262,591,125,1,2005-08-18,"04:16:15",2005-08-20,"09:16:15"
12263,4053,131,1,2005-08-18,"04:16:18",2005-08-21,"07:22:18"
12264,3073,87,1,2005-08-18,"04:17:33",2005-08-26,"08:07:33"
12265,537,247,1,2005-08-18,"04:22:01",2005-08-20,"03:22:01"
12266,2192,467,2,2005-08-18,"04:22:31",2005-08-19,"04:25:31"
12267,652,388,2,2005-08-18,"04:24:30",2005-08-26,"03:01:30"
12268,93,39,2,2005-08-18,"04:26:54",2005-08-23,"06:40:54"
12269,724,573,1,2005-08-18,"04:27:54",2005-08-25,"07:03:54"
12270,2456,190,2,2005-08-18,"04:32:05",2005-08-21,"01:37:05"
12271,3866,471,1,2005-08-18,"04:33:11",2005-08-20,"23:10:11"
12272,1964,15,1,2005-08-18,"04:39:10",2005-08-24,"09:41:10"
12273,3539,431,2,2005-08-18,"04:40:50",2005-08-25,"01:44:50"
12274,265,47,1,2005-08-18,"04:41:47",2005-08-27,"07:00:47"
12275,1474,507,1,2005-08-18,"04:42:02",2005-08-25,"00:50:02"
12276,4491,397,2,2005-08-18,"04:43:22",2005-08-22,"01:49:22"
12277,407,33,2,2006-02-14,"15:16:03",,
12278,3205,294,2,2005-08-18,"04:46:45",2005-08-24,"08:59:45"
12279,4159,421,2,2005-08-18,"04:47:30",2005-08-19,"09:47:30"
12280,4032,46,2,2005-08-18,"04:49:27",2005-08-21,"03:39:27"
12281,4576,417,2,2005-08-18,"04:50:32",2005-08-21,"00:14:32"
12282,3623,173,2,2005-08-18,"04:54:20",2005-08-23,"05:28:20"
12283,574,240,1,2005-08-18,"04:54:25",2005-08-23,"04:02:25"
12284,3162,147,2,2005-08-18,"04:55:49",2005-08-22,"08:45:49"
12285,3531,215,2,2005-08-18,"04:56:43",2005-08-19,"23:32:43"
12286,3729,34,2,2005-08-18,"04:57:59",2005-08-18,"23:20:59"
12287,2238,136,1,2005-08-18,"04:58:06",2005-08-24,"00:06:06"
12288,4401,523,2,2005-08-18,"05:01:20",2005-08-25,"09:51:20"
12289,443,575,1,2005-08-18,"05:05:28",2005-08-26,"09:02:28"
12290,4100,283,2,2005-08-18,"05:08:03",2005-08-23,"08:10:03"
12291,4270,73,1,2005-08-18,"05:08:37",2005-08-23,"09:01:37"
12292,1417,58,1,2005-08-18,"05:08:54",2005-08-27,"02:51:54"
12293,614,514,2,2005-08-18,"05:13:36",2005-08-25,"04:00:36"
12294,2479,4,2,2005-08-18,"05:14:44",2005-08-27,"01:32:44"
12295,1651,532,2,2005-08-18,"05:15:46",2005-08-26,"02:23:46"
12296,2091,258,1,2005-08-18,"05:16:28",2005-08-22,"10:32:28"
12297,903,436,1,2005-08-18,"05:19:57",2005-08-21,"00:53:57"
12298,904,46,1,2005-08-18,"05:30:31",2005-08-27,"07:33:31"
12299,892,176,2,2005-08-18,"05:32:32",2005-08-22,"08:14:32"
12300,3213,540,2,2005-08-18,"05:36:14",2005-08-25,"00:20:14"
12301,2293,317,1,2005-08-18,"05:36:20",2005-08-23,"03:15:20"
12302,765,514,1,2005-08-18,"05:41:39",2005-08-22,"06:02:39"
12303,1604,245,2,2005-08-18,"05:43:22",2005-08-27,"08:54:22"
12304,1381,228,1,2005-08-18,"05:44:29",2005-08-24,"04:31:29"
12305,4463,534,2,2005-08-18,"05:46:29",2005-08-22,"11:14:29"
12306,3853,541,1,2005-08-18,"05:47:55",2005-08-21,"01:56:55"
12307,2679,187,1,2005-08-18,"05:48:23",2005-08-26,"02:32:23"
12308,2877,569,1,2005-08-18,"05:48:53",2005-08-22,"09:03:53"
12309,762,9,2,2005-08-18,"05:58:40",2005-08-20,"02:20:40"
12310,3814,385,2,2005-08-18,"06:02:34",2005-08-24,"01:08:34"
12311,1650,211,2,2005-08-18,"06:07:00",2005-08-21,"07:54:00"
12312,80,185,2,2005-08-18,"06:07:26",2005-08-21,"02:07:26"
12313,2053,180,1,2005-08-18,"06:07:31",2005-08-27,"00:20:31"
12314,2204,455,1,2005-08-18,"06:10:02",2005-08-25,"02:48:02"
12315,2012,579,2,2005-08-18,"06:15:06",2005-08-24,"07:45:06"
12316,4325,94,2,2005-08-18,"06:16:09",2005-08-27,"05:54:09"
12317,90,510,1,2005-08-18,"06:17:06",2005-08-22,"08:56:06"
12318,3694,332,1,2005-08-18,"06:21:56",2005-08-27,"06:07:56"
12319,999,368,1,2005-08-18,"06:26:45",2005-08-23,"01:35:45"
12320,3248,267,1,2005-08-18,"06:26:51",2005-08-20,"04:00:51"
12321,516,274,1,2005-08-18,"06:27:05",2005-08-24,"02:26:05"
12322,4235,365,1,2005-08-18,"06:35:28",2005-08-23,"07:34:28"
12323,4107,336,1,2005-08-18,"06:36:22",2005-08-26,"11:36:22"
12324,2436,221,2,2005-08-18,"06:38:20",2005-08-20,"02:28:20"
12325,1844,404,1,2005-08-18,"06:41:30",2005-08-26,"02:49:30"
12326,1865,114,2,2005-08-18,"06:41:59",2005-08-19,"10:16:59"
12327,2425,261,2,2005-08-18,"06:43:22",2005-08-25,"10:50:22"
12328,1355,77,2,2005-08-18,"06:43:56",2005-08-23,"10:19:56"
12329,3127,397,1,2005-08-18,"06:44:30",2005-08-25,"04:05:30"
12330,889,587,2,2005-08-18,"06:46:33",2005-08-26,"11:35:33"
12331,4565,483,2,2005-08-18,"06:47:19",2005-08-25,"05:51:19"
12332,627,235,2,2005-08-18,"06:51:05",2005-08-20,"04:28:05"
12333,4370,18,2,2005-08-18,"06:51:39",2005-08-21,"01:44:39"
12334,2629,160,1,2005-08-18,"06:52:36",2005-08-25,"12:06:36"
12335,2776,150,1,2005-08-18,"06:59:15",2005-08-20,"06:47:15"
12336,2484,75,1,2005-08-18,"06:59:41",2005-08-23,"01:36:41"
12337,4221,117,1,2005-08-18,"07:02:24",2005-08-20,"10:11:24"
12338,274,408,2,2005-08-18,"07:04:24",2005-08-19,"08:36:24"
12339,1600,370,2,2005-08-18,"07:05:06",2005-08-19,"02:27:06"
12340,3561,239,1,2005-08-18,"07:07:01",2005-08-20,"05:06:01"
12341,130,154,1,2005-08-18,"07:09:27",2005-08-21,"03:44:27"
12342,1408,63,1,2005-08-18,"07:12:46",2005-08-21,"07:44:46"
12343,448,507,1,2005-08-18,"07:15:13",2005-08-27,"11:07:13"
12344,3675,269,2,2005-08-18,"07:15:19",2005-08-24,"04:58:19"
12345,2359,44,1,2005-08-18,"07:16:58",2005-08-25,"05:50:58"
12346,1200,265,2,2005-08-18,"07:17:55",2005-08-21,"11:35:55"
12347,1788,454,1,2005-08-18,"07:18:10",2005-08-19,"05:49:10"
12348,434,186,2,2005-08-18,"07:21:47",2005-08-25,"04:41:47"
12349,4191,545,1,2005-08-18,"07:23:42",2005-08-19,"04:25:42"
12350,1333,172,1,2005-08-18,"07:29:46",2005-08-21,"12:50:46"
12351,2299,95,2,2005-08-18,"07:32:12",2005-08-24,"04:29:12"
12352,643,155,1,2006-02-14,"15:16:03",,
12353,1594,141,2,2005-08-18,"07:33:08",2005-08-21,"03:42:08"
12354,2913,499,1,2005-08-18,"07:34:07",2005-08-26,"05:56:07"
12355,4112,452,1,2005-08-18,"07:36:23",2005-08-20,"08:59:23"
12356,493,529,1,2005-08-18,"07:37:05",2005-08-24,"10:49:05"
12357,166,19,1,2005-08-18,"07:40:52",2005-08-22,"02:51:52"
12358,504,16,1,2005-08-18,"07:41:43",2005-08-20,"03:46:43"
12359,4172,28,1,2005-08-18,"07:44:05",2005-08-19,"02:26:05"
12360,929,123,1,2005-08-18,"07:46:35",2005-08-26,"12:01:35"
12361,1418,250,2,2005-08-18,"07:47:31",2005-08-22,"12:08:31"
12362,3131,367,2,2005-08-18,"07:48:05",2005-08-20,"05:16:05"
12363,3447,181,2,2005-08-18,"07:52:49",2005-08-26,"03:20:49"
12364,3398,84,2,2005-08-18,"07:55:09",2005-08-19,"05:29:09"
12365,4350,303,1,2005-08-18,"07:55:09",2005-08-24,"05:42:09"
12366,3799,115,1,2005-08-18,"07:55:14",2005-08-22,"06:12:14"
12367,1822,7,2,2005-08-18,"07:57:14",2005-08-27,"07:07:14"
12368,3777,392,2,2005-08-18,"07:57:38",2005-08-25,"05:49:38"
12369,484,337,1,2005-08-18,"07:57:43",2005-08-26,"09:36:43"
12370,3343,503,1,2005-08-18,"07:57:47",2005-08-22,"11:32:47"
12371,622,451,2,2005-08-18,"08:02:46",2005-08-19,"02:50:46"
12372,2982,131,2,2005-08-18,"08:04:35",2005-08-27,"08:13:35"
12373,777,367,1,2005-08-18,"08:07:25",2005-08-27,"03:41:25"
12374,939,74,2,2005-08-18,"08:07:45",2005-08-26,"10:42:45"
12375,3508,365,2,2005-08-18,"08:20:08",2005-08-21,"08:50:08"
12376,852,116,1,2005-08-18,"08:20:29",2005-08-20,"13:20:29"
12377,4564,31,2,2005-08-18,"08:26:05",2005-08-23,"02:51:05"
12378,4418,266,1,2005-08-18,"08:26:13",2005-08-19,"07:21:13"
12379,2879,99,2,2005-08-18,"08:26:48",2005-08-19,"10:08:48"
12380,55,215,2,2005-08-18,"08:27:28",2005-08-25,"02:58:28"
12381,3651,190,2,2005-08-18,"08:31:43",2005-08-23,"12:24:43"
12382,3049,566,2,2005-08-18,"08:32:33",2005-08-26,"03:45:33"
12383,1641,295,2,2005-08-18,"08:36:03",2005-08-23,"03:30:03"
12384,2557,193,1,2005-08-18,"08:36:58",2005-08-23,"05:08:58"
12385,3143,146,1,2005-08-18,"08:39:33",2005-08-21,"14:22:33"
12386,3303,199,2,2005-08-18,"08:45:57",2005-08-24,"04:50:57"
12387,3604,530,2,2005-08-18,"08:46:24",2005-08-21,"02:56:24"
12388,4016,555,2,2005-08-18,"08:48:09",2005-08-26,"09:05:09"
12389,1891,394,2,2005-08-18,"08:48:36",2005-08-22,"08:59:36"
12390,3603,377,1,2005-08-18,"08:51:42",2005-08-23,"13:06:42"
12391,1507,307,2,2005-08-18,"08:52:53",2005-08-22,"12:15:53"
12392,2695,113,2,2005-08-18,"08:57:58",2005-08-25,"05:20:58"
12393,2435,396,1,2005-08-18,"09:02:41",2005-08-26,"12:47:41"
12394,3605,330,1,2005-08-18,"09:05:15",2005-08-23,"11:10:15"
12395,2020,541,2,2005-08-18,"09:06:30",2005-08-21,"12:09:30"
12396,3624,40,2,2005-08-18,"09:11:23",2005-08-26,"05:35:23"
12397,1872,371,2,2005-08-18,"09:12:52",2005-08-27,"10:44:52"
12398,4247,321,1,2005-08-18,"09:13:24",2005-08-27,"14:58:24"
12399,3950,347,1,2005-08-18,"09:13:42",2005-08-27,"11:44:42"
12400,1767,10,1,2005-08-18,"09:19:12",2005-08-26,"06:52:12"
12401,4314,479,2,2005-08-18,"09:20:51",2005-08-21,"05:50:51"
12402,385,123,2,2005-08-18,"09:27:34",2005-08-25,"13:10:34"
12403,2124,440,2,2005-08-18,"09:31:05",2005-08-23,"09:54:05"
12404,1097,342,2,2005-08-18,"09:36:34",2005-08-23,"10:12:34"
12405,228,266,2,2005-08-18,"09:37:30",2005-08-27,"13:11:30"
12406,4368,510,1,2005-08-18,"09:38:02",2005-08-22,"12:56:02"
12407,391,220,2,2005-08-18,"09:39:26",2005-08-24,"05:19:26"
12408,2360,143,1,2005-08-18,"09:40:38",2005-08-19,"04:45:38"
12409,2568,64,2,2005-08-18,"09:43:58",2005-08-19,"15:02:58"
12410,1904,210,1,2005-08-18,"09:45:33",2005-08-27,"08:50:33"
12411,1234,181,2,2005-08-18,"09:47:57",2005-08-21,"05:54:57"
12412,1578,75,2,2005-08-18,"09:49:52",2005-08-23,"12:32:52"
12413,3466,366,2,2005-08-18,"09:50:34",2005-08-23,"05:57:34"
12414,4454,32,2,2005-08-18,"09:50:40",2005-08-26,"06:45:40"
12415,392,443,1,2005-08-18,"09:54:01",2005-08-24,"15:41:01"
12416,3784,515,1,2005-08-18,"09:56:48",2005-08-22,"12:34:48"
12417,3500,71,1,2005-08-18,"09:57:00",2005-08-19,"08:56:00"
12418,4186,241,2,2005-08-18,"09:59:36",2005-08-19,"11:35:36"
12419,3111,133,1,2005-08-18,"10:01:48",2005-08-19,"13:40:48"
12420,452,477,1,2005-08-18,"10:01:50",2005-08-22,"08:14:50"
12421,4067,158,2,2005-08-18,"10:04:06",2005-08-24,"08:45:06"
12422,1855,451,2,2005-08-18,"10:13:12",2005-08-20,"14:36:12"
12423,1014,470,2,2005-08-18,"10:14:52",2005-08-26,"13:16:52"
12424,2055,319,1,2005-08-18,"10:16:57",2005-08-27,"04:41:57"
12425,2000,405,2,2005-08-18,"10:18:06",2005-08-27,"08:16:06"
12426,799,75,2,2005-08-18,"10:24:11",2005-08-22,"15:34:11"
12427,1759,333,1,2005-08-18,"10:24:17",2005-08-27,"14:22:17"
12428,3735,121,1,2005-08-18,"10:24:21",2005-08-24,"05:12:21"
12429,2994,436,1,2005-08-18,"10:26:46",2005-08-27,"13:23:46"
12430,2840,196,1,2005-08-18,"10:32:41",2005-08-22,"16:16:41"
12431,4461,89,1,2005-08-18,"10:34:59",2005-08-22,"14:42:59"
12432,2543,263,2,2005-08-18,"10:35:13",2005-08-26,"08:20:13"
12433,1776,552,1,2005-08-18,"10:37:49",2005-08-19,"08:00:49"
12434,3078,314,2,2005-08-18,"10:38:08",2005-08-22,"16:14:08"
12435,3211,160,1,2005-08-18,"10:38:31",2005-08-26,"15:18:31"
12436,3761,499,2,2005-08-18,"10:41:05",2005-08-23,"07:36:05"
12437,4036,467,2,2005-08-18,"10:42:43",2005-08-26,"11:58:43"
12438,2043,186,1,2005-08-18,"10:42:52",2005-08-25,"11:42:52"
12439,3204,153,1,2005-08-18,"10:44:57",2005-08-22,"06:51:57"
12440,2779,474,2,2005-08-18,"10:47:35",2005-08-21,"11:10:35"
12441,2163,561,2,2005-08-18,"10:47:57",2005-08-26,"07:11:57"
12442,78,270,1,2005-08-18,"10:50:07",2005-08-21,"08:06:07"
12443,2048,233,2,2005-08-18,"10:50:59",2005-08-26,"07:48:59"
12444,1639,285,2,2005-08-18,"10:53:12",2005-08-19,"13:54:12"
12445,3347,350,1,2005-08-18,"10:56:20",2005-08-21,"16:46:20"
12446,2138,448,1,2005-08-18,"10:56:29",2005-08-23,"05:30:29"
12447,4084,469,1,2005-08-18,"10:57:01",2005-08-27,"06:05:01"
12448,3889,72,2,2005-08-18,"10:59:04",2005-08-21,"06:45:04"
12449,663,285,1,2005-08-18,"11:03:04",2005-08-19,"07:34:04"
12450,3439,518,1,2005-08-18,"11:04:04",2005-08-22,"07:24:04"
12451,2780,183,1,2005-08-18,"11:04:42",2005-08-20,"08:20:42"
12452,4260,358,1,2005-08-18,"11:14:35",2005-08-27,"09:09:35"
12453,2487,104,1,2005-08-18,"11:17:07",2005-08-25,"12:34:07"
12454,4219,184,2,2005-08-18,"11:19:02",2005-08-19,"12:00:02"
12455,4478,46,2,2005-08-18,"11:19:47",2005-08-22,"16:08:47"
12456,4578,85,1,2005-08-18,"11:21:51",2005-08-21,"13:28:51"
12457,2145,80,2,2006-02-14,"15:16:03",,
12458,4579,277,2,2005-08-18,"11:22:53",2005-08-22,"14:30:53"
12459,421,39,1,2005-08-18,"11:25:11",2005-08-22,"06:13:11"
12460,3550,419,2,2005-08-18,"11:25:13",2005-08-27,"06:27:13"
12461,1569,27,1,2005-08-18,"11:28:14",2005-08-21,"09:47:14"
12462,890,574,2,2005-08-18,"11:28:55",2005-08-20,"12:06:55"
12463,30,214,1,2005-08-18,"11:31:34",2005-08-23,"12:04:34"
12464,1954,157,1,2005-08-18,"11:33:34",2005-08-27,"14:33:34"
12465,1733,486,2,2005-08-18,"11:35:02",2005-08-21,"11:52:02"
12466,2686,462,1,2005-08-18,"11:36:55",2005-08-23,"13:46:55"
12467,1414,212,2,2005-08-18,"11:40:09",2005-08-19,"13:33:09"
12468,1689,80,2,2005-08-18,"11:41:47",2005-08-24,"16:43:47"
12469,2395,237,1,2005-08-18,"11:53:07",2005-08-24,"16:00:07"
12470,1290,82,2,2005-08-18,"11:55:42",2005-08-24,"08:27:42"
12471,242,101,2,2005-08-18,"11:57:00",2005-08-26,"13:17:00"
12472,4458,297,2,2005-08-18,"11:58:48",2005-08-27,"16:37:48"
12473,1237,303,1,2005-08-18,"11:59:44",2005-08-21,"13:38:44"
12474,2240,78,1,2005-08-18,"12:10:03",2005-08-27,"17:05:03"
12475,3118,401,2,2005-08-18,"12:14:21",2005-08-24,"14:43:21"
12476,2784,122,2,2005-08-18,"12:22:40",2005-08-20,"17:29:40"
12477,4516,74,2,2005-08-18,"12:25:01",2005-08-25,"17:25:01"
12478,4512,42,2,2005-08-18,"12:25:16",2005-08-22,"06:27:16"
12479,1119,401,2,2005-08-18,"12:26:37",2005-08-21,"18:08:37"
12480,3339,446,1,2005-08-18,"12:26:43",2005-08-26,"13:23:43"
12481,2424,218,2,2005-08-18,"12:31:34",2005-08-21,"16:08:34"
12482,3778,247,1,2005-08-18,"12:37:36",2005-08-26,"09:53:36"
12483,1805,488,1,2005-08-18,"12:38:37",2005-08-24,"13:26:37"
12484,3690,300,2,2005-08-18,"12:39:37",2005-08-24,"08:47:37"
12485,422,345,2,2005-08-18,"12:41:41",2005-08-22,"16:38:41"
12486,2991,515,2,2005-08-18,"12:42:50",2005-08-27,"13:41:50"
12487,2554,485,1,2005-08-18,"12:45:24",2005-08-22,"12:39:24"
12488,3323,29,1,2005-08-18,"12:48:22",2005-08-19,"16:19:22"
12489,387,60,2,2006-02-14,"15:16:03",,
12490,1577,187,1,2005-08-18,"12:48:45",2005-08-27,"15:53:45"
12491,2354,247,2,2005-08-18,"12:48:45",2005-08-22,"12:40:45"
12492,2839,224,1,2005-08-18,"12:49:04",2005-08-26,"17:55:04"
12493,3029,487,2,2005-08-18,"12:53:38",2005-08-27,"13:15:38"
12494,3845,522,1,2005-08-18,"12:53:49",2005-08-26,"15:52:49"
12495,1225,102,1,2005-08-18,"12:56:37",2005-08-22,"06:58:37"
12496,456,489,2,2005-08-18,"12:58:25",2005-08-27,"18:43:25"
12497,824,388,1,2005-08-18,"12:58:40",2005-08-24,"08:24:40"
12498,1063,408,1,2005-08-18,"13:01:08",2005-08-21,"13:12:08"
12499,2611,42,1,2005-08-18,"13:05:37",2005-08-19,"07:41:37"
12500,36,310,2,2005-08-18,"13:05:51",2005-08-19,"14:54:51"
12501,728,173,2,2005-08-18,"13:13:13",2005-08-23,"07:24:13"
12502,2153,235,1,2005-08-18,"13:16:31",2005-08-19,"17:47:31"
12503,3548,379,2,2005-08-18,"13:16:46",2005-08-19,"10:24:46"
12504,4429,44,2,2005-08-18,"13:17:07",2005-08-24,"09:13:07"
12505,3741,406,1,2005-08-18,"13:17:30",2005-08-23,"18:03:30"
12506,1132,114,2,2006-02-14,"15:16:03",,
12507,199,584,2,2005-08-18,"13:19:13",2005-08-27,"11:48:13"
12508,1059,29,1,2005-08-18,"13:20:13",2005-08-22,"12:55:13"
12509,2462,175,2,2005-08-18,"13:21:52",2005-08-20,"12:14:52"
12510,3051,394,2,2005-08-18,"13:22:25",2005-08-27,"17:38:25"
12511,919,447,2,2005-08-18,"13:23:19",2005-08-22,"11:43:19"
12512,3959,148,2,2005-08-18,"13:28:27",2005-08-26,"19:08:27"
12513,29,527,1,2005-08-18,"13:31:45",2005-08-25,"08:26:45"
12514,3310,400,2,2005-08-18,"13:33:55",2005-08-23,"12:50:55"
12515,2703,63,1,2005-08-18,"13:39:26",2005-08-22,"09:05:26"
12516,1332,302,1,2005-08-18,"13:39:53",2005-08-20,"08:33:53"
12517,2908,520,1,2005-08-18,"13:40:20",2005-08-27,"14:04:20"
12518,3860,264,1,2005-08-18,"13:41:32",2005-08-23,"13:01:32"
12519,2394,203,1,2005-08-18,"13:42:14",2005-08-24,"16:44:14"
12520,681,52,2,2005-08-18,"13:42:45",2005-08-23,"12:54:45"
12521,1022,369,1,2005-08-18,"13:43:07",2005-08-21,"07:53:07"
12522,4435,342,1,2005-08-18,"13:45:40",2005-08-27,"17:05:40"
12523,888,230,1,2005-08-18,"13:45:41",2005-08-27,"10:46:41"
12524,857,438,1,2006-02-14,"15:16:03",,
12525,2357,96,2,2005-08-18,"13:48:31",2005-08-23,"13:04:31"
12526,3541,54,1,2005-08-18,"13:48:43",2005-08-19,"10:05:43"
12527,2536,459,2,2005-08-18,"13:48:46",2005-08-26,"13:31:46"
12528,3381,398,2,2005-08-18,"13:52:41",2005-08-27,"09:09:41"
12529,1956,382,2,2005-08-18,"13:53:36",2005-08-19,"18:20:36"
12530,1054,521,2,2005-08-18,"13:54:48",2005-08-26,"08:58:48"
12531,2771,27,2,2005-08-18,"13:57:50",2005-08-22,"09:46:50"
12532,114,184,2,2005-08-18,"13:57:58",2005-08-24,"14:58:58"
12533,795,331,1,2005-08-18,"14:01:40",2005-08-20,"15:32:40"
12534,995,187,1,2005-08-18,"14:04:41",2005-08-25,"16:57:41"
12535,2944,516,1,2005-08-18,"14:05:22",2005-08-25,"16:35:22"
12536,2343,373,1,2005-08-18,"14:06:06",2005-08-25,"14:21:06"
12537,57,56,2,2005-08-18,"14:06:39",2005-08-25,"09:36:39"
12538,1373,118,1,2005-08-18,"14:09:09",2005-08-23,"19:12:09"
12539,3259,136,2,2005-08-18,"14:10:09",2005-08-19,"19:44:09"
12540,2826,304,2,2005-08-18,"14:17:30",2005-08-26,"15:33:30"
12541,4357,584,1,2005-08-18,"14:18:30",2005-08-26,"10:24:30"
12542,1920,230,2,2005-08-18,"14:21:11",2005-08-20,"16:06:11"
12543,330,324,1,2005-08-18,"14:23:55",2005-08-20,"12:42:55"
12544,3783,354,1,2005-08-18,"14:25:51",2005-08-26,"18:42:51"
12545,1988,168,1,2005-08-18,"14:28:00",2005-08-26,"14:10:00"
12546,610,30,1,2005-08-18,"14:29:37",2005-08-26,"09:47:37"
12547,3046,591,2,2005-08-18,"14:29:39",2005-08-22,"16:52:39"
12548,750,426,1,2005-08-18,"14:35:26",2005-08-27,"18:58:26"
12549,1010,377,1,2005-08-18,"14:38:07",2005-08-21,"08:45:07"
12550,4267,138,2,2005-08-18,"14:40:38",2005-08-19,"13:33:38"
12551,2195,15,2,2005-08-18,"14:46:26",2005-08-19,"16:59:26"
12552,4303,413,2,2005-08-18,"14:46:34",2005-08-20,"11:02:34"
12553,2893,454,1,2005-08-18,"14:46:54",2005-08-22,"13:41:54"
12554,715,404,2,2005-08-18,"14:47:28",2005-08-25,"14:34:28"
12555,4434,557,2,2005-08-18,"14:49:22",2005-08-26,"14:11:22"
12556,1984,3,2,2005-08-18,"14:49:55",2005-08-24,"15:20:55"
12557,313,364,2,2005-08-18,"14:51:03",2005-08-19,"13:30:03"
12558,167,289,2,2005-08-18,"14:52:35",2005-08-26,"09:45:35"
12559,39,513,1,2005-08-18,"14:53:58",2005-08-25,"20:22:58"
12560,829,596,1,2005-08-18,"14:54:19",2005-08-27,"13:39:19"
12561,812,392,1,2005-08-18,"14:58:51",2005-08-20,"10:53:51"
12562,529,212,2,2005-08-18,"15:00:03",2005-08-23,"12:55:03"
12563,2552,393,1,2005-08-18,"15:08:29",2005-08-27,"15:15:29"
12564,263,348,2,2005-08-18,"15:11:35",2005-08-22,"11:45:35"
12565,1284,211,2,2005-08-18,"15:12:17",2005-08-19,"12:26:17"
12566,1684,407,2,2005-08-18,"15:13:04",2005-08-21,"19:29:04"
12567,2931,308,1,2005-08-18,"15:14:36",2005-08-26,"18:56:36"
12568,2654,569,2,2005-08-18,"15:15:44",2005-08-22,"19:32:44"
12569,1009,29,2,2005-08-18,"15:20:46",2005-08-24,"12:38:46"
12570,3973,211,2,2005-08-18,"15:23:31",2005-08-22,"09:59:31"
12571,1013,591,2,2005-08-18,"15:31:18",2005-08-23,"15:20:18"
12572,1366,253,1,2005-08-18,"15:32:54",2005-08-21,"10:30:54"
12573,1416,182,2,2005-08-18,"15:32:57",2005-08-21,"18:29:57"
12574,177,317,2,2006-02-14,"15:16:03",,
12575,3441,117,1,2005-08-18,"15:37:42",2005-08-25,"19:17:42"
12576,329,119,2,2005-08-18,"15:38:31",2005-08-22,"21:29:31"
12577,4134,16,2,2005-08-18,"15:39:46",2005-08-25,"18:05:46"
12578,930,514,1,2005-08-18,"15:47:11",2005-08-21,"10:55:11"
12579,3021,547,2,2005-08-18,"15:47:49",2005-08-20,"18:12:49"
12580,1197,53,2,2005-08-18,"15:49:08",2005-08-24,"11:03:08"
12581,4309,70,1,2005-08-18,"15:49:15",2005-08-23,"20:18:15"
12582,4467,462,1,2005-08-18,"15:51:12",2005-08-20,"12:05:12"
12583,3090,108,2,2005-08-18,"15:51:36",2005-08-20,"18:47:36"
12584,4487,371,1,2005-08-18,"15:51:36",2005-08-25,"19:21:36"
12585,773,110,1,2005-08-18,"15:52:12",2005-08-22,"21:00:12"
12586,4245,460,1,2005-08-18,"15:54:39",2005-08-21,"19:29:39"
12587,3081,499,1,2005-08-18,"16:03:13",2005-08-25,"19:30:13"
12588,694,415,1,2005-08-18,"16:04:45",2005-08-23,"20:30:45"
12589,956,275,1,2005-08-18,"16:06:31",2005-08-27,"17:20:31"
12590,2624,308,1,2005-08-18,"16:11:35",2005-08-23,"10:35:35"
12591,723,546,2,2005-08-18,"16:16:41",2005-08-24,"10:29:41"
12592,1618,305,1,2005-08-18,"16:17:50",2005-08-25,"20:20:50"
12593,4092,72,2,2005-08-18,"16:17:54",2005-08-21,"18:02:54"
12594,4421,198,1,2005-08-18,"16:24:24",2005-08-25,"15:45:24"
12595,1662,286,1,2005-08-18,"16:27:08",2005-08-19,"14:53:08"
12596,3662,378,1,2005-08-18,"16:29:35",2005-08-24,"16:48:35"
12597,3804,474,2,2005-08-18,"16:34:02",2005-08-25,"17:30:02"
12598,3159,340,1,2005-08-18,"16:34:03",2005-08-22,"16:44:03"
12599,2032,34,2,2005-08-18,"16:42:45",2005-08-23,"18:27:45"
12600,1475,171,1,2005-08-18,"16:44:24",2005-08-25,"17:28:24"
12601,3099,598,1,2005-08-18,"16:47:52",2005-08-24,"11:05:52"
12602,2001,533,2,2005-08-18,"16:49:50",2005-08-21,"11:13:50"
12603,2769,119,2,2005-08-18,"16:56:20",2005-08-25,"11:50:20"
12604,4127,12,1,2005-08-18,"16:58:48",2005-08-19,"19:36:48"
12605,1359,496,1,2005-08-18,"16:59:37",2005-08-20,"18:09:37"
12606,359,275,1,2005-08-18,"17:02:21",2005-08-24,"22:38:21"
12607,2130,526,1,2005-08-18,"17:03:49",2005-08-19,"18:29:49"
12608,624,366,2,2005-08-18,"17:05:15",2005-08-23,"17:00:15"
12609,2327,486,1,2005-08-18,"17:06:22",2005-08-20,"21:30:22"
12610,3181,269,1,2006-02-14,"15:16:03",,
12611,1925,359,2,2005-08-18,"17:09:42",2005-08-24,"11:57:42"
12612,1035,129,2,2005-08-18,"17:10:05",2005-08-26,"15:55:05"
12613,3877,8,2,2005-08-18,"17:16:01",2005-08-23,"18:40:01"
12614,2233,60,2,2005-08-18,"17:16:03",2005-08-26,"16:56:03"
12615,2191,29,1,2005-08-18,"17:16:07",2005-08-27,"12:57:07"
12616,2952,476,2,2005-08-18,"17:22:41",2005-08-25,"18:52:41"
12617,3573,564,2,2005-08-18,"17:22:48",2005-08-24,"17:40:48"
12618,302,117,1,2005-08-18,"17:24:02",2005-08-19,"15:22:02"
12619,980,592,1,2005-08-18,"17:24:15",2005-08-21,"15:56:15"
12620,2663,221,1,2005-08-18,"17:26:38",2005-08-25,"13:24:38"
12621,4566,439,2,2005-08-18,"17:31:36",2005-08-24,"16:43:36"
12622,278,529,1,2005-08-18,"17:34:11",2005-08-24,"16:10:11"
12623,3670,177,1,2005-08-18,"17:34:19",2005-08-20,"21:30:19"
12624,1135,434,2,2005-08-18,"17:35:00",2005-08-27,"12:18:00"
12625,2645,108,1,2005-08-18,"17:36:19",2005-08-23,"11:42:19"
12626,4230,361,1,2005-08-18,"17:36:45",2005-08-26,"17:12:45"
12627,3760,150,2,2005-08-18,"17:37:11",2005-08-19,"14:59:11"
12628,3210,520,1,2005-08-18,"17:40:25",2005-08-25,"13:39:25"
12629,1705,459,1,2005-08-18,"17:40:33",2005-08-26,"21:09:33"
12630,1457,452,1,2005-08-18,"17:49:28",2005-08-24,"12:23:28"
12631,2782,339,2,2005-08-18,"17:52:51",2005-08-25,"14:40:51"
12632,827,381,1,2005-08-18,"17:54:21",2005-08-22,"18:58:21"
12633,4341,469,2,2005-08-18,"17:55:38",2005-08-23,"17:19:38"
12634,1037,549,2,2005-08-18,"17:58:14",2005-08-19,"21:08:14"
12635,331,15,2,2005-08-18,"18:00:23",2005-08-23,"16:40:23"
12636,1645,380,2,2005-08-18,"18:00:29",2005-08-26,"20:08:29"
12637,4005,145,1,2005-08-18,"18:06:53",2005-08-19,"17:36:53"
12638,2849,172,2,2005-08-18,"18:11:39",2005-08-25,"21:54:39"
12639,562,500,2,2005-08-18,"18:13:05",2005-08-27,"16:00:05"
12640,1715,544,1,2005-08-18,"18:14:49",2005-08-24,"21:25:49"
12641,776,467,1,2005-08-18,"18:18:08",2005-08-19,"23:17:08"
12642,2080,167,2,2005-08-18,"18:19:16",2005-08-20,"17:30:16"
12643,2245,165,1,2005-08-18,"18:21:06",2005-08-24,"14:26:06"
12644,1511,300,1,2005-08-18,"18:22:27",2005-08-26,"00:01:27"
12645,1658,457,1,2006-02-14,"15:16:03",,
12646,3103,388,1,2005-08-18,"18:25:06",2005-08-24,"18:45:06"
12647,323,520,1,2005-08-18,"18:29:51",2005-08-27,"22:51:51"
12648,3545,519,1,2005-08-18,"18:30:21",2005-08-25,"19:17:21"
12649,3201,530,2,2005-08-18,"18:31:47",2005-08-22,"21:07:47"
12650,3237,276,2,2005-08-18,"18:33:20",2005-08-21,"17:45:20"
12651,8,34,1,2005-08-18,"18:36:16",2005-08-22,"22:01:16"
12652,2118,9,1,2005-08-18,"18:48:58",2005-08-21,"14:15:58"
12653,3353,78,1,2005-08-18,"18:53:17",2005-08-26,"14:08:17"
12654,2217,438,2,2005-08-18,"18:56:40",2005-08-20,"17:51:40"
12655,859,533,2,2005-08-18,"18:57:44",2005-08-27,"22:40:44"
12656,3981,286,1,2005-08-18,"18:58:35",2005-08-21,"00:41:35"
12657,3621,100,1,2005-08-18,"19:02:16",2005-08-21,"14:59:16"
12658,4320,193,1,2005-08-18,"19:05:42",2005-08-19,"19:08:42"
12659,336,329,2,2005-08-18,"19:05:49",2005-08-24,"22:12:49"
12660,414,21,2,2005-08-18,"19:07:23",2005-08-27,"17:20:23"
12661,1547,333,1,2005-08-18,"19:10:10",2005-08-22,"20:30:10"
12662,1412,75,1,2005-08-18,"19:10:41",2005-08-23,"16:59:41"
12663,1163,375,1,2005-08-18,"19:10:52",2005-08-19,"15:46:52"
12664,2732,577,1,2005-08-18,"19:10:54",2005-08-25,"19:19:54"
12665,1701,410,2,2006-02-14,"15:16:03",,
12666,4156,251,2,2005-08-18,"19:11:41",2005-08-21,"18:04:41"
12667,104,545,2,2005-08-18,"19:11:45",2005-08-27,"13:34:45"
12668,1986,14,1,2005-08-18,"19:16:47",2005-08-19,"16:31:47"
12669,4530,433,1,2005-08-18,"19:17:47",2005-08-24,"14:55:47"
12670,1716,580,2,2005-08-18,"19:17:58",2005-08-23,"20:54:58"
12671,1734,577,2,2005-08-18,"19:19:59",2005-08-23,"17:53:59"
12672,1722,228,1,2006-02-14,"15:16:03",,
12673,4204,535,2,2005-08-18,"19:21:56",2005-08-26,"22:44:56"
12674,636,185,2,2005-08-18,"19:24:56",2005-08-26,"22:16:56"
12675,569,140,2,2005-08-18,"19:34:02",2005-08-23,"13:36:02"
12676,2581,393,2,2005-08-18,"19:34:40",2005-08-20,"18:03:40"
12677,1311,334,2,2005-08-18,"19:36:05",2005-08-22,"21:23:05"
12678,2504,181,2,2005-08-18,"19:41:27",2005-08-23,"15:14:27"
12679,1535,463,1,2005-08-18,"19:42:11",2005-08-25,"01:01:11"
12680,833,259,2,2005-08-18,"19:43:46",2005-08-27,"00:08:46"
12681,1570,518,2,2005-08-18,"19:48:06",2005-08-23,"15:05:06"
12682,1148,245,2,2006-02-14,"15:16:03",,
12683,1802,166,1,2005-08-18,"19:50:43",2005-08-26,"00:47:43"
12684,978,196,1,2005-08-18,"19:51:27",2005-08-19,"15:56:27"
12685,4283,114,2,2005-08-18,"19:51:29",2005-08-27,"14:58:29"
12686,501,385,1,2005-08-18,"19:55:09",2005-08-26,"14:17:09"
12687,3092,285,2,2005-08-18,"19:57:39",2005-08-27,"01:36:39"
12688,2315,65,2,2005-08-18,"19:59:54",2005-08-26,"18:52:54"
12689,1066,296,2,2005-08-18,"20:06:34",2005-08-22,"20:11:34"
12690,3574,361,2,2005-08-18,"20:06:57",2005-08-24,"20:54:57"
12691,3744,534,2,2005-08-18,"20:07:46",2005-08-26,"18:49:46"
12692,2781,273,1,2005-08-18,"20:09:19",2005-08-21,"00:14:19"
12693,1543,584,1,2005-08-18,"20:10:19",2005-08-25,"21:11:19"
12694,1741,268,1,2005-08-18,"20:10:39",2005-08-25,"20:47:39"
12695,446,483,1,2005-08-18,"20:11:35",2005-08-25,"18:29:35"
12696,3989,374,2,2005-08-18,"20:13:08",2005-08-19,"18:02:08"
12697,2774,152,1,2005-08-18,"20:14:56",2005-08-23,"21:54:56"
12698,3657,497,1,2006-02-14,"15:16:03",,
12699,3695,66,1,2005-08-18,"20:20:59",2005-08-22,"17:00:59"
12700,540,397,1,2005-08-18,"20:24:46",2005-08-23,"21:50:46"
12701,2337,489,2,2005-08-18,"20:26:47",2005-08-26,"23:36:47"
12702,1884,474,2,2005-08-18,"20:30:33",2005-08-27,"01:22:33"
12703,1278,453,1,2005-08-18,"20:37:13",2005-08-26,"16:13:13"
12704,51,93,2,2005-08-18,"20:43:00",2005-08-21,"22:28:00"
12705,2342,517,1,2005-08-18,"20:44:14",2005-08-23,"20:46:14"
12706,1079,170,1,2005-08-18,"20:44:34",2005-08-26,"21:47:34"
12707,1565,426,2,2005-08-18,"20:52:02",2005-08-25,"19:03:02"
12708,3448,28,1,2005-08-18,"20:59:17",2005-08-24,"22:40:17"
12709,3878,476,2,2005-08-18,"20:59:51",2005-08-26,"01:21:51"
12710,3011,310,2,2005-08-18,"21:02:50",2005-08-26,"15:07:50"
12711,2530,122,1,2005-08-18,"21:03:32",2005-08-26,"17:31:32"
12712,2628,444,2,2005-08-18,"21:04:13",2005-08-25,"18:15:13"
12713,1505,56,1,2005-08-18,"21:07:28",2005-08-24,"17:46:28"
12714,868,372,2,2005-08-18,"21:08:01",2005-08-27,"17:09:01"
12715,3768,266,1,2005-08-18,"21:09:38",2005-08-21,"20:25:38"
12716,858,570,2,2006-02-14,"15:16:03",,
12717,3551,167,2,2005-08-18,"21:15:40",2005-08-20,"00:59:40"
12718,3221,176,1,2005-08-18,"21:21:44",2005-08-20,"01:01:44"
12719,1094,87,2,2006-02-14,"15:16:03",,
12720,2676,419,1,2005-08-18,"21:28:42",2005-08-25,"18:02:42"
12721,1045,239,1,2005-08-18,"21:30:12",2005-08-22,"22:45:12"
12722,913,416,2,2005-08-18,"21:33:53",2005-08-27,"23:47:53"
12723,4167,430,1,2005-08-18,"21:34:16",2005-08-22,"22:37:16"
12724,2224,242,2,2005-08-18,"21:37:20",2005-08-27,"21:56:20"
12725,4071,51,1,2005-08-18,"21:43:09",2005-08-23,"18:50:09"
12726,20,397,2,2005-08-18,"21:44:46",2005-08-19,"21:58:46"
12727,15,178,1,2005-08-18,"21:45:15",2005-08-24,"15:52:15"
12728,3156,129,1,2005-08-18,"21:47:48",2005-08-25,"16:13:48"
12729,3711,424,1,2005-08-18,"21:52:59",2005-08-21,"00:02:59"
12730,75,7,1,2005-08-18,"21:55:01",2005-08-22,"01:23:01"
12731,1719,128,1,2005-08-18,"21:55:38",2005-08-23,"20:30:38"
12732,3307,535,2,2005-08-18,"21:57:50",2005-08-19,"18:28:50"
12733,3243,144,1,2005-08-18,"21:59:00",2005-08-24,"02:25:00"
12734,3619,121,1,2005-08-18,"22:04:52",2005-08-25,"00:34:52"
12735,3679,383,2,2005-08-18,"22:04:54",2005-08-23,"21:19:54"
12736,3591,244,2,2006-02-14,"15:16:03",,
12737,736,204,1,2005-08-18,"22:11:37",2005-08-26,"04:08:37"
12738,4313,589,2,2005-08-18,"22:11:47",2005-08-27,"17:55:47"
12739,4129,292,2,2005-08-18,"22:15:18",2005-08-27,"00:37:18"
12740,1157,330,1,2005-08-18,"22:17:04",2005-08-23,"23:42:04"
12741,2084,435,2,2005-08-18,"22:17:05",2005-08-25,"20:07:05"
12742,1742,68,1,2005-08-18,"22:22:03",2005-08-22,"04:01:03"
12743,2630,565,1,2005-08-18,"22:22:31",2005-08-27,"00:31:31"
12744,3815,593,1,2005-08-18,"22:22:36",2005-08-24,"00:26:36"
12745,262,24,2,2005-08-18,"22:22:45",2005-08-20,"01:44:45"
12746,1012,211,1,2006-02-14,"15:16:03",,
12747,4075,549,2,2005-08-18,"22:28:22",2005-08-22,"22:25:22"
12748,3249,373,2,2005-08-18,"22:29:05",2005-08-24,"18:25:05"
12749,828,388,1,2005-08-18,"22:31:21",2005-08-20,"22:53:21"
12750,3717,535,1,2005-08-18,"22:32:39",2005-08-26,"01:54:39"
12751,2791,352,2,2005-08-18,"22:33:22",2005-08-20,"20:28:22"
12752,3595,514,1,2005-08-18,"22:33:36",2005-08-27,"23:55:36"
12753,1494,470,2,2005-08-18,"22:37:39",2005-08-27,"00:21:39"
12754,4154,134,2,2005-08-18,"22:37:41",2005-08-27,"20:17:41"
12755,105,439,1,2005-08-18,"22:38:47",2005-08-22,"23:58:47"
12756,1840,89,1,2005-08-18,"22:52:13",2005-08-21,"17:22:13"
12757,1095,147,1,2005-08-18,"22:57:45",2005-08-21,"22:43:45"
12758,2279,30,1,2005-08-18,"22:58:34",2005-08-22,"23:33:34"
12759,4193,354,2,2006-02-14,"15:16:03",,
12760,4188,363,1,2005-08-18,"23:03:19",2005-08-24,"17:53:19"
12761,2684,364,2,2005-08-18,"23:05:22",2005-08-22,"01:08:22"
12762,3909,502,1,2005-08-18,"23:06:54",2005-08-21,"18:30:54"
12763,393,472,1,2005-08-18,"23:07:01",2005-08-21,"18:45:01"
12764,26,183,1,2005-08-18,"23:14:15",2005-08-22,"20:23:15"
12765,2244,298,2,2005-08-18,"23:21:50",2005-08-28,"04:42:50"
12766,3737,50,1,2005-08-18,"23:25:20",2005-08-27,"04:43:20"
12767,3351,432,2,2005-08-18,"23:25:49",2005-08-28,"02:40:49"
12768,1993,458,2,2005-08-18,"23:26:11",2005-08-19,"20:31:11"
12769,926,504,1,2005-08-18,"23:26:40",2005-08-25,"03:03:40"
12770,1654,575,2,2005-08-18,"23:29:00",2005-08-26,"20:57:00"
12771,3076,484,2,2005-08-18,"23:29:23",2005-08-22,"17:31:23"
12772,1179,397,1,2005-08-18,"23:29:25",2005-08-23,"20:32:25"
12773,4390,360,1,2005-08-18,"23:32:19",2005-08-27,"04:40:19"
12774,3601,21,2,2005-08-18,"23:34:22",2005-08-28,"05:00:22"
12775,4374,54,1,2005-08-18,"23:35:56",2005-08-26,"18:37:56"
12776,2345,55,1,2005-08-18,"23:37:33",2005-08-23,"03:07:33"
12777,3467,130,1,2005-08-18,"23:39:22",2005-08-27,"20:28:22"
12778,3626,290,2,2005-08-18,"23:40:23",2005-08-19,"18:14:23"
12779,1814,325,2,2005-08-18,"23:44:00",2005-08-26,"05:27:00"
12780,54,373,2,2005-08-18,"23:48:16",2005-08-20,"18:13:16"
12781,1187,168,1,2005-08-18,"23:50:24",2005-08-21,"02:31:24"
12782,1454,495,1,2005-08-18,"23:56:23",2005-08-25,"18:47:23"
12783,1109,503,2,2005-08-19,"00:01:14",2005-08-21,"22:02:14"
12784,447,513,1,2005-08-19,"00:02:46",2005-08-20,"04:39:46"
12785,4190,145,2,2005-08-19,"00:05:49",2005-08-21,"04:39:49"
12786,97,512,1,2006-02-14,"15:16:03",,
12787,2023,278,2,2005-08-19,"00:07:58",2005-08-24,"00:42:58"
12788,644,90,1,2005-08-19,"00:15:09",2005-08-27,"21:54:09"
12789,2412,557,2,2005-08-19,"00:16:19",2005-08-25,"00:18:19"
12790,1281,44,1,2005-08-19,"00:16:54",2005-08-26,"02:00:54"
12791,3594,573,1,2005-08-19,"00:17:09",2005-08-22,"23:46:09"
12792,1435,405,2,2006-02-14,"15:16:03",,
12793,1195,403,1,2005-08-19,"00:20:36",2005-08-28,"02:43:36"
12794,1586,336,1,2005-08-19,"00:20:37",2005-08-26,"01:48:37"
12795,2745,360,2,2005-08-19,"00:21:52",2005-08-22,"22:13:52"
12796,1285,368,2,2005-08-19,"00:22:24",2005-08-19,"22:53:24"
12797,1595,5,2,2005-08-19,"00:24:08",2005-08-21,"22:53:08"
12798,4244,534,2,2005-08-19,"00:24:33",2005-08-21,"23:01:33"
12799,3885,197,2,2005-08-19,"00:27:01",2005-08-22,"03:30:01"
12800,257,545,1,2005-08-19,"00:27:11",2005-08-22,"01:08:11"
12801,960,202,1,2005-08-19,"00:27:19",2005-08-26,"03:10:19"
12802,2461,462,1,2005-08-19,"00:27:41",2005-08-28,"03:24:41"
12803,1058,390,1,2005-08-19,"00:28:21",2005-08-23,"02:02:21"
12804,147,365,2,2005-08-19,"00:33:15",2005-08-28,"02:16:15"
12805,2964,345,1,2005-08-19,"00:36:34",2005-08-26,"20:38:34"
12806,4488,423,2,2005-08-19,"00:37:26",2005-08-23,"18:49:26"
12807,2323,513,2,2005-08-19,"00:38:46",2005-08-28,"03:37:46"
12808,3920,55,2,2005-08-19,"00:40:41",2005-08-21,"06:39:41"
12809,2005,22,1,2005-08-19,"00:42:24",2005-08-23,"06:06:24"
12810,1340,250,2,2005-08-19,"00:44:10",2005-08-22,"22:30:10"
12811,641,54,2,2005-08-19,"00:51:28",2005-08-24,"01:57:28"
12812,4024,450,2,2005-08-19,"00:54:02",2005-08-22,"20:35:02"
12813,3285,500,2,2005-08-19,"00:54:22",2005-08-19,"21:17:22"
12814,204,465,1,2005-08-19,"00:58:24",2005-08-21,"05:46:24"
12815,435,588,2,2005-08-19,"00:59:42",2005-08-25,"21:43:42"
12816,4051,342,1,2005-08-19,"01:04:05",2005-08-24,"01:25:05"
12817,1246,113,1,2005-08-19,"01:04:35",2005-08-25,"21:14:35"
12818,3069,528,2,2005-08-19,"01:04:59",2005-08-26,"21:39:59"
12819,1117,542,1,2005-08-19,"01:05:05",2005-08-22,"05:50:05"
12820,2936,127,2,2005-08-19,"01:05:08",2005-08-21,"05:37:08"
12821,3418,41,2,2005-08-19,"01:07:02",2005-08-23,"01:22:02"
12822,419,426,1,2005-08-19,"01:15:24",2005-08-20,"06:38:24"
12823,426,316,2,2005-08-19,"01:15:47",2005-08-22,"05:32:47"
12824,1875,247,2,2005-08-19,"01:18:00",2005-08-22,"01:12:00"
12825,4495,328,2,2005-08-19,"01:23:58",2005-08-20,"00:19:58"
12826,1277,439,1,2005-08-19,"01:25:11",2005-08-27,"01:22:11"
12827,880,253,2,2005-08-19,"01:27:23",2005-08-27,"02:22:23"
12828,4208,378,2,2005-08-19,"01:37:47",2005-08-24,"22:31:47"
12829,1129,326,2,2005-08-19,"01:38:18",2005-08-25,"22:23:18"
12830,4080,409,2,2005-08-19,"01:40:25",2005-08-20,"23:49:25"
12831,1916,183,1,2005-08-19,"01:40:43",2005-08-28,"05:22:43"
12832,2820,563,2,2005-08-19,"01:41:44",2005-08-24,"23:15:44"
12833,3723,59,1,2005-08-19,"01:42:28",2005-08-26,"20:13:28"
12834,757,133,1,2005-08-19,"01:47:30",2005-08-24,"20:08:30"
12835,1477,124,2,2005-08-19,"01:47:45",2005-08-26,"00:58:45"
12836,1380,196,1,2005-08-19,"01:48:33",2005-08-23,"04:46:33"
12837,2288,495,2,2005-08-19,"01:51:09",2005-08-22,"07:14:09"
12838,1207,308,1,2005-08-19,"01:51:50",2005-08-27,"23:12:50"
12839,1970,360,2,2005-08-19,"01:53:43",2005-08-28,"02:27:43"
12840,2098,182,2,2005-08-19,"01:54:11",2005-08-28,"01:11:11"
12841,4233,257,1,2005-08-19,"01:55:55",2005-08-24,"02:56:55"
12842,2540,119,1,2005-08-19,"01:57:21",2005-08-28,"01:10:21"
12843,3279,128,2,2005-08-19,"01:58:54",2005-08-20,"00:20:54"
12844,4146,584,1,2005-08-19,"01:59:08",2005-08-24,"22:21:08"
12845,1698,106,1,2005-08-19,"02:02:37",2005-08-22,"01:08:37"
12846,286,305,2,2005-08-19,"02:03:26",2005-08-25,"07:39:26"
12847,384,91,2,2005-08-19,"02:04:07",2005-08-23,"20:13:07"
12848,2833,539,2,2005-08-19,"02:05:11",2005-08-24,"05:27:11"
12849,3489,280,1,2005-08-19,"02:05:37",2005-08-23,"07:00:37"
12850,1816,440,2,2005-08-19,"02:08:06",2005-08-20,"21:06:06"
12851,3311,194,1,2005-08-19,"02:12:12",2005-08-25,"23:51:12"
12852,2446,260,1,2005-08-19,"02:12:40",2005-08-19,"23:42:40"
12853,3753,232,2,2005-08-19,"02:15:32",2005-08-27,"21:26:32"
12854,4577,362,2,2005-08-19,"02:18:51",2005-08-24,"04:16:51"
12855,2900,242,1,2005-08-19,"02:18:58",2005-08-19,"20:50:58"
12856,132,4,2,2005-08-19,"02:19:13",2005-08-23,"07:49:13"
12857,4307,443,1,2005-08-19,"02:20:13",2005-08-20,"20:20:13"
12858,3024,144,2,2005-08-19,"02:22:16",2005-08-26,"07:25:16"
12859,2289,139,2,2005-08-19,"02:23:23",2005-08-28,"04:55:23"
12860,778,548,1,2005-08-19,"02:24:41",2005-08-25,"07:43:41"
12861,3115,287,1,2005-08-19,"02:30:24",2005-08-22,"08:23:24"
12862,473,198,2,2005-08-19,"02:31:59",2005-08-26,"08:16:59"
12863,780,234,1,2005-08-19,"02:35:59",2005-08-21,"21:13:59"
12864,4481,465,2,2005-08-19,"02:38:26",2005-08-22,"21:42:26"
12865,3437,460,1,2005-08-19,"02:38:50",2005-08-21,"02:33:50"
12866,1766,229,1,2005-08-19,"02:39:47",2005-08-27,"02:14:47"
12867,4499,330,1,2005-08-19,"02:40:11",2005-08-20,"04:01:11"
12868,4054,551,2,2005-08-19,"02:47:19",2005-08-20,"00:30:19"
12869,3939,99,2,2005-08-19,"02:50:36",2005-08-26,"21:38:36"
12870,991,86,1,2005-08-19,"02:54:38",2005-08-27,"00:45:38"
12871,2625,217,2,2005-08-19,"02:55:36",2005-08-22,"01:00:36"
12872,1975,54,1,2005-08-19,"02:57:37",2005-08-22,"23:23:37"
12873,2140,138,2,2005-08-19,"03:05:41",2005-08-22,"06:57:41"
12874,848,254,2,2005-08-19,"03:07:57",2005-08-22,"22:42:57"
12875,1708,483,2,2005-08-19,"03:10:21",2005-08-26,"01:00:21"
12876,803,356,2,2005-08-19,"03:12:19",2005-08-20,"02:24:19"
12877,1016,40,2,2005-08-19,"03:16:58",2005-08-25,"02:10:58"
12878,1182,596,1,2005-08-19,"03:17:08",2005-08-23,"03:44:08"
12879,3556,210,1,2005-08-19,"03:22:55",2005-08-24,"22:00:55"
12880,3386,552,2,2005-08-19,"03:27:17",2005-08-28,"06:16:17"
12881,1432,121,1,2005-08-19,"03:28:13",2005-08-25,"05:25:13"
12882,911,153,1,2005-08-19,"03:33:46",2005-08-21,"22:49:46"
12883,964,555,1,2005-08-19,"03:33:47",2005-08-23,"21:55:47"
12884,2768,348,2,2005-08-19,"03:34:04",2005-08-28,"01:00:04"
12885,883,185,1,2005-08-19,"03:37:25",2005-08-20,"22:10:25"
12886,2157,174,1,2005-08-19,"03:38:32",2005-08-26,"02:17:32"
12887,1214,150,1,2005-08-19,"03:38:54",2005-08-27,"08:45:54"
12888,4398,146,2,2005-08-19,"03:41:09",2005-08-24,"07:09:09"
12889,4376,515,2,2005-08-19,"03:41:31",2005-08-27,"00:46:31"
12890,3831,150,1,2005-08-19,"03:42:08",2005-08-19,"23:08:08"
12891,2764,388,2,2006-02-14,"15:16:03",,
12892,1044,121,2,2005-08-19,"03:46:34",2005-08-21,"05:11:34"
12893,168,498,2,2005-08-19,"03:46:43",2005-08-20,"08:38:43"
12894,4581,541,2,2005-08-19,"03:49:28",2005-08-25,"01:51:28"
12895,4372,396,1,2005-08-19,"03:50:48",2005-08-26,"09:13:48"
12896,148,220,1,2005-08-19,"03:52:44",2005-08-24,"22:27:44"
12897,1512,178,2,2006-02-14,"15:16:03",,
12898,1555,586,2,2005-08-19,"03:54:34",2005-08-23,"08:14:34"
12899,830,105,2,2005-08-19,"04:03:34",2005-08-20,"08:34:34"
12900,849,408,2,2005-08-19,"04:03:49",2005-08-24,"22:11:49"
12901,2799,180,2,2006-02-14,"15:16:03",,
12902,464,91,2,2006-02-14,"15:16:03",,
12903,2340,302,2,2005-08-19,"04:09:38",2005-08-26,"03:24:38"
12904,459,257,1,2005-08-19,"04:10:50",2005-08-27,"23:24:50"
12905,1043,480,1,2005-08-19,"04:13:37",2005-08-26,"23:52:37"
12906,2060,401,1,2005-08-19,"04:13:43",2005-08-20,"04:24:43"
12907,2844,422,1,2005-08-19,"04:16:13",2005-08-27,"02:43:13"
12908,175,340,1,2005-08-19,"04:19:05",2005-08-25,"09:50:05"
12909,4300,210,2,2005-08-19,"04:20:25",2005-08-24,"06:40:25"
12910,3968,128,1,2005-08-19,"04:23:13",2005-08-20,"22:27:13"
12911,1770,367,2,2005-08-19,"04:24:10",2005-08-26,"00:35:10"
12912,1747,364,2,2005-08-19,"04:24:35",2005-08-27,"07:13:35"
12913,3719,356,1,2005-08-19,"04:25:39",2005-08-25,"07:23:39"
12914,4396,501,2,2005-08-19,"04:25:59",2005-08-23,"08:04:59"
12915,2651,516,1,2006-02-14,"15:16:03",,
12916,2277,157,2,2005-08-19,"04:27:05",2005-08-21,"02:33:05"
12917,107,152,2,2005-08-19,"04:27:11",2005-08-20,"03:04:11"
12918,972,13,1,2005-08-19,"04:31:36",2005-08-25,"05:50:36"
12919,2121,263,2,2005-08-19,"04:32:15",2005-08-24,"05:56:15"
12920,2516,511,2,2005-08-19,"04:32:32",2005-08-27,"00:44:32"
12921,781,234,2,2005-08-19,"04:47:48",2005-08-25,"00:07:48"
12922,342,25,1,2005-08-19,"04:48:48",2005-08-23,"23:32:48"
12923,1390,531,1,2005-08-19,"04:50:20",2005-08-22,"10:42:20"
12924,3807,519,1,2005-08-19,"04:51:47",2005-08-26,"07:50:47"
12925,3361,57,2,2005-08-19,"04:59:01",2005-08-27,"02:03:01"
12926,23,336,2,2005-08-19,"05:00:16",2005-08-26,"06:12:16"
12927,1171,223,1,2005-08-19,"05:02:46",2005-08-23,"01:08:46"
12928,4531,353,2,2005-08-19,"05:04:09",2005-08-24,"09:09:09"
12929,1531,310,1,2005-08-19,"05:05:23",2005-08-25,"04:37:23"
12930,4410,414,2,2005-08-19,"05:11:32",2005-08-22,"02:20:32"
12931,3070,407,1,2005-08-19,"05:11:47",2005-08-21,"00:59:47"
12932,2295,416,1,2005-08-19,"05:17:30",2005-08-21,"09:24:30"
12933,4103,589,1,2005-08-19,"05:18:20",2005-08-27,"00:13:20"
12934,3242,591,1,2005-08-19,"05:18:42",2005-08-24,"10:42:42"
12935,193,279,2,2005-08-19,"05:20:25",2005-08-21,"03:10:25"
12936,654,387,1,2005-08-19,"05:25:06",2005-08-28,"08:21:06"
12937,3826,348,2,2005-08-19,"05:25:30",2005-08-22,"10:40:30"
12938,3987,28,1,2006-02-14,"15:16:03",,
12939,3375,181,1,2005-08-19,"05:38:25",2005-08-23,"23:52:25"
12940,2222,340,1,2005-08-19,"05:38:29",2005-08-20,"08:15:29"
12941,2951,195,2,2005-08-19,"05:39:26",2005-08-22,"09:50:26"
12942,3938,103,1,2005-08-19,"05:40:36",2005-08-27,"02:04:36"
12943,3930,547,2,2005-08-19,"05:46:26",2005-08-22,"03:26:26"
12944,2956,148,1,2005-08-19,"05:48:12",2005-08-28,"10:10:12"
12945,3638,312,2,2005-08-19,"05:51:46",2005-08-23,"11:22:46"
12946,2066,444,1,2005-08-19,"05:53:34",2005-08-20,"07:30:34"
12947,935,499,1,2005-08-19,"05:54:21",2005-08-22,"09:17:21"
12948,4173,442,2,2005-08-19,"05:55:14",2005-08-22,"01:05:14"
12949,4209,279,1,2005-08-19,"05:55:52",2005-08-23,"00:01:52"
12950,1064,463,1,2005-08-19,"05:55:58",2005-08-23,"08:05:58"
12951,2143,70,2,2005-08-19,"05:56:44",2005-08-24,"11:28:44"
12952,2460,228,1,2005-08-19,"06:00:52",2005-08-20,"02:17:52"
12953,3954,429,1,2005-08-19,"06:04:07",2005-08-28,"11:05:07"
12954,3592,63,2,2005-08-19,"06:04:34",2005-08-28,"02:12:34"
12955,2040,410,2,2005-08-19,"06:05:58",2005-08-26,"04:24:58"
12956,3613,241,2,2005-08-19,"06:06:26",2005-08-28,"08:37:26"
12957,2219,512,2,2005-08-19,"06:12:44",2005-08-28,"10:49:44"
12958,4214,569,1,2005-08-19,"06:19:21",2005-08-20,"02:21:21"
12959,1540,284,2,2006-02-14,"15:16:03",,
12960,3498,152,1,2005-08-19,"06:21:52",2005-08-25,"04:16:52"
12961,4529,386,1,2005-08-19,"06:22:37",2005-08-23,"00:49:37"
12962,575,171,1,2005-08-19,"06:22:48",2005-08-27,"07:47:48"
12963,1521,2,2,2005-08-19,"06:26:04",2005-08-23,"11:37:04"
12964,2854,142,2,2005-08-19,"06:29:13",2005-08-22,"12:23:13"
12965,4308,430,1,2005-08-19,"06:33:00",2005-08-22,"02:02:00"
12966,3196,69,2,2005-08-19,"06:37:48",2005-08-26,"03:59:48"
12967,3404,170,2,2005-08-19,"06:37:51",2005-08-25,"06:58:51"
12968,3108,166,1,2005-08-19,"06:38:18",2005-08-20,"08:29:18"
12969,191,224,2,2005-08-19,"06:38:59",2005-08-25,"09:09:59"
12970,3999,216,1,2006-02-14,"15:16:03",,
12971,3504,492,2,2005-08-19,"06:42:43",2005-08-23,"10:49:43"
12972,1218,55,1,2005-08-19,"06:43:28",2005-08-27,"11:30:28"
12973,128,163,2,2005-08-19,"06:48:11",2005-08-22,"07:18:11"
12974,3599,218,2,2005-08-19,"06:51:02",2005-08-25,"11:48:02"
12975,3300,236,1,2005-08-19,"06:51:19",2005-08-25,"04:22:19"
12976,66,592,2,2005-08-19,"06:52:58",2005-08-26,"11:23:58"
12977,2004,388,2,2005-08-19,"06:55:33",2005-08-27,"07:38:33"
12978,3252,167,2,2005-08-19,"06:57:27",2005-08-20,"09:10:27"
12979,1227,267,2,2005-08-19,"07:00:35",2005-08-21,"06:12:35"
12980,1854,144,1,2005-08-19,"07:03:14",2005-08-26,"05:07:14"
12981,3925,481,1,2005-08-19,"07:04:00",2005-08-21,"09:17:00"
12982,1258,44,1,2005-08-19,"07:06:34",2005-08-21,"06:53:34"
12983,406,148,2,2005-08-19,"07:06:51",2005-08-28,"10:35:51"
12984,4211,537,1,2005-08-19,"07:06:51",2005-08-22,"04:04:51"
12985,4133,83,1,2005-08-19,"07:08:05",2005-08-24,"02:25:05"
12986,1145,210,1,2005-08-19,"07:09:36",2005-08-22,"05:01:36"
12987,3665,134,1,2005-08-19,"07:11:44",2005-08-20,"04:17:44"
12988,81,236,2,2006-02-14,"15:16:03",,
12989,2929,306,1,2005-08-19,"07:19:04",2005-08-21,"10:58:04"
12990,1825,360,2,2005-08-19,"07:20:39",2005-08-21,"12:31:39"
12991,2227,126,2,2005-08-19,"07:21:24",2005-08-21,"04:31:24"
12992,3022,597,2,2005-08-19,"07:23:06",2005-08-23,"06:11:06"
12993,4225,484,2,2005-08-19,"07:24:03",2005-08-26,"07:15:03"
12994,3809,506,2,2005-08-19,"07:26:10",2005-08-20,"07:02:10"
12995,2069,566,2,2005-08-19,"07:26:30",2005-08-25,"12:47:30"
12996,4445,380,1,2005-08-19,"07:31:32",2005-08-25,"11:59:32"
12997,1661,311,2,2005-08-19,"07:31:46",2005-08-24,"09:20:46"
12998,2301,354,2,2005-08-19,"07:32:16",2005-08-24,"01:56:16"
12999,661,24,1,2005-08-19,"07:34:53",2005-08-26,"03:57:53"
13000,2341,141,1,2005-08-19,"07:36:42",2005-08-22,"08:50:42"
13001,2505,254,1,2005-08-19,"07:36:44",2005-08-22,"13:06:44"
13002,3892,477,2,2005-08-19,"07:37:58",2005-08-26,"11:32:58"
13003,3431,451,2,2005-08-19,"07:39:29",2005-08-23,"05:48:29"
13004,771,442,1,2005-08-19,"07:40:08",2005-08-20,"11:49:08"
13005,3417,104,2,2005-08-19,"07:45:42",2005-08-20,"12:45:42"
13006,3157,134,1,2005-08-19,"07:47:16",2005-08-21,"06:17:16"
13007,4280,430,2,2005-08-19,"07:47:43",2005-08-26,"02:48:43"
13008,1838,181,1,2006-02-14,"15:16:03",,
13009,677,376,1,2005-08-19,"07:50:35",2005-08-21,"06:04:35"
13010,825,413,1,2005-08-19,"07:52:21",2005-08-27,"12:51:21"
13011,1998,529,1,2005-08-19,"07:53:58",2005-08-24,"12:00:58"
13012,1690,145,2,2005-08-19,"07:54:59",2005-08-26,"09:50:59"
13013,841,293,1,2005-08-19,"07:55:51",2005-08-26,"05:14:51"
13014,3400,344,2,2005-08-19,"07:56:08",2005-08-21,"10:20:08"
13015,3461,126,2,2005-08-19,"07:56:51",2005-08-28,"07:05:51"
13016,3095,175,1,2005-08-19,"07:57:14",2005-08-23,"03:29:14"
13017,2160,104,1,2005-08-19,"08:02:24",2005-08-26,"07:32:24"
13018,2122,168,1,2005-08-19,"08:04:50",2005-08-26,"11:46:50"
13019,2827,597,2,2005-08-19,"08:07:43",2005-08-20,"12:09:43"
13020,4501,92,1,2005-08-19,"08:07:50",2005-08-28,"11:42:50"
13021,1242,309,2,2005-08-19,"08:08:04",2005-08-26,"12:04:04"
13022,2266,336,2,2006-02-14,"15:16:03",,
13023,1566,69,1,2005-08-19,"08:13:54",2005-08-27,"13:18:54"
13024,2917,401,1,2005-08-19,"08:19:21",2005-08-27,"05:18:21"
13025,4066,269,1,2006-02-14,"15:16:03",,
13026,3026,79,1,2005-08-19,"08:22:45",2005-08-21,"09:31:45"
13027,3756,128,1,2005-08-19,"08:25:16",2005-08-25,"13:42:16"
13028,2165,371,1,2005-08-19,"08:27:23",2005-08-24,"03:46:23"
13029,3283,293,2,2005-08-19,"08:28:04",2005-08-22,"12:25:04"
13030,2614,240,1,2005-08-19,"08:28:11",2005-08-24,"07:20:11"
13031,1525,567,2,2005-08-19,"08:30:04",2005-08-23,"09:35:04"
13032,3699,82,2,2005-08-19,"08:31:50",2005-08-23,"04:00:50"
13033,1682,344,1,2005-08-19,"08:34:39",2005-08-28,"10:13:39"
13034,990,387,2,2005-08-19,"08:41:29",2005-08-20,"07:36:29"
13035,4082,135,1,2005-08-19,"08:46:45",2005-08-22,"11:42:45"
13036,1469,20,2,2005-08-19,"08:48:37",2005-08-22,"04:13:37"
13037,65,275,2,2005-08-19,"08:53:57",2005-08-28,"08:56:57"
13038,2226,532,2,2005-08-19,"08:55:16",2005-08-25,"12:23:16"
13039,1952,370,2,2005-08-19,"08:55:19",2005-08-20,"07:39:19"
13040,4113,425,2,2005-08-19,"09:04:24",2005-08-23,"12:36:24"
13041,1576,462,1,2005-08-19,"09:05:38",2005-08-27,"06:34:38"
13042,1047,414,2,2005-08-19,"09:06:08",2005-08-22,"13:46:08"
13043,24,127,1,2005-08-19,"09:07:13",2005-08-27,"07:49:13"
13044,809,142,1,2005-08-19,"09:14:31",2005-08-20,"11:16:31"
13045,389,254,1,2005-08-19,"09:17:35",2005-08-23,"12:04:35"
13046,965,37,2,2005-08-19,"09:21:10",2005-08-26,"13:00:10"
13047,2704,394,2,2005-08-19,"09:24:49",2005-08-24,"11:06:49"
13048,1029,486,2,2005-08-19,"09:25:06",2005-08-28,"11:18:06"
13049,4122,53,2,2005-08-19,"09:25:40",2005-08-27,"10:19:40"
13050,3682,131,2,2005-08-19,"09:31:23",2005-08-26,"06:56:23"
13051,4064,90,1,2005-08-19,"09:31:33",2005-08-28,"06:15:33"
13052,3036,502,2,2005-08-19,"09:31:42",2005-08-28,"15:11:42"
13053,2044,140,2,2005-08-19,"09:31:48",2005-08-28,"07:51:48"
13054,2983,325,2,2005-08-19,"09:34:02",2005-08-23,"05:25:02"
13055,3580,485,2,2005-08-19,"09:36:28",2005-08-24,"05:53:28"
13056,3751,115,2,2006-02-14,"15:16:03",,
13057,876,105,2,2005-08-19,"09:40:05",2005-08-28,"13:22:05"
13058,2437,24,2,2005-08-19,"09:40:53",2005-08-26,"05:48:53"
13059,3810,341,1,2005-08-19,"09:42:01",2005-08-21,"12:07:01"
13060,507,22,1,2005-08-19,"09:43:25",2005-08-28,"15:22:25"
13061,730,576,1,2005-08-19,"09:43:39",2005-08-24,"10:03:39"
13062,1790,385,1,2005-08-19,"09:44:17",2005-08-27,"11:42:17"
13063,1192,5,2,2005-08-19,"09:45:41",2005-08-24,"09:11:41"
13064,4131,588,1,2005-08-19,"09:46:53",2005-08-21,"08:29:53"
13065,1887,518,1,2005-08-19,"09:48:52",2005-08-22,"07:12:52"
13066,3730,336,1,2005-08-19,"09:50:39",2005-08-22,"14:01:39"
13067,3825,172,2,2005-08-19,"09:51:17",2005-08-25,"09:58:17"
13068,3019,1,2,2005-08-19,"09:55:16",2005-08-20,"14:44:16"
13069,368,299,2,2005-08-19,"09:55:20",2005-08-24,"04:10:20"
13070,2214,235,2,2005-08-19,"09:56:23",2005-08-24,"09:08:23"
13071,527,578,1,2005-08-19,"10:01:07",2005-08-26,"14:26:07"
13072,2313,447,2,2005-08-19,"10:03:30",2005-08-22,"14:27:30"
13073,855,506,2,2005-08-19,"10:05:38",2005-08-26,"07:37:38"
13074,3266,341,2,2005-08-19,"10:06:53",2005-08-28,"09:56:53"
13075,4125,224,2,2005-08-19,"10:10:10",2005-08-21,"08:44:10"
13076,1226,201,1,2005-08-19,"10:10:26",2005-08-22,"05:41:26"
13077,433,241,2,2005-08-19,"10:15:19",2005-08-21,"06:51:19"
13078,4104,479,2,2005-08-19,"10:16:43",2005-08-27,"11:35:43"
13079,733,107,1,2006-02-14,"15:16:03",,
13080,4222,452,2,2005-08-19,"10:18:00",2005-08-22,"06:37:00"
13081,3077,170,1,2005-08-19,"10:19:06",2005-08-20,"05:49:06"
13082,2117,387,1,2005-08-19,"10:19:19",2005-08-28,"05:02:19"
13083,3469,455,2,2005-08-19,"10:26:45",2005-08-23,"05:31:45"
13084,3792,204,2,2005-08-19,"10:27:25",2005-08-26,"07:32:25"
13085,360,215,2,2005-08-19,"10:28:22",2005-08-22,"07:37:22"
13086,3712,350,2,2005-08-19,"10:32:28",2005-08-26,"07:57:28"
13087,2693,171,2,2005-08-19,"10:33:52",2005-08-27,"09:15:52"
13088,4281,457,1,2005-08-19,"10:36:11",2005-08-21,"09:12:11"
13089,1783,63,1,2005-08-19,"10:38:56",2005-08-24,"12:41:56"
13090,1447,52,1,2005-08-19,"10:39:54",2005-08-28,"10:31:54"
13091,1815,127,1,2005-08-19,"10:40:10",2005-08-23,"09:03:10"
13092,4359,480,2,2005-08-19,"10:41:09",2005-08-25,"05:11:09"
13093,1667,160,1,2005-08-19,"10:46:16",2005-08-26,"08:05:16"
13094,3178,494,1,2005-08-19,"10:47:58",2005-08-21,"06:20:58"
13095,520,508,1,2005-08-19,"10:48:10",2005-08-28,"06:15:10"
13096,420,13,1,2005-08-19,"10:49:03",2005-08-21,"05:33:03"
13097,4194,157,2,2005-08-19,"10:50:43",2005-08-24,"11:10:43"
13098,3770,51,1,2005-08-19,"10:51:59",2005-08-24,"11:27:59"
13099,969,436,1,2005-08-19,"10:55:19",2005-08-27,"10:54:19"
13100,916,451,1,2005-08-19,"10:55:45",2005-08-25,"12:28:45"
13101,1804,39,2,2005-08-19,"11:01:54",2005-08-27,"16:06:54"
13102,2885,285,2,2005-08-19,"11:02:03",2005-08-28,"13:05:03"
13103,1751,274,2,2005-08-19,"11:05:51",2005-08-26,"09:16:51"
13104,310,591,2,2005-08-19,"11:06:06",2005-08-21,"13:50:06"
13105,729,279,1,2005-08-19,"11:06:16",2005-08-27,"15:21:16"
13106,3212,440,1,2006-02-14,"15:16:03",,
13107,3870,356,2,2005-08-19,"11:13:58",2005-08-20,"15:03:58"
13108,3630,73,1,2006-02-14,"15:16:03",,
13109,46,259,1,2005-08-19,"11:23:20",2005-08-25,"17:05:20"
13110,62,447,1,2005-08-19,"11:24:37",2005-08-21,"05:48:37"
13111,580,26,2,2005-08-19,"11:25:10",2005-08-21,"05:52:10"
13112,2074,259,1,2005-08-19,"11:27:10",2005-08-22,"05:32:10"
13113,2393,573,1,2005-08-19,"11:27:20",2005-08-23,"12:40:20"
13114,4342,550,2,2005-08-19,"11:27:32",2005-08-28,"11:21:32"
13115,1961,84,1,2005-08-19,"11:27:43",2005-08-20,"10:58:43"
13116,1544,150,1,2005-08-19,"11:31:41",2005-08-27,"16:05:41"
13117,3430,385,2,2005-08-19,"11:33:20",2005-08-20,"11:55:20"
13118,470,181,1,2005-08-19,"11:39:58",2005-08-25,"14:44:58"
13119,1401,240,2,2005-08-19,"11:44:59",2005-08-20,"12:30:59"
13120,2273,314,2,2005-08-19,"11:47:38",2005-08-26,"08:20:38"
13121,3517,251,2,2005-08-19,"11:51:39",2005-08-22,"11:50:39"
13122,3319,277,2,2005-08-19,"11:53:49",2005-08-26,"16:01:49"
13123,2804,220,2,2005-08-19,"11:55:13",2005-08-21,"05:55:13"
13124,2105,78,2,2005-08-19,"11:55:59",2005-08-26,"06:01:59"
13125,3722,192,1,2005-08-19,"11:57:49",2005-08-26,"07:53:49"
13126,1392,253,1,2005-08-19,"12:00:28",2005-08-28,"17:27:28"
13127,2582,178,1,2005-08-19,"12:04:03",2005-08-27,"13:56:03"
13128,485,206,2,2005-08-19,"12:04:16",2005-08-26,"16:06:16"
13129,4455,274,1,2005-08-19,"12:05:04",2005-08-26,"10:24:04"
13130,2006,254,1,2005-08-19,"12:06:42",2005-08-23,"12:08:42"
13131,1466,480,2,2005-08-19,"12:08:13",2005-08-27,"13:43:13"
13132,1748,529,2,2005-08-19,"12:10:57",2005-08-27,"12:22:57"
13133,1635,523,2,2005-08-19,"12:11:03",2005-08-28,"12:36:03"
13134,1354,184,1,2005-08-19,"12:14:14",2005-08-20,"11:52:14"
13135,1585,361,2,2005-08-19,"12:22:52",2005-08-21,"14:04:52"
13136,2532,50,2,2005-08-19,"12:24:23",2005-08-28,"08:37:23"
13137,4431,20,1,2005-08-19,"12:26:32",2005-08-22,"13:26:32"
13138,3138,214,2,2005-08-19,"12:30:01",2005-08-21,"06:35:01"
13139,2099,554,1,2005-08-19,"12:32:10",2005-08-24,"12:12:10"
13140,4210,323,2,2005-08-19,"12:35:56",2005-08-27,"18:24:56"
13141,4545,376,2,2005-08-19,"12:41:41",2005-08-21,"08:17:41"
13142,1404,269,1,2005-08-19,"12:42:28",2005-08-26,"14:52:28"
13143,1655,371,2,2005-08-19,"12:44:38",2005-08-25,"10:59:38"
13144,3766,456,2,2005-08-19,"12:45:55",2005-08-27,"10:37:55"
13145,1383,72,1,2005-08-19,"12:53:53",2005-08-23,"08:06:53"
13146,1463,116,1,2005-08-19,"12:54:42",2005-08-26,"07:31:42"
13147,3490,37,1,2005-08-19,"12:55:09",2005-08-22,"18:10:09"
13148,1762,137,1,2005-08-19,"12:55:30",2005-08-21,"11:01:30"
13149,1436,40,1,2005-08-19,"13:07:12",2005-08-28,"18:12:12"
13150,1514,457,1,2005-08-19,"13:08:19",2005-08-25,"18:00:19"
13151,3045,16,2,2005-08-19,"13:08:23",2005-08-20,"12:38:23"
13152,3571,597,1,2005-08-19,"13:09:32",2005-08-25,"14:47:32"
13153,3896,431,2,2005-08-19,"13:09:47",2005-08-23,"17:35:47"
13154,2465,255,1,2005-08-19,"13:09:54",2005-08-26,"16:40:54"
13155,290,442,2,2005-08-19,"13:10:23",2005-08-25,"19:07:23"
13156,770,512,2,2005-08-19,"13:10:42",2005-08-25,"15:08:42"
13157,4391,592,1,2005-08-19,"13:12:28",2005-08-20,"10:41:28"
13158,944,327,1,2005-08-19,"13:18:10",2005-08-25,"09:27:10"
13159,2300,497,2,2005-08-19,"13:19:59",2005-08-21,"09:22:59"
13160,410,484,1,2005-08-19,"13:21:04",2005-08-22,"18:49:04"
13161,986,175,1,2006-02-14,"15:16:03",,
13162,1845,478,1,2005-08-19,"13:28:26",2005-08-24,"17:37:26"
13163,3068,57,2,2005-08-19,"13:29:46",2005-08-22,"07:48:46"
13164,1104,145,2,2005-08-19,"13:30:55",2005-08-26,"10:12:55"
13165,138,289,2,2005-08-19,"13:34:10",2005-08-21,"18:33:10"
13166,4386,504,1,2005-08-19,"13:36:28",2005-08-22,"07:57:28"
13167,557,120,2,2005-08-19,"13:36:41",2005-08-23,"15:29:41"
13168,2210,186,2,2005-08-19,"13:37:28",2005-08-27,"17:54:28"
13169,1709,141,1,2005-08-19,"13:43:35",2005-08-26,"09:31:35"
13170,1072,176,2,2005-08-19,"13:45:48",2005-08-27,"11:00:48"
13171,1765,122,1,2005-08-19,"13:48:54",2005-08-27,"18:57:54"
13172,1301,298,2,2005-08-19,"13:49:07",2005-08-20,"19:39:07"
13173,1304,29,2,2005-08-19,"13:50:36",2005-08-26,"12:34:36"
13174,2303,482,2,2005-08-19,"13:52:50",2005-08-22,"14:43:50"
13175,3187,239,2,2005-08-19,"13:54:53",2005-08-20,"16:25:53"
13176,2269,1,2,2005-08-19,"13:56:54",2005-08-23,"08:50:54"
13177,3172,126,2,2005-08-19,"13:56:58",2005-08-23,"13:13:58"
13178,693,394,1,2006-02-14,"15:16:03",,
13179,1624,104,1,2005-08-19,"13:59:53",2005-08-25,"12:10:53"
13180,3443,322,1,2005-08-19,"14:00:38",2005-08-20,"09:56:38"
13181,1256,128,2,2005-08-19,"14:00:56",2005-08-24,"13:52:56"
13182,364,496,2,2006-02-14,"15:16:03",,
13183,2404,301,2,2005-08-19,"14:09:26",2005-08-28,"08:44:26"
13184,4395,393,1,2005-08-19,"14:16:18",2005-08-20,"08:44:18"
13185,241,174,2,2005-08-19,"14:22:30",2005-08-20,"10:13:30"
13186,2802,176,1,2005-08-19,"14:23:19",2005-08-28,"11:26:19"
13187,1944,543,1,2005-08-19,"14:24:48",2005-08-20,"19:37:48"
13188,583,472,2,2005-08-19,"14:27:03",2005-08-28,"09:15:03"
13189,3444,368,1,2005-08-19,"14:27:16",2005-08-28,"10:34:16"
13190,4316,290,1,2005-08-19,"14:27:59",2005-08-26,"13:45:59"
13191,2753,371,2,2005-08-19,"14:28:48",2005-08-23,"12:53:48"
13192,966,532,1,2005-08-19,"14:30:06",2005-08-27,"15:20:06"
13193,523,118,2,2005-08-19,"14:33:45",2005-08-28,"08:46:45"
13194,2473,58,2,2005-08-19,"14:34:12",2005-08-26,"10:18:12"
13195,2537,565,2,2005-08-19,"14:39:14",2005-08-24,"10:30:14"
13196,458,202,2,2005-08-19,"14:40:32",2005-08-26,"18:15:32"
13197,3190,358,1,2005-08-19,"14:44:03",2005-08-22,"10:11:03"
13198,4273,169,2,2005-08-19,"14:47:18",2005-08-21,"18:09:18"
13199,4291,339,2,2005-08-19,"14:53:22",2005-08-27,"19:03:22"
13200,2746,577,2,2005-08-19,"14:55:58",2005-08-27,"11:35:58"
13201,111,508,1,2005-08-19,"14:56:05",2005-08-25,"14:37:05"
13202,3546,381,1,2005-08-19,"14:58:30",2005-08-27,"17:10:30"
13203,804,257,2,2005-08-19,"15:00:58",2005-08-27,"15:38:58"
13204,4524,152,1,2005-08-19,"15:02:48",2005-08-24,"18:07:48"
13205,2616,495,2,2005-08-19,"15:05:26",2005-08-25,"10:41:26"
13206,2477,504,2,2005-08-19,"15:05:34",2005-08-21,"20:37:34"
13207,674,58,1,2005-08-19,"15:14:38",2005-08-27,"16:09:38"
13208,609,435,1,2005-08-19,"15:18:55",2005-08-24,"11:59:55"
13209,1574,5,2,2006-02-14,"15:16:03",,
13210,2789,487,1,2005-08-19,"15:23:38",2005-08-21,"11:57:38"
13211,1968,289,1,2005-08-19,"15:23:41",2005-08-22,"16:58:41"
13212,3691,158,1,2005-08-19,"15:24:07",2005-08-24,"21:03:07"
13213,1546,13,1,2005-08-19,"15:25:48",2005-08-22,"09:32:48"
13214,2675,157,2,2005-08-19,"15:31:06",2005-08-20,"19:58:06"
13215,3740,460,1,2005-08-19,"15:35:38",2005-08-27,"12:16:38"
13216,4335,422,2,2005-08-19,"15:36:05",2005-08-25,"19:03:05"
13217,616,565,1,2005-08-19,"15:38:39",2005-08-21,"14:33:39"
13218,4148,257,1,2005-08-19,"15:39:39",2005-08-22,"17:28:39"
13219,2075,288,2,2005-08-19,"15:40:28",2005-08-22,"21:20:28"
13220,1017,448,1,2005-08-19,"15:42:32",2005-08-25,"13:37:32"
13221,120,468,1,2005-08-19,"15:45:47",2005-08-26,"21:10:47"
13222,1656,91,1,2005-08-19,"15:47:58",2005-08-26,"12:43:58"
13223,332,461,1,2005-08-19,"15:52:04",2005-08-22,"16:27:04"
13224,3086,526,2,2005-08-19,"15:52:13",2005-08-28,"20:53:13"
13225,1420,562,1,2005-08-19,"15:54:33",2005-08-25,"16:40:33"
13226,2850,46,2,2005-08-19,"16:05:36",2005-08-21,"10:07:36"
13227,2759,288,1,2005-08-19,"16:05:38",2005-08-20,"21:39:38"
13228,2497,571,1,2005-08-19,"16:08:16",2005-08-20,"18:55:16"
13229,634,283,2,2005-08-19,"16:08:33",2005-08-22,"19:54:33"
13230,3645,151,1,2005-08-19,"16:12:07",2005-08-21,"12:19:07"
13231,2126,280,2,2005-08-19,"16:12:49",2005-08-27,"17:14:49"
13232,2370,206,2,2005-08-19,"16:13:32",2005-08-28,"14:42:32"
13233,1057,279,1,2005-08-19,"16:14:41",2005-08-24,"21:13:41"
13234,976,559,1,2005-08-19,"16:17:15",2005-08-27,"12:36:15"
13235,3902,367,1,2005-08-19,"16:17:53",2005-08-27,"14:57:53"
13236,4574,267,2,2005-08-19,"16:18:24",2005-08-27,"17:48:24"
13237,1272,169,2,2005-08-19,"16:18:36",2005-08-25,"15:22:36"
13238,985,348,2,2005-08-19,"16:20:56",2005-08-23,"15:51:56"
13239,3296,541,1,2005-08-19,"16:22:13",2005-08-23,"19:26:13"
13240,1411,179,1,2005-08-19,"16:22:14",2005-08-20,"13:24:14"
13241,3106,33,2,2005-08-19,"16:25:00",2005-08-26,"12:27:00"
13242,230,414,2,2005-08-19,"16:28:47",2005-08-24,"22:13:47"
13243,355,251,2,2005-08-19,"16:33:16",2005-08-25,"13:19:16"
13244,3246,298,2,2005-08-19,"16:43:04",2005-08-22,"15:21:04"
13245,1001,261,1,2005-08-19,"16:43:41",2005-08-20,"21:17:41"
13246,1849,411,2,2006-02-14,"15:16:03",,
13247,1271,24,1,2005-08-19,"16:45:59",2005-08-25,"15:25:59"
13248,2864,559,2,2005-08-19,"16:47:41",2005-08-28,"18:11:41"
13249,3084,377,1,2005-08-19,"16:47:41",2005-08-20,"13:30:41"
13250,2524,448,2,2005-08-19,"16:47:55",2005-08-26,"16:54:55"
13251,4216,111,1,2005-08-19,"16:48:37",2005-08-20,"16:33:37"
13252,775,451,2,2005-08-19,"16:50:50",2005-08-22,"22:09:50"
13253,472,399,2,2005-08-19,"16:53:56",2005-08-20,"11:38:56"
13254,3412,532,2,2005-08-19,"16:54:01",2005-08-27,"19:50:01"
13255,1101,150,1,2005-08-19,"16:54:12",2005-08-28,"17:00:12"
13256,2719,289,1,2005-08-19,"16:54:12",2005-08-28,"16:54:12"
13257,164,300,1,2005-08-19,"17:01:20",2005-08-24,"17:26:20"
13258,2246,349,2,2005-08-19,"17:05:37",2005-08-24,"17:36:37"
13259,2518,458,1,2005-08-19,"17:08:53",2005-08-23,"14:14:53"
13260,578,251,2,2005-08-19,"17:09:22",2005-08-24,"21:31:22"
13261,3538,417,1,2006-02-14,"15:16:03",,
13262,4483,184,2,2005-08-19,"17:20:15",2005-08-26,"18:28:15"
13263,214,206,2,2005-08-19,"17:26:55",2005-08-28,"20:07:55"
13264,1881,109,1,2005-08-19,"17:27:10",2005-08-27,"16:00:10"
13265,3933,314,2,2005-08-19,"17:29:00",2005-08-20,"12:59:00"
13266,1326,571,2,2005-08-19,"17:31:20",2005-08-21,"11:41:20"
13267,550,335,1,2005-08-19,"17:31:36",2005-08-21,"13:47:36"
13268,1166,255,2,2005-08-19,"17:33:50",2005-08-25,"17:15:50"
13269,2382,461,2,2005-08-19,"17:34:00",2005-08-20,"15:17:00"
13270,405,159,2,2005-08-19,"17:41:16",2005-08-23,"20:22:16"
13271,3872,242,2,2005-08-19,"17:42:06",2005-08-27,"18:39:06"
13272,2531,145,2,2005-08-19,"17:49:13",2005-08-23,"15:49:13"
13273,4181,433,1,2005-08-19,"17:49:13",2005-08-21,"14:15:13"
13274,704,272,2,2005-08-19,"17:50:03",2005-08-20,"14:39:03"
13275,710,377,2,2005-08-19,"17:53:38",2005-08-23,"16:29:38"
13276,625,516,2,2005-08-19,"17:53:42",2005-08-28,"20:49:42"
13277,3820,316,2,2005-08-19,"17:57:35",2005-08-25,"15:45:35"
13278,2691,282,1,2005-08-19,"17:57:53",2005-08-22,"23:16:53"
13279,2472,343,2,2005-08-19,"18:02:18",2005-08-24,"22:15:18"
13280,218,368,2,2005-08-19,"18:02:51",2005-08-21,"23:17:51"
13281,113,220,2,2005-08-19,"18:07:47",2005-08-20,"21:51:47"
13282,4373,59,1,2005-08-19,"18:08:18",2005-08-24,"14:08:18"
13283,2602,180,2,2005-08-19,"18:10:19",2005-08-23,"16:09:19"
13284,2128,338,2,2005-08-19,"18:12:31",2005-08-25,"21:26:31"
13285,2139,182,1,2005-08-19,"18:18:44",2005-08-20,"12:33:44"
13286,2685,245,2,2005-08-19,"18:28:07",2005-08-22,"17:23:07"
13287,2716,569,2,2005-08-19,"18:28:24",2005-08-26,"20:13:24"
13288,3558,162,2,2005-08-19,"18:30:10",2005-08-20,"19:20:10"
13289,3527,497,1,2005-08-19,"18:31:30",2005-08-20,"13:43:30"
13290,4174,23,2,2005-08-19,"18:31:50",2005-08-25,"15:49:50"
13291,1631,243,2,2005-08-19,"18:32:11",2005-08-20,"18:22:11"
13292,1336,171,1,2005-08-19,"18:35:32",2005-08-22,"00:27:32"
13293,380,399,2,2005-08-19,"18:35:52",2005-08-23,"17:18:52"
13294,156,534,1,2005-08-19,"18:36:35",2005-08-20,"13:57:35"
13295,2408,229,1,2006-02-14,"15:16:03",,
13296,1728,300,2,2005-08-19,"18:43:53",2005-08-21,"23:30:53"
13297,3818,359,2,2005-08-19,"18:45:49",2005-08-22,"14:58:49"
13298,2133,361,2,2006-02-14,"15:16:03",,
13299,4385,373,1,2005-08-19,"18:46:33",2005-08-22,"20:45:33"
13300,842,531,2,2005-08-19,"18:46:56",2005-08-28,"20:23:56"
13301,2261,494,1,2005-08-19,"18:53:15",2005-08-26,"21:37:15"
13302,4041,51,1,2005-08-19,"18:54:26",2005-08-21,"23:01:26"
13303,34,184,2,2005-08-19,"18:55:21",2005-08-23,"18:49:21"
13304,2979,405,2,2005-08-19,"18:56:32",2005-08-23,"20:04:32"
13305,2386,337,1,2005-08-19,"18:57:05",2005-08-28,"22:28:05"
13306,2742,229,2,2005-08-19,"18:57:29",2005-08-20,"20:09:29"
13307,2242,547,1,2005-08-19,"18:58:44",2005-08-22,"00:15:44"
13308,3189,414,2,2005-08-19,"18:59:42",2005-08-28,"13:21:42"
13309,2108,91,2,2005-08-19,"19:04:00",2005-08-28,"23:08:00"
13310,2563,311,1,2005-08-19,"19:05:16",2005-08-23,"22:47:16"
13311,3890,520,1,2005-08-19,"19:07:09",2005-08-20,"23:07:09"
13312,2891,418,2,2005-08-19,"19:09:14",2005-08-23,"00:50:14"
13313,3709,580,2,2005-08-19,"19:11:41",2005-08-21,"23:53:41"
13314,2899,347,2,2005-08-19,"19:12:43",2005-08-27,"00:20:43"
13315,3151,54,1,2005-08-19,"19:16:18",2005-08-21,"20:58:18"
13316,4450,10,1,2005-08-19,"19:23:30",2005-08-22,"23:37:30"
13317,3349,20,2,2005-08-19,"19:25:42",2005-08-20,"20:57:42"
13318,1389,413,2,2005-08-19,"19:33:57",2005-08-21,"17:52:57"
13319,2496,438,1,2005-08-19,"19:35:13",2005-08-27,"17:59:13"
13320,4522,172,2,2005-08-19,"19:35:33",2005-08-24,"20:09:33"
13321,4183,280,2,2005-08-19,"19:40:37",2005-08-21,"19:09:37"
13322,2149,559,2,2005-08-19,"19:43:08",2005-08-24,"16:30:08"
13323,1055,133,1,2005-08-19,"19:48:07",2005-08-23,"15:28:07"
13324,4349,564,1,2005-08-19,"19:51:00",2005-08-20,"20:26:00"
13325,2388,334,1,2005-08-19,"19:52:02",2005-08-22,"21:14:02"
13326,429,576,1,2005-08-19,"19:52:52",2005-08-20,"18:56:52"
13327,1808,72,2,2005-08-19,"19:55:45",2005-08-22,"15:05:45"
13328,605,462,2,2005-08-19,"19:56:01",2005-08-20,"22:16:01"
13329,3136,373,2,2005-08-19,"19:56:55",2005-08-25,"01:19:55"
13330,4276,297,2,2005-08-19,"19:59:21",2005-08-20,"15:34:21"
13331,3867,23,1,2005-08-19,"20:00:25",2005-08-21,"17:03:25"
13332,3144,503,1,2005-08-19,"20:00:51",2005-08-25,"14:30:51"
13333,1092,64,2,2006-02-14,"15:16:03",,
13334,461,379,1,2005-08-19,"20:02:33",2005-08-22,"00:45:33"
13335,1861,74,2,2005-08-19,"20:03:18",2005-08-24,"20:09:18"
13336,1011,289,1,2005-08-19,"20:03:22",2005-08-24,"23:42:22"
13337,3584,374,1,2005-08-19,"20:06:57",2005-08-20,"16:31:57"
13338,3739,86,2,2005-08-19,"20:09:59",2005-08-23,"22:59:59"
13339,1428,15,1,2005-08-19,"20:18:36",2005-08-28,"21:34:36"
13340,4358,45,2,2005-08-19,"20:18:39",2005-08-28,"21:06:39"
13341,1749,460,1,2005-08-19,"20:18:53",2005-08-27,"14:36:53"
13342,3476,172,1,2005-08-19,"20:21:36",2005-08-21,"16:26:36"
13343,1032,591,1,2005-08-19,"20:22:08",2005-08-27,"17:21:08"
13344,4392,514,1,2005-08-19,"20:22:44",2005-08-25,"18:39:44"
13345,47,55,1,2005-08-19,"20:25:24",2005-08-27,"20:38:24"
13346,4541,131,2,2005-08-19,"20:28:21",2005-08-28,"00:28:21"
13347,4038,562,2,2005-08-19,"20:28:48",2005-08-28,"19:33:48"
13348,275,456,1,2005-08-19,"20:31:48",2005-08-21,"21:01:48"
13349,4262,234,1,2005-08-19,"20:43:16",2005-08-20,"16:21:16"
13350,3523,214,2,2005-08-19,"20:44:00",2005-08-27,"01:23:00"
13351,4130,42,2,2006-02-14,"15:16:03",,
13352,2689,80,1,2005-08-19,"20:51:40",2005-08-24,"01:22:40"
13353,2790,131,1,2005-08-19,"20:53:43",2005-08-25,"01:25:43"
13354,1356,213,2,2005-08-19,"20:55:23",2005-08-27,"20:09:23"
13355,585,396,1,2005-08-19,"20:59:19",2005-08-23,"21:44:19"
13356,2713,324,1,2005-08-19,"21:02:21",2005-08-24,"00:31:21"
13357,3295,393,2,2005-08-19,"21:02:59",2005-08-25,"23:46:59"
13358,1510,439,2,2005-08-19,"21:04:20",2005-08-24,"20:49:20"
13359,4175,434,1,2005-08-19,"21:04:49",2005-08-27,"01:46:49"
13360,3396,327,2,2005-08-19,"21:05:11",2005-08-24,"16:05:11"
13361,4289,107,2,2005-08-19,"21:07:22",2005-08-21,"21:26:22"
13362,869,565,2,2005-08-19,"21:07:54",2005-08-20,"17:29:54"
13363,588,288,1,2005-08-19,"21:07:59",2005-08-21,"17:08:59"
13364,2773,236,1,2005-08-19,"21:09:30",2005-08-25,"18:37:30"
13365,4136,307,2,2005-08-19,"21:12:37",2005-08-25,"19:56:37"
13366,602,259,1,2005-08-19,"21:14:45",2005-08-21,"03:06:45"
13367,4569,290,2,2005-08-19,"21:19:27",2005-08-24,"15:22:27"
13368,1073,342,2,2005-08-19,"21:19:35",2005-08-21,"16:12:35"
13369,2728,116,1,2005-08-19,"21:19:47",2005-08-24,"23:25:47"
13370,239,101,1,2005-08-19,"21:20:11",2005-08-25,"22:51:11"
13371,3401,34,2,2005-08-19,"21:21:47",2005-08-26,"16:17:47"
13372,3366,150,1,2005-08-19,"21:23:19",2005-08-24,"22:12:19"
13373,4045,7,1,2005-08-19,"21:23:31",2005-08-25,"22:38:31"
13374,2721,227,1,2006-02-14,"15:16:03",,
13375,949,120,1,2005-08-19,"21:31:31",2005-08-29,"00:17:31"
13376,898,40,2,2005-08-19,"21:31:45",2005-08-22,"01:14:45"
13377,1316,572,1,2005-08-19,"21:32:23",2005-08-25,"22:24:23"
13378,2708,368,1,2005-08-19,"21:33:35",2005-08-20,"22:47:35"
13379,1623,227,1,2005-08-19,"21:33:39",2005-08-22,"21:00:39"
13380,4250,451,1,2005-08-19,"21:36:58",2005-08-22,"23:55:58"
13381,2823,21,2,2005-08-19,"21:37:57",2005-08-21,"18:07:57"
13382,3720,436,1,2005-08-19,"21:38:41",2005-08-28,"15:49:41"
13383,3193,434,2,2005-08-19,"21:38:44",2005-08-28,"23:22:44"
13384,1462,440,1,2005-08-19,"21:38:51",2005-08-23,"17:55:51"
13385,4323,252,2,2005-08-19,"21:39:35",2005-08-22,"22:38:35"
13386,4476,324,2,2005-08-19,"21:43:58",2005-08-24,"20:29:58"
13387,123,504,1,2005-08-19,"21:46:10",2005-08-24,"01:16:10"
13388,942,317,1,2005-08-19,"21:46:49",2005-08-27,"16:18:49"
13389,3352,257,1,2005-08-19,"21:52:51",2005-08-25,"02:38:51"
13390,2855,135,1,2006-02-14,"15:16:03",,
13391,4220,16,2,2005-08-19,"22:01:42",2005-08-24,"22:20:42"
13392,692,409,1,2005-08-19,"22:03:22",2005-08-28,"19:27:22"
13393,958,15,2,2005-08-19,"22:03:46",2005-08-28,"19:19:46"
13394,2597,45,1,2005-08-19,"22:05:19",2005-08-21,"23:53:19"
13395,53,80,2,2005-08-19,"22:05:40",2005-08-22,"01:31:40"
13396,4169,517,2,2005-08-19,"22:06:09",2005-08-23,"23:26:09"
13397,3863,379,2,2005-08-19,"22:06:35",2005-08-29,"01:11:35"
13398,3376,405,1,2005-08-19,"22:08:48",2005-08-23,"03:24:48"
13399,2309,21,2,2005-08-19,"22:09:28",2005-08-25,"20:25:28"
13400,2173,179,2,2005-08-19,"22:11:44",2005-08-20,"23:27:44"
13401,488,139,2,2005-08-19,"22:16:16",2005-08-25,"19:01:16"
13402,3264,372,1,2005-08-19,"22:16:53",2005-08-22,"22:28:53"
13403,3241,3,1,2005-08-19,"22:18:07",2005-08-27,"19:23:07"
13404,416,414,2,2005-08-19,"22:18:42",2005-08-23,"16:29:42"
13405,1554,181,1,2005-08-19,"22:20:49",2005-08-28,"21:21:49"
13406,3031,113,1,2005-08-19,"22:22:01",2005-08-22,"18:16:01"
13407,2512,131,1,2005-08-19,"22:26:26",2005-08-22,"16:34:26"
13408,2795,575,1,2005-08-19,"22:34:51",2005-08-21,"03:30:51"
13409,873,214,2,2005-08-19,"22:36:26",2005-08-22,"01:52:26"
13410,1421,104,2,2005-08-19,"22:41:44",2005-08-26,"18:05:44"
13411,4425,21,2,2005-08-19,"22:43:38",2005-08-26,"18:29:38"
13412,2806,404,1,2005-08-19,"22:46:35",2005-08-26,"18:06:35"
13413,1501,390,1,2005-08-19,"22:46:46",2005-08-24,"22:52:46"
13414,4126,438,1,2005-08-19,"22:47:34",2005-08-21,"02:50:34"
13415,1105,181,1,2005-08-19,"22:48:09",2005-08-25,"02:09:09"
13416,1075,204,2,2005-08-19,"22:48:48",2005-08-21,"22:09:48"
13417,92,468,1,2005-08-19,"22:51:39",2005-08-23,"03:34:39"
13418,2113,246,2,2005-08-19,"22:53:56",2005-08-28,"02:05:56"
13419,3507,537,1,2006-02-14,"15:16:03",,
13420,1796,102,1,2005-08-19,"22:57:25",2005-08-28,"22:46:25"
13421,9,366,1,2006-02-14,"15:16:03",,
13422,3835,404,2,2005-08-19,"23:07:24",2005-08-28,"04:12:24"
13423,546,311,1,2005-08-19,"23:07:42",2005-08-26,"20:45:42"
13424,4340,216,1,2005-08-19,"23:10:09",2005-08-23,"02:25:09"
13425,2274,340,2,2005-08-19,"23:11:44",2005-08-25,"21:19:44"
13426,3409,213,2,2005-08-19,"23:15:00",2005-08-21,"01:53:00"
13427,3120,239,1,2005-08-19,"23:19:02",2005-08-21,"18:30:02"
13428,106,44,2,2006-02-14,"15:16:03",,
13429,3677,23,2,2005-08-19,"23:25:37",2005-08-28,"01:04:37"
13430,2852,381,1,2005-08-19,"23:25:43",2005-08-22,"18:41:43"
13431,1700,229,1,2005-08-19,"23:28:15",2005-08-25,"04:44:15"
13432,2216,78,1,2005-08-19,"23:29:06",2005-08-23,"00:57:06"
13433,1647,171,2,2005-08-19,"23:30:53",2005-08-22,"05:18:53"
13434,2073,221,1,2005-08-19,"23:34:26",2005-08-23,"18:33:26"
13435,3919,30,2,2005-08-19,"23:35:44",2005-08-24,"18:14:44"
13436,2499,29,1,2005-08-19,"23:36:25",2005-08-23,"18:38:25"
13437,2292,67,1,2005-08-19,"23:37:52",2005-08-28,"22:17:52"
13438,1750,520,1,2005-08-19,"23:38:02",2005-08-26,"21:36:02"
13439,3535,551,2,2005-08-19,"23:42:16",2005-08-26,"21:24:16"
13440,2842,260,1,2005-08-19,"23:42:52",2005-08-25,"19:19:52"
13441,3188,125,1,2005-08-19,"23:48:23",2005-08-28,"23:47:23"
13442,2432,356,2,2005-08-19,"23:50:45",2005-08-27,"22:01:45"
13443,3161,236,1,2005-08-19,"23:53:42",2005-08-28,"05:37:42"
13444,2564,37,2,2005-08-20,"00:00:24",2005-08-21,"05:59:24"
13445,1630,495,1,2005-08-20,"00:05:33",2005-08-21,"21:20:33"
13446,3226,488,1,2005-08-20,"00:06:13",2005-08-22,"19:56:13"
13447,285,542,1,2005-08-20,"00:09:36",2005-08-25,"01:22:36"
13448,2870,327,1,2005-08-20,"00:12:43",2005-08-25,"02:33:43"
13449,1297,400,2,2005-08-20,"00:17:01",2005-08-23,"20:42:01"
13450,135,61,1,2005-08-20,"00:18:15",2005-08-24,"19:36:15"
13451,3837,6,1,2005-08-20,"00:18:25",2005-08-29,"01:08:25"
13452,2449,430,1,2005-08-20,"00:20:07",2005-08-25,"05:43:07"
13453,2203,164,2,2005-08-20,"00:30:51",2005-08-28,"18:43:51"
13454,1553,430,2,2005-08-20,"00:30:52",2005-08-27,"19:45:52"
13455,1315,133,1,2005-08-20,"00:32:17",2005-08-26,"19:33:17"
13456,1644,13,1,2005-08-20,"00:33:19",2005-08-22,"01:47:19"
13457,1220,256,2,2005-08-20,"00:33:22",2005-08-26,"21:37:22"
13458,4223,228,1,2005-08-20,"00:35:30",2005-08-21,"20:51:30"
13459,3666,114,2,2005-08-20,"00:45:40",2005-08-29,"02:53:40"
13460,244,410,2,2005-08-20,"00:48:24",2005-08-28,"04:13:24"
13461,2621,421,2,2005-08-20,"00:49:04",2005-08-28,"02:49:04"
13462,3865,489,2,2005-08-20,"00:49:19",2005-08-26,"06:21:19"
13463,510,21,1,2005-08-20,"00:50:54",2005-08-28,"23:00:54"
13464,4292,576,1,2006-02-14,"15:16:03",,
13465,1305,575,2,2005-08-20,"00:54:14",2005-08-21,"20:55:14"
13466,3088,262,1,2005-08-20,"00:55:16",2005-08-22,"22:48:16"
13467,696,373,1,2005-08-20,"00:56:44",2005-08-20,"20:16:44"
13468,1851,266,1,2005-08-20,"00:56:44",2005-08-29,"06:26:44"
13469,1410,235,1,2005-08-20,"00:59:36",2005-08-24,"22:41:36"
13470,3097,141,1,2005-08-20,"01:01:16",2005-08-21,"03:19:16"
13471,1391,296,2,2005-08-20,"01:02:26",2005-08-25,"06:37:26"
13472,3074,137,1,2005-08-20,"01:03:31",2005-08-28,"02:54:31"
13473,381,390,2,2005-08-20,"01:03:50",2005-08-22,"02:33:50"
13474,1209,116,2,2005-08-20,"01:04:32",2005-08-21,"20:26:32"
13475,3214,68,2,2005-08-20,"01:05:05",2005-08-20,"20:22:05"
13476,2866,7,1,2005-08-20,"01:06:04",2005-08-24,"23:56:04"
13477,1442,222,1,2005-08-20,"01:07:00",2005-08-26,"02:47:00"
13478,2190,466,1,2005-08-20,"01:07:14",2005-08-22,"03:41:14"
13479,1262,87,2,2005-08-20,"01:09:11",2005-08-26,"05:35:11"
13480,206,16,2,2005-08-20,"01:10:27",2005-08-27,"22:18:27"
13481,2678,157,2,2005-08-20,"01:11:12",2005-08-26,"23:07:12"
13482,1627,183,1,2005-08-20,"01:14:30",2005-08-24,"04:57:30"
13483,2550,441,2,2005-08-20,"01:16:38",2005-08-21,"20:43:38"
13484,1533,152,2,2005-08-20,"01:16:52",2005-08-22,"23:47:52"
13485,3802,379,2,2005-08-20,"01:20:14",2005-08-22,"01:28:14"
13486,4460,274,1,2006-02-14,"15:16:03",,
13487,2609,458,2,2005-08-20,"01:27:05",2005-08-24,"00:41:05"
13488,867,444,2,2005-08-20,"01:28:42",2005-08-25,"06:17:42"
13489,2934,443,1,2005-08-20,"01:29:06",2005-08-27,"21:11:06"
13490,238,18,2,2005-08-20,"01:29:29",2005-08-21,"22:36:29"
13491,2503,258,2,2005-08-20,"01:30:56",2005-08-28,"23:26:56"
13492,1155,462,2,2005-08-20,"01:32:04",2005-08-29,"02:14:04"
13493,2927,37,1,2005-08-20,"01:33:36",2005-08-24,"06:32:36"
13494,1632,414,1,2005-08-20,"01:36:34",2005-08-21,"06:52:34"
13495,3881,92,2,2005-08-20,"01:40:25",2005-08-23,"06:32:25"
13496,3040,454,2,2005-08-20,"01:42:29",2005-08-29,"06:47:29"
13497,1296,481,2,2005-08-20,"01:46:38",2005-08-26,"05:37:38"
13498,1603,578,1,2005-08-20,"01:51:23",2005-08-24,"05:32:23"
13499,1893,300,1,2005-08-20,"01:52:30",2005-08-28,"04:57:30"
13500,1353,577,1,2005-08-20,"01:54:39",2005-08-25,"21:23:39"
13501,4369,390,2,2005-08-20,"01:56:20",2005-08-22,"23:07:20"
13502,1324,309,1,2005-08-20,"01:58:15",2005-08-21,"20:21:15"
13503,453,15,1,2005-08-20,"02:00:33",2005-08-28,"21:03:33"
13504,4322,293,2,2005-08-20,"02:01:48",2005-08-25,"21:52:48"
13505,914,536,1,2005-08-20,"02:05:57",2005-08-23,"05:52:57"
13506,1334,261,1,2005-08-20,"02:07:06",2005-08-26,"08:06:06"
13507,3324,478,2,2005-08-20,"02:10:27",2005-08-23,"04:03:27"
13508,4120,408,2,2005-08-20,"02:12:54",2005-08-28,"21:47:54"
13509,3698,128,2,2005-08-20,"02:14:16",2005-08-22,"06:36:16"
13510,691,107,1,2005-08-20,"02:18:30",2005-08-27,"01:33:30"
13511,2973,23,1,2005-08-20,"02:21:40",2005-08-21,"03:26:40"
13512,4508,62,2,2005-08-20,"02:27:13",2005-08-28,"04:40:13"
13513,1653,454,1,2005-08-20,"02:27:53",2005-08-22,"06:10:53"
13514,3407,96,1,2005-08-20,"02:28:09",2005-08-25,"00:41:09"
13515,3438,194,2,2005-08-20,"02:29:47",2005-08-23,"08:12:47"
13516,4286,95,1,2005-08-20,"02:32:45",2005-08-27,"04:38:45"
13517,533,186,2,2005-08-20,"02:33:17",2005-08-23,"22:40:17"
13518,352,528,1,2005-08-20,"02:36:17",2005-08-24,"08:06:17"
13519,182,12,2,2005-08-20,"02:37:07",2005-08-23,"01:26:07"
13520,3326,74,1,2005-08-20,"02:41:46",2005-08-22,"01:53:46"
13521,2586,384,1,2005-08-20,"02:42:28",2005-08-22,"06:12:28"
13522,2940,343,1,2005-08-20,"02:44:06",2005-08-28,"05:30:06"
13523,163,572,1,2005-08-20,"02:47:03",2005-08-28,"07:43:03"
13524,4557,593,2,2005-08-20,"02:48:43",2005-08-27,"03:14:43"
13525,3514,111,2,2005-08-20,"02:50:44",2005-08-26,"22:58:44"
13526,1966,277,2,2005-08-20,"02:58:42",2005-08-27,"22:36:42"
13527,4424,521,1,2005-08-20,"03:00:47",2005-08-25,"01:03:47"
13528,1847,202,1,2005-08-20,"03:03:31",2005-08-26,"03:09:31"
13529,1979,193,1,2005-08-20,"03:07:47",2005-08-21,"21:50:47"
13530,597,156,2,2005-08-20,"03:12:43",2005-08-23,"09:01:43"
13531,2778,156,1,2005-08-20,"03:26:10",2005-08-25,"03:41:10"
13532,1433,168,2,2005-08-20,"03:29:28",2005-08-23,"22:53:28"
13533,1801,436,1,2005-08-20,"03:30:00",2005-08-27,"05:53:00"
13534,2476,75,1,2006-02-14,"15:16:03",,
13535,1563,86,1,2005-08-20,"03:30:25",2005-08-28,"04:35:25"
13536,667,183,2,2005-08-20,"03:35:16",2005-08-25,"04:06:16"
13537,2521,418,2,2005-08-20,"03:39:15",2005-08-23,"22:03:15"
13538,581,279,1,2006-02-14,"15:16:03",,
13539,3110,518,1,2005-08-20,"03:40:27",2005-08-27,"07:15:27"
13540,3785,557,2,2005-08-20,"03:41:23",2005-08-27,"09:09:23"
13541,1363,15,1,2005-08-20,"03:41:41",2005-08-24,"23:14:41"
13542,4543,147,2,2005-08-20,"03:41:57",2005-08-29,"03:21:57"
13543,2142,163,2,2005-08-20,"03:43:13",2005-08-29,"07:14:13"
13544,58,538,1,2005-08-20,"03:44:26",2005-08-27,"22:11:26"
13545,615,417,1,2005-08-20,"03:50:15",2005-08-27,"22:24:15"
13546,2492,390,2,2005-08-20,"03:50:24",2005-08-28,"03:04:24"
13547,3122,456,1,2005-08-20,"03:53:16",2005-08-25,"04:02:16"
13548,4389,319,1,2005-08-20,"03:53:20",2005-08-27,"21:54:20"
13549,508,274,1,2005-08-20,"03:58:41",2005-08-28,"22:49:41"
13550,208,206,2,2005-08-20,"03:58:51",2005-08-28,"00:45:51"
13551,1049,503,2,2005-08-20,"04:00:30",2005-08-21,"06:26:30"
13552,758,578,2,2005-08-20,"04:03:51",2005-08-23,"02:48:51"
13553,4407,314,1,2005-08-20,"04:07:21",2005-08-28,"09:55:21"
13554,2648,569,2,2005-08-20,"04:08:39",2005-08-28,"07:11:39"
13555,3176,93,1,2005-08-20,"04:09:50",2005-08-29,"05:20:50"
13556,3914,266,2,2005-08-20,"04:10:26",2005-08-26,"06:45:26"
13557,2290,23,2,2005-08-20,"04:12:41",2005-08-21,"02:33:41"
13558,1551,564,1,2005-08-20,"04:13:17",2005-08-24,"06:38:17"
13559,2413,444,1,2005-08-20,"04:16:07",2005-08-24,"23:23:07"
13560,820,56,1,2005-08-20,"04:17:16",2005-08-28,"08:38:16"
13561,3202,530,1,2006-02-14,"15:16:03",,
13562,4547,36,1,2005-08-20,"04:31:45",2005-08-25,"09:59:45"
13563,599,366,2,2005-08-20,"04:33:31",2005-08-24,"07:08:31"
13564,678,36,2,2005-08-20,"04:34:46",2005-08-28,"23:18:46"
13565,3378,214,1,2005-08-20,"04:38:52",2005-08-27,"07:17:52"
13566,4397,558,2,2005-08-20,"04:45:32",2005-08-28,"02:12:32"
13567,543,242,1,2005-08-20,"04:49:21",2005-08-26,"10:27:21"
13568,1243,151,2,2005-08-20,"05:02:46",2005-08-27,"03:12:46"
13569,1934,496,1,2005-08-20,"05:02:59",2005-08-28,"00:51:59"
13570,2808,188,2,2005-08-20,"05:04:57",2005-08-24,"06:19:57"
13571,1251,458,2,2005-08-20,"05:05:14",2005-08-25,"03:59:14"
13572,660,11,1,2005-08-20,"05:07:27",2005-08-23,"23:33:27"
13573,3032,59,1,2005-08-20,"05:10:14",2005-08-22,"00:59:14"
13574,2383,552,2,2005-08-20,"05:10:39",2005-08-21,"02:21:39"
13575,2729,339,2,2005-08-20,"05:15:20",2005-08-28,"07:36:20"
13576,2669,223,2,2005-08-20,"05:19:56",2005-08-22,"09:08:56"
13577,3844,448,2,2006-02-14,"15:16:03",,
13578,4301,352,2,2006-02-14,"15:16:03",,
13579,4237,333,2,2005-08-20,"05:22:06",2005-08-28,"02:33:06"
13580,4419,526,1,2005-08-20,"05:23:34",2005-08-23,"02:45:34"
13581,1753,119,2,2005-08-20,"05:26:15",2005-08-21,"11:07:15"
13582,211,166,2,2005-08-20,"05:28:11",2005-08-23,"02:06:11"
13583,176,74,1,2005-08-20,"05:29:45",2005-08-26,"06:49:45"
13584,3966,548,2,2006-02-14,"15:16:03",,
13585,3314,470,1,2005-08-20,"05:32:23",2005-08-27,"23:36:23"
13586,4544,445,2,2005-08-20,"05:40:33",2005-08-25,"01:32:33"
13587,2455,431,2,2006-02-14,"15:16:03",,
13588,702,279,2,2005-08-20,"05:47:11",2005-08-28,"02:45:11"
13589,3216,574,2,2005-08-20,"05:47:25",2005-08-23,"01:29:25"
13590,4417,264,2,2005-08-20,"05:48:59",2005-08-25,"00:44:59"
13591,3089,390,2,2005-08-20,"05:50:05",2005-08-27,"08:43:05"
13592,1509,470,1,2005-08-20,"05:50:35",2005-08-23,"04:52:35"
13593,261,585,2,2005-08-20,"05:50:52",2005-08-27,"05:28:52"
13594,3424,7,1,2005-08-20,"05:53:31",2005-08-23,"09:01:31"
13595,673,545,1,2005-08-20,"05:54:27",2005-08-29,"01:25:27"
13596,482,513,1,2005-08-20,"05:58:58",2005-08-27,"08:35:58"
13597,3697,72,2,2005-08-20,"05:59:05",2005-08-24,"05:38:05"
13598,2803,259,1,2005-08-20,"05:59:17",2005-08-29,"01:02:17"
13599,3333,150,1,2005-08-20,"06:00:03",2005-08-29,"07:56:03"
13600,431,528,1,2005-08-20,"06:00:25",2005-08-28,"02:39:25"
13601,2166,189,2,2005-08-20,"06:01:15",2005-08-29,"06:14:15"
13602,2805,348,1,2005-08-20,"06:02:02",2005-08-27,"04:51:02"
13603,937,362,1,2005-08-20,"06:02:48",2005-08-29,"09:39:48"
13604,4352,353,1,2005-08-20,"06:03:33",2005-08-21,"07:06:33"
13605,4446,522,2,2005-08-20,"06:06:17",2005-08-26,"00:53:17"
13606,83,146,2,2005-08-20,"06:07:01",2005-08-27,"04:59:01"
13607,2692,491,2,2005-08-20,"06:08:42",2005-08-21,"01:59:42"
13608,4110,193,1,2005-08-20,"06:10:44",2005-08-24,"07:08:44"
13609,299,328,2,2005-08-20,"06:11:51",2005-08-23,"04:13:51"
13610,2526,3,2,2005-08-20,"06:14:12",2005-08-26,"00:44:12"
13611,1460,112,1,2005-08-20,"06:20:42",2005-08-28,"10:07:42"
13612,675,505,1,2005-08-20,"06:22:08",2005-08-28,"02:22:08"
13613,2415,201,2,2005-08-20,"06:23:53",2005-08-29,"11:40:53"
13614,3736,381,2,2005-08-20,"06:28:37",2005-08-22,"07:54:37"
13615,1864,539,2,2005-08-20,"06:28:53",2005-08-27,"11:40:53"
13616,1694,194,2,2005-08-20,"06:30:33",2005-08-27,"09:29:33"
13617,4059,526,1,2005-08-20,"06:35:30",2005-08-29,"09:03:30"
13618,390,390,2,2005-08-20,"06:36:46",2005-08-29,"05:17:46"
13619,1068,365,2,2005-08-20,"06:39:26",2005-08-23,"05:22:26"
13620,2361,92,1,2005-08-20,"06:41:27",2005-08-24,"11:02:27"
13621,3754,581,2,2005-08-20,"06:43:44",2005-08-23,"06:25:44"
13622,3355,335,1,2005-08-20,"06:45:32",2005-08-25,"02:40:32"
13623,3948,321,2,2005-08-20,"06:49:46",2005-08-25,"05:19:46"
13624,430,63,1,2005-08-20,"06:51:02",2005-08-29,"02:39:02"
13625,60,422,1,2005-08-20,"06:52:03",2005-08-27,"07:43:03"
13626,594,524,1,2005-08-20,"06:55:24",2005-08-29,"12:32:24"
13627,603,329,2,2005-08-20,"06:59:00",2005-08-29,"11:43:00"
13628,1006,500,2,2005-08-20,"07:03:53",2005-08-22,"11:27:53"
13629,1834,392,1,2005-08-20,"07:04:07",2005-08-25,"12:36:07"
13630,3346,244,1,2005-08-20,"07:05:56",2005-08-29,"04:15:56"
13631,1015,535,1,2005-08-20,"07:07:37",2005-08-22,"04:01:37"
13632,4008,409,2,2005-08-20,"07:10:52",2005-08-29,"10:19:52"
13633,3227,301,1,2005-08-20,"07:13:47",2005-08-24,"11:25:47"
13634,850,411,1,2005-08-20,"07:16:45",2005-08-22,"03:38:45"
13635,669,286,1,2005-08-20,"07:17:35",2005-08-29,"06:27:35"
13636,1467,349,1,2005-08-20,"07:20:09",2005-08-23,"09:58:09"
13637,2298,342,2,2005-08-20,"07:21:15",2005-08-24,"10:13:15"
13638,3255,493,2,2005-08-20,"07:21:15",2005-08-23,"11:09:15"
13639,2489,562,2,2005-08-20,"07:22:07",2005-08-23,"11:24:07"
13640,3427,541,2,2005-08-20,"07:22:53",2005-08-21,"11:54:53"
13641,367,281,1,2005-08-20,"07:34:42",2005-08-26,"05:18:42"
13642,4415,452,1,2005-08-20,"07:42:17",2005-08-29,"10:49:17"
13643,2443,398,2,2005-08-20,"07:42:24",2005-08-26,"09:13:24"
13644,970,464,1,2005-08-20,"07:46:30",2005-08-27,"01:54:30"
13645,157,387,1,2005-08-20,"07:47:05",2005-08-23,"02:58:05"
13646,1347,242,1,2005-08-20,"07:47:08",2005-08-29,"08:33:08"
13647,3269,519,2,2005-08-20,"07:48:07",2005-08-28,"07:56:07"
13648,3921,596,2,2005-08-20,"07:48:10",2005-08-22,"12:15:10"
13649,1495,259,2,2005-08-20,"07:48:38",2005-08-23,"07:43:38"
13650,2644,322,1,2005-08-20,"07:49:06",2005-08-28,"10:11:06"
13651,1082,256,1,2005-08-20,"07:50:08",2005-08-21,"07:11:08"
13652,2548,67,2,2005-08-20,"07:52:34",2005-08-23,"08:58:34"
13653,4029,129,1,2005-08-20,"07:54:54",2005-08-29,"06:43:54"
13654,1582,469,2,2005-08-20,"07:58:21",2005-08-21,"09:40:21"
13655,4294,207,1,2005-08-20,"07:59:13",2005-08-22,"12:04:13"
13656,3180,411,2,2005-08-20,"08:01:07",2005-08-28,"13:16:07"
13657,1752,414,1,2005-08-20,"08:01:39",2005-08-23,"07:31:39"
13658,3827,487,1,2005-08-20,"08:02:22",2005-08-28,"06:00:22"
13659,3610,520,1,2005-08-20,"08:05:52",2005-08-24,"12:38:52"
13660,3972,72,1,2005-08-20,"08:05:56",2005-08-22,"13:22:56"
13661,3996,471,1,2005-08-20,"08:05:59",2005-08-29,"12:15:59"
13662,3880,592,1,2005-08-20,"08:11:58",2005-08-26,"13:34:58"
13663,3969,240,2,2005-08-20,"08:12:33",2005-08-27,"03:23:33"
13664,3750,264,1,2005-08-20,"08:18:36",2005-08-26,"11:04:36"
13665,117,291,1,2005-08-20,"08:19:20",2005-08-28,"06:26:20"
13666,2007,451,1,2005-08-20,"08:20:19",2005-08-22,"03:22:19"
13667,3856,280,2,2005-08-20,"08:25:34",2005-08-24,"07:04:34"
13668,3659,123,2,2005-08-20,"08:26:06",2005-08-25,"05:52:06"
13669,4504,261,2,2005-08-20,"08:26:32",2005-08-27,"08:10:32"
13670,1951,147,2,2005-08-20,"08:27:01",2005-08-29,"05:59:01"
13671,1473,201,1,2005-08-20,"08:27:03",2005-08-26,"03:56:03"
13672,2068,201,2,2005-08-20,"08:27:27",2005-08-22,"06:15:27"
13673,343,332,1,2005-08-20,"08:27:30",2005-08-26,"05:14:30"
13674,3397,36,1,2005-08-20,"08:30:54",2005-08-22,"02:59:54"
13675,350,493,2,2005-08-20,"08:32:51",2005-08-27,"03:52:51"
13676,3170,103,1,2005-08-20,"08:33:21",2005-08-25,"02:51:21"
13677,4013,15,2,2005-08-20,"08:34:41",2005-08-26,"11:51:41"
13678,1118,337,2,2005-08-20,"08:38:24",2005-08-27,"13:54:24"
13679,2878,229,2,2005-08-20,"08:39:34",2005-08-29,"10:06:34"
13680,2822,70,2,2005-08-20,"08:44:06",2005-08-27,"09:58:06"
13681,3039,328,1,2005-08-20,"08:47:37",2005-08-27,"09:47:37"
13682,287,30,2,2005-08-20,"08:50:39",2005-08-21,"09:05:39"
13683,1729,255,2,2005-08-20,"08:54:55",2005-08-24,"14:10:55"
13684,2213,348,1,2005-08-20,"08:55:53",2005-08-25,"08:11:53"
13685,3336,260,1,2005-08-20,"08:57:11",2005-08-27,"07:26:11"
13686,666,306,2,2005-08-20,"08:57:28",2005-08-24,"07:21:28"
13687,3629,290,2,2005-08-20,"08:57:51",2005-08-22,"07:02:51"
13688,1116,572,2,2005-08-20,"08:59:38",2005-08-28,"04:54:38"
13689,819,336,2,2005-08-20,"09:04:30",2005-08-22,"05:38:30"
13690,3721,513,2,2005-08-20,"09:07:27",2005-08-23,"08:03:27"
13691,676,548,1,2005-08-20,"09:07:39",2005-08-28,"15:03:39"
13692,1928,65,1,2005-08-20,"09:07:52",2005-08-21,"05:17:52"
13693,933,552,2,2005-08-20,"09:11:42",2005-08-24,"15:00:42"
13694,3654,454,1,2005-08-20,"09:13:23",2005-08-28,"06:10:23"
13695,3114,258,2,2005-08-20,"09:13:25",2005-08-27,"11:51:25"
13696,1279,206,1,2005-08-20,"09:16:15",2005-08-21,"03:33:15"
13697,291,76,1,2005-08-20,"09:21:08",2005-08-29,"12:33:08"
13698,3829,364,2,2005-08-20,"09:24:26",2005-08-22,"05:04:26"
13699,3913,21,2,2005-08-20,"09:26:14",2005-08-29,"08:16:14"
13700,4229,265,2,2005-08-20,"09:26:17",2005-08-27,"05:49:17"
13701,1643,564,1,2005-08-20,"09:27:05",2005-08-21,"14:54:05"
13702,700,296,2,2005-08-20,"09:27:20",2005-08-29,"15:04:20"
13703,2296,356,2,2005-08-20,"09:29:35",2005-08-27,"08:03:35"
13704,3373,4,2,2005-08-20,"09:32:04",2005-08-23,"14:29:04"
13705,3663,451,1,2005-08-20,"09:32:23",2005-08-21,"13:51:23"
13706,3005,363,2,2005-08-20,"09:32:56",2005-08-28,"05:22:56"
13707,826,232,2,2005-08-20,"09:33:58",2005-08-23,"07:44:58"
13708,2236,218,1,2005-08-20,"09:34:07",2005-08-26,"10:17:07"
13709,4089,422,1,2005-08-20,"09:34:51",2005-08-23,"04:13:51"
13710,756,333,2,2005-08-20,"09:35:20",2005-08-21,"05:29:20"
13711,2318,453,2,2005-08-20,"09:35:20",2005-08-28,"09:06:20"
13712,1039,581,1,2005-08-20,"09:38:04",2005-08-21,"06:10:04"
13713,3075,267,1,2006-02-14,"15:16:03",,
13714,2659,277,1,2005-08-20,"09:41:09",2005-08-22,"06:28:09"
13715,1028,292,1,2005-08-20,"09:43:06",2005-08-27,"10:22:06"
13716,86,386,2,2005-08-20,"09:48:32",2005-08-26,"07:20:32"
13717,1629,300,2,2005-08-20,"09:50:52",2005-08-28,"11:32:52"
13718,205,19,2,2005-08-20,"09:53:44",2005-08-29,"13:46:44"
13719,3547,208,1,2006-02-14,"15:16:03",,
13720,813,427,1,2005-08-20,"10:01:39",2005-08-27,"08:26:39"
13721,1444,297,2,2005-08-20,"10:02:59",2005-08-24,"07:02:59"
13722,1581,422,1,2005-08-20,"10:03:45",2005-08-25,"04:26:45"
13723,411,110,2,2005-08-20,"10:05:30",2005-08-27,"07:43:30"
13724,200,80,2,2005-08-20,"10:07:28",2005-08-24,"07:47:28"
13725,3861,306,2,2005-08-20,"10:08:27",2005-08-28,"06:52:27"
13726,2258,214,1,2005-08-20,"10:08:40",2005-08-23,"14:58:40"
13727,4201,85,1,2005-08-20,"10:08:53",2005-08-27,"09:30:53"
13728,1962,157,1,2005-08-20,"10:11:07",2005-08-23,"10:32:07"
13729,4108,415,1,2005-08-20,"10:17:08",2005-08-28,"15:35:08"
13730,1330,548,1,2005-08-20,"10:17:09",2005-08-28,"10:45:09"
13731,1133,450,2,2005-08-20,"10:22:08",2005-08-21,"12:04:08"
13732,1138,17,1,2005-08-20,"10:24:41",2005-08-22,"04:44:41"
13733,3994,85,2,2005-08-20,"10:25:12",2005-08-21,"10:49:12"
13734,4561,374,2,2005-08-20,"10:29:57",2005-08-25,"14:41:57"
13735,1813,35,1,2005-08-20,"10:31:01",2005-08-26,"05:00:01"
13736,3369,32,1,2005-08-20,"10:31:23",2005-08-28,"06:51:23"
13737,4319,200,2,2005-08-20,"10:41:50",2005-08-25,"14:33:50"
13738,2748,273,1,2005-08-20,"10:42:42",2005-08-25,"09:32:42"
13739,3027,441,2,2005-08-20,"10:45:10",2005-08-28,"08:46:10"
13740,4366,21,1,2005-08-20,"10:48:43",2005-08-29,"15:30:43"
13741,3887,195,1,2005-08-20,"10:48:47",2005-08-21,"11:19:47"
13742,1377,580,2,2005-08-20,"10:49:15",2005-08-21,"11:05:15"
13743,3693,57,1,2005-08-20,"10:51:27",2005-08-24,"15:54:27"
13744,2962,408,2,2005-08-20,"10:51:45",2005-08-25,"06:42:45"
13745,1264,142,1,2005-08-20,"10:53:49",2005-08-25,"13:25:49"
13746,3742,520,2,2005-08-20,"10:55:28",2005-08-25,"07:48:28"
13747,3332,74,1,2005-08-20,"10:56:06",2005-08-29,"10:29:06"
13748,2198,410,1,2005-08-20,"10:59:54",2005-08-23,"12:33:54"
13749,2811,282,1,2005-08-20,"11:00:37",2005-08-26,"12:04:37"
13750,3363,246,2,2005-08-20,"11:11:42",2005-08-29,"16:16:42"
13751,185,105,2,2005-08-20,"11:17:03",2005-08-22,"14:12:03"
13752,1794,77,2,2005-08-20,"11:17:45",2005-08-29,"13:25:45"
13753,3746,495,1,2006-02-14,"15:16:03",,
13754,1740,108,1,2005-08-20,"11:18:08",2005-08-22,"11:55:08"
13755,1927,342,2,2005-08-20,"11:18:53",2005-08-27,"06:51:53"
13756,1146,252,2,2006-02-14,"15:16:03",,
13757,1147,14,2,2005-08-20,"11:20:12",2005-08-23,"10:14:12"
13758,864,255,2,2005-08-20,"11:21:26",2005-08-29,"14:37:26"
13759,595,269,1,2005-08-20,"11:24:48",2005-08-29,"10:29:48"
13760,3459,436,2,2005-08-20,"11:26:33",2005-08-27,"11:12:33"
13761,3149,376,2,2005-08-20,"11:28:50",2005-08-21,"12:05:50"
13762,451,566,1,2005-08-20,"11:29:32",2005-08-23,"17:25:32"
13763,4171,469,1,2005-08-20,"11:37:56",2005-08-26,"13:12:56"
13764,989,386,1,2005-08-20,"11:38:16",2005-08-27,"08:01:16"
13765,2104,219,1,2005-08-20,"11:39:00",2005-08-21,"06:05:00"
13766,1313,189,2,2005-08-20,"11:42:01",2005-08-27,"13:44:01"
13767,2739,506,1,2005-08-20,"11:43:36",2005-08-22,"17:10:36"
13768,3847,198,2,2005-08-20,"11:43:43",2005-08-27,"07:56:43"
13769,2868,56,1,2005-08-20,"11:43:52",2005-08-28,"13:19:52"
13770,998,538,1,2005-08-20,"11:45:54",2005-08-22,"17:08:54"
13771,2278,512,1,2005-08-20,"11:47:21",2005-08-22,"17:09:21"
13772,2038,387,2,2005-08-20,"11:47:52",2005-08-28,"05:50:52"
13773,3389,64,1,2005-08-20,"11:50:14",2005-08-26,"12:35:14"
13774,735,244,2,2005-08-20,"11:54:01",2005-08-22,"13:25:01"
13775,1858,116,2,2005-08-20,"11:56:30",2005-08-28,"12:48:30"
13776,2439,137,1,2005-08-20,"11:57:06",2005-08-26,"10:55:06"
13777,3587,29,1,2005-08-20,"12:03:35",2005-08-27,"10:13:35"
13778,2385,539,1,2005-08-20,"12:03:44",2005-08-28,"12:09:44"
13779,63,440,2,2005-08-20,"12:03:54",2005-08-28,"15:24:54"
13780,1775,14,2,2006-02-14,"15:16:03",,
13781,971,368,2,2005-08-20,"12:06:45",2005-08-26,"06:50:45"
13782,577,305,2,2005-08-20,"12:09:26",2005-08-23,"08:31:26"
13783,2643,28,2,2005-08-20,"12:11:03",2005-08-21,"15:53:03"
13784,3087,431,1,2005-08-20,"12:11:28",2005-08-25,"08:11:28"
13785,379,453,1,2005-08-20,"12:11:46",2005-08-21,"06:39:46"
13786,515,94,2,2005-08-20,"12:13:24",2005-08-28,"07:24:24"
13787,253,188,2,2005-08-20,"12:15:23",2005-08-27,"06:24:23"
13788,3177,393,2,2005-08-20,"12:15:41",2005-08-28,"16:28:41"
13789,2523,53,1,2005-08-20,"12:16:38",2005-08-25,"07:29:38"
13790,1385,11,1,2005-08-20,"12:17:27",2005-08-25,"12:20:27"
13791,1890,67,1,2005-08-20,"12:21:05",2005-08-22,"17:58:05"
13792,4157,78,1,2005-08-20,"12:21:37",2005-08-27,"14:28:37"
13793,2598,424,2,2005-08-20,"12:22:04",2005-08-27,"09:51:04"
13794,2148,557,2,2005-08-20,"12:25:32",2005-08-23,"06:38:32"
13795,2837,331,1,2005-08-20,"12:32:09",2005-08-21,"17:28:09"
13796,28,209,2,2005-08-20,"12:32:32",2005-08-29,"10:48:32"
13797,2857,529,1,2005-08-20,"12:33:36",2005-08-25,"18:03:36"
13798,526,15,2,2006-02-14,"15:16:03",,
13799,4413,196,1,2005-08-20,"12:36:42",2005-08-28,"08:47:42"
13800,1552,407,1,2005-08-20,"12:40:48",2005-08-22,"15:06:48"
13801,1464,433,1,2005-08-20,"12:40:53",2005-08-21,"16:29:53"
13802,2079,156,2,2005-08-20,"12:44:53",2005-08-22,"09:18:53"
13803,1084,486,2,2005-08-20,"12:46:17",2005-08-24,"15:44:17"
13804,2232,19,2,2005-08-20,"12:46:32",2005-08-29,"14:04:32"
13805,349,454,1,2005-08-20,"12:53:12",2005-08-27,"15:21:12"
13806,444,341,1,2005-08-20,"12:53:46",2005-08-21,"10:36:46"
13807,3822,4,2,2005-08-20,"12:55:40",2005-08-28,"09:06:40"
13808,3689,262,2,2005-08-20,"12:55:43",2005-08-29,"11:01:43"
13809,1597,207,1,2005-08-20,"12:56:03",2005-08-27,"11:58:03"
13810,2228,450,1,2005-08-20,"12:59:38",2005-08-21,"17:40:38"
13811,1235,168,1,2005-08-20,"13:00:30",2005-08-24,"10:18:30"
13812,2788,122,2,2005-08-20,"13:01:43",2005-08-22,"16:32:43"
13813,601,455,1,2005-08-20,"13:03:26",2005-08-25,"08:42:26"
13814,2129,436,2,2005-08-20,"13:07:23",2005-08-22,"16:23:23"
13815,3388,582,2,2005-08-20,"13:08:53",2005-08-29,"13:11:53"
13816,273,27,1,2005-08-20,"13:13:56",2005-08-25,"09:46:56"
13817,1935,293,2,2005-08-20,"13:15:30",2005-08-22,"18:48:30"
13818,1283,495,1,2005-08-20,"13:20:09",2005-08-21,"18:41:09"
13819,1459,296,2,2005-08-20,"13:23:15",2005-08-22,"16:02:15"
13820,3191,81,1,2005-08-20,"13:26:37",2005-08-27,"14:05:37"
13821,2402,355,1,2005-08-20,"13:33:47",2005-08-25,"18:09:47"
13822,807,499,1,2005-08-20,"13:39:28",2005-08-24,"07:40:28"
13823,3875,89,1,2005-08-20,"13:42:10",2005-08-22,"18:45:10"
13824,2845,413,1,2005-08-20,"13:43:12",2005-08-22,"17:26:12"
13825,2135,167,1,2005-08-20,"13:43:22",2005-08-29,"19:13:22"
13826,401,436,1,2005-08-20,"13:46:38",2005-08-29,"13:07:38"
13827,1103,342,1,2005-08-20,"13:47:19",2005-08-28,"09:13:19"
13828,2391,450,2,2005-08-20,"13:49:52",2005-08-25,"07:49:52"
13829,3980,146,2,2005-08-20,"13:50:17",2005-08-24,"11:30:17"
13830,2874,61,1,2005-08-20,"13:57:59",2005-08-25,"11:29:59"
13831,570,480,1,2005-08-20,"13:59:35",2005-08-24,"12:50:35"
13832,3299,29,1,2005-08-20,"14:00:25",2005-08-28,"10:11:25"
13833,792,175,2,2005-08-20,"14:00:29",2005-08-29,"12:01:29"
13834,875,426,1,2005-08-20,"14:03:08",2005-08-22,"10:12:08"
13835,3738,143,2,2005-08-20,"14:06:33",2005-08-26,"12:15:33"
13836,4271,375,2,2005-08-20,"14:18:16",2005-08-21,"18:13:16"
13837,3220,67,2,2005-08-20,"14:19:03",2005-08-22,"16:25:03"
13838,1134,437,2,2005-08-20,"14:22:46",2005-08-29,"12:28:46"
13839,1056,437,2,2005-08-20,"14:23:16",2005-08-26,"19:11:16"
13840,1211,40,1,2005-08-20,"14:23:20",2005-08-28,"11:53:20"
13841,3277,203,1,2005-08-20,"14:25:18",2005-08-29,"15:49:18"
13842,4337,180,1,2005-08-20,"14:29:37",2005-08-29,"18:19:37"
13843,3058,308,2,2005-08-20,"14:30:01",2005-08-27,"10:06:01"
13844,983,179,1,2005-08-20,"14:30:26",2005-08-29,"17:08:26"
13845,3993,559,1,2005-08-20,"14:31:21",2005-08-29,"18:29:21"
13846,3289,257,1,2005-08-20,"14:32:31",2005-08-28,"16:58:31"
13847,2647,82,1,2005-08-20,"14:33:59",2005-08-25,"08:49:59"
13848,802,447,1,2005-08-20,"14:37:49",2005-08-25,"13:15:49"
13849,3774,261,2,2005-08-20,"14:42:34",2005-08-24,"13:09:34"
13850,3030,546,2,2005-08-20,"14:43:03",2005-08-27,"11:41:03"
13851,3278,80,1,2005-08-20,"14:44:22",2005-08-22,"18:10:22"
13852,85,535,2,2005-08-20,"14:45:23",2005-08-22,"16:47:23"
13853,1680,186,1,2005-08-20,"14:47:02",2005-08-26,"20:32:02"
13854,4192,158,2,2005-08-20,"14:48:42",2005-08-21,"14:55:42"
13855,1617,96,1,2005-08-20,"14:48:55",2005-08-28,"14:45:55"
13856,4196,407,2,2005-08-20,"14:49:32",2005-08-29,"12:37:32"
13857,2542,366,2,2005-08-20,"14:50:06",2005-08-24,"10:38:06"
13858,2167,33,2,2005-08-20,"14:50:57",2005-08-23,"12:10:57"
13859,4381,504,1,2005-08-20,"14:53:43",2005-08-28,"09:50:43"
13860,558,275,1,2005-08-20,"14:55:09",2005-08-22,"20:42:09"
13861,303,154,2,2005-08-20,"14:56:53",2005-08-22,"18:13:53"
13862,3271,170,2,2005-08-20,"14:57:01",2005-08-27,"10:48:01"
13863,2417,563,2,2005-08-20,"14:57:50",2005-08-29,"15:36:50"
13864,3935,214,2,2005-08-20,"14:59:55",2005-08-22,"09:30:55"
13865,3647,275,2,2005-08-20,"15:04:09",2005-08-24,"10:06:09"
13866,3432,343,2,2005-08-20,"15:05:29",2005-08-23,"11:27:29"
13867,4514,591,2,2005-08-20,"15:05:42",2005-08-29,"10:48:42"
13868,3173,51,2,2005-08-20,"15:06:26",2005-08-22,"19:08:26"
13869,1990,386,2,2005-08-20,"15:08:57",2005-08-29,"13:13:57"
13870,563,167,2,2005-08-20,"15:09:16",2005-08-28,"10:00:16"
13871,3206,372,2,2005-08-20,"15:10:13",2005-08-29,"19:43:13"
13872,2416,421,2,2005-08-20,"15:10:30",2005-08-24,"10:14:30"
13873,1683,306,2,2005-08-20,"15:11:11",2005-08-22,"20:13:11"
13874,72,86,2,2005-08-20,"15:11:48",2005-08-21,"18:26:48"
13875,348,83,1,2005-08-20,"15:13:11",2005-08-21,"13:11:11"
13876,3137,334,2,2005-08-20,"15:15:28",2005-08-23,"12:42:28"
13877,3387,5,1,2005-08-20,"15:16:18",2005-08-22,"18:20:18"
13878,49,481,2,2005-08-20,"15:17:38",2005-08-21,"21:11:38"
13879,4022,112,2,2005-08-20,"15:18:10",2005-08-22,"19:23:10"
13880,3911,268,2,2005-08-20,"15:18:20",2005-08-24,"18:03:20"
13881,2831,144,1,2005-08-20,"15:18:55",2005-08-25,"11:25:55"
13882,3245,51,1,2005-08-20,"15:23:26",2005-08-22,"13:03:26"
13883,584,568,1,2005-08-20,"15:28:53",2005-08-21,"13:11:53"
13884,3182,466,1,2005-08-20,"15:30:51",2005-08-26,"13:34:51"
13885,3195,537,1,2005-08-20,"15:32:09",2005-08-26,"15:54:09"
13886,2248,73,2,2005-08-20,"15:34:43",2005-08-26,"11:48:43"
13887,4002,413,2,2005-08-20,"15:39:00",2005-08-24,"16:17:00"
13888,1943,297,1,2005-08-20,"15:39:42",2005-08-28,"13:41:42"
13889,4406,501,2,2005-08-20,"15:40:06",2005-08-22,"14:09:06"
13890,2965,54,1,2005-08-20,"15:41:00",2005-08-22,"16:00:00"
13891,2042,289,1,2005-08-20,"15:42:05",2005-08-25,"13:26:05"
13892,1236,337,2,2005-08-20,"15:50:17",2005-08-29,"13:33:17"
13893,3503,390,2,2005-08-20,"15:52:52",2005-08-27,"16:21:52"
13894,2649,360,2,2005-08-20,"15:55:20",2005-08-26,"17:26:20"
13895,3060,12,2,2005-08-20,"15:58:28",2005-08-26,"15:07:28"
13896,1338,278,2,2005-08-20,"15:59:56",2005-08-21,"20:14:56"
13897,628,258,1,2005-08-20,"16:02:28",2005-08-23,"14:29:28"
13898,4007,369,2,2006-02-14,"15:16:03",,
13899,427,204,2,2005-08-20,"16:05:11",2005-08-23,"15:14:11"
13900,1140,66,1,2005-08-20,"16:05:41",2005-08-22,"15:13:41"
13901,3281,166,1,2005-08-20,"16:06:53",2005-08-28,"11:30:53"
13902,1165,275,2,2005-08-20,"16:07:08",2005-08-24,"16:43:08"
13903,1676,272,1,2005-08-20,"16:07:55",2005-08-25,"18:26:55"
13904,721,93,1,2005-08-20,"16:11:34",2005-08-26,"12:46:34"
13905,2714,437,1,2005-08-20,"16:12:48",2005-08-28,"16:05:48"
13906,3960,87,2,2005-08-20,"16:16:03",2005-08-21,"13:29:03"
13907,806,328,2,2005-08-20,"16:17:27",2005-08-24,"20:14:27"
13908,3661,532,1,2005-08-20,"16:21:40",2005-08-29,"21:16:40"
13909,1508,309,2,2005-08-20,"16:26:36",2005-08-21,"20:59:36"
13910,252,133,2,2005-08-20,"16:30:49",2005-08-24,"13:30:49"
13911,4400,304,2,2005-08-20,"16:31:33",2005-08-28,"19:26:33"
13912,968,207,2,2005-08-20,"16:32:10",2005-08-29,"17:37:10"
13913,4259,197,2,2005-08-20,"16:37:35",2005-08-26,"13:12:35"
13914,3037,237,2,2005-08-20,"16:38:57",2005-08-26,"14:53:57"
13915,1180,129,2,2005-08-20,"16:42:53",2005-08-23,"20:30:53"
13916,2971,302,1,2005-08-20,"16:43:02",2005-08-25,"19:21:02"
13917,4326,10,2,2005-08-20,"16:43:28",2005-08-29,"16:44:28"
13918,3301,248,2,2005-08-20,"16:47:32",2005-08-21,"12:00:32"
13919,909,129,2,2005-08-20,"16:47:34",2005-08-23,"21:27:34"
13920,3200,460,2,2005-08-20,"16:51:18",2005-08-27,"16:05:18"
13921,3943,59,2,2005-08-20,"16:57:11",2005-08-22,"19:25:11"
13922,1398,237,1,2005-08-20,"17:02:37",2005-08-29,"19:28:37"
13923,3129,588,2,2005-08-20,"17:05:02",2005-08-27,"11:22:02"
13924,3066,444,2,2005-08-20,"17:05:18",2005-08-23,"16:54:18"
13925,4034,565,2,2005-08-20,"17:05:34",2005-08-27,"15:32:34"
13926,932,158,2,2005-08-20,"17:09:27",2005-08-28,"13:42:27"
13927,4284,417,1,2005-08-20,"17:11:58",2005-08-24,"12:44:58"
13928,1121,244,1,2005-08-20,"17:12:28",2005-08-21,"13:33:28"
13929,946,57,1,2005-08-20,"17:13:48",2005-08-28,"15:19:48"
13930,3585,58,1,2005-08-20,"17:15:06",2005-08-21,"14:29:06"
13931,3884,32,2,2005-08-20,"17:16:10",2005-08-27,"12:03:10"
13932,471,441,1,2005-08-20,"17:17:00",2005-08-24,"14:06:00"
13933,647,159,2,2005-08-20,"17:17:07",2005-08-22,"18:10:07"
13934,4567,457,1,2005-08-20,"17:18:48",2005-08-26,"15:31:48"
13935,4426,205,2,2005-08-20,"17:20:49",2005-08-24,"16:52:49"
13936,1731,364,2,2005-08-20,"17:22:35",2005-08-23,"20:07:35"
13937,1755,172,1,2005-08-20,"17:22:51",2005-08-27,"15:51:51"
13938,3743,463,1,2005-08-20,"17:24:45",2005-08-21,"18:39:45"
13939,2700,585,2,2005-08-20,"17:28:01",2005-08-23,"14:40:01"
13940,2638,187,1,2005-08-20,"17:28:57",2005-08-27,"22:07:57"
13941,2727,476,2,2006-02-14,"15:16:03",,
13942,4403,211,2,2005-08-20,"17:30:52",2005-08-25,"13:46:52"
13943,22,464,1,2005-08-20,"17:31:18",2005-08-24,"11:33:18"
13944,3685,408,1,2005-08-20,"17:41:16",2005-08-23,"12:02:16"
13945,3328,270,1,2005-08-20,"17:43:56",2005-08-26,"19:19:56"
13946,3564,529,1,2005-08-20,"17:44:32",2005-08-28,"19:19:32"
13947,2562,218,2,2005-08-20,"17:46:06",2005-08-29,"23:44:06"
13948,4033,410,2,2005-08-20,"17:50:48",2005-08-25,"20:56:48"
13949,1518,34,1,2005-08-20,"17:55:13",2005-08-22,"20:49:13"
13950,3978,93,1,2005-08-20,"17:58:00",2005-08-29,"23:23:00"
13951,2034,40,2,2005-08-20,"17:58:11",2005-08-26,"14:50:11"
13952,224,199,2,2006-02-14,"15:16:03",,
13953,1818,371,1,2005-08-20,"18:00:37",2005-08-28,"14:52:37"
13954,3812,207,2,2005-08-20,"18:02:41",2005-08-27,"21:52:41"
13955,2613,273,1,2005-08-20,"18:05:12",2005-08-29,"18:25:12"
13956,3757,484,1,2005-08-20,"18:08:19",2005-08-29,"17:03:19"
13957,2889,179,1,2005-08-20,"18:09:04",2005-08-23,"16:52:04"
13958,2380,33,1,2005-08-20,"18:11:44",2005-08-28,"14:59:44"
13959,2283,142,2,2005-08-20,"18:16:21",2005-08-22,"13:56:21"
13960,4177,459,1,2005-08-20,"18:16:26",2005-08-29,"14:06:26"
13961,2271,129,1,2005-08-20,"18:16:34",2005-08-21,"16:14:34"
13962,1434,348,2,2005-08-20,"18:18:06",2005-08-24,"22:16:06"
13963,4145,368,1,2005-08-20,"18:20:18",2005-08-24,"21:26:18"
13964,108,128,2,2005-08-20,"18:24:26",2005-08-21,"21:19:26"
13965,670,324,2,2006-02-14,"15:16:03",,
13966,4520,260,2,2005-08-20,"18:28:28",2005-08-22,"16:49:28"
13967,2751,459,2,2005-08-20,"18:28:46",2005-08-26,"17:37:46"
13968,3715,15,2,2006-02-14,"15:16:03",,
13969,1836,237,2,2005-08-20,"18:42:40",2005-08-27,"17:33:40"
13970,1942,418,2,2005-08-20,"18:43:34",2005-08-22,"15:17:34"
13971,1678,64,2,2005-08-20,"18:44:53",2005-08-22,"16:25:53"
13972,1687,553,1,2005-08-20,"18:52:17",2005-08-28,"15:19:17"
13973,1181,58,1,2005-08-20,"18:52:43",2005-08-21,"19:11:43"
13974,1912,479,1,2005-08-20,"18:54:59",2005-08-28,"13:02:59"
13975,3821,286,1,2005-08-20,"18:58:23",2005-08-25,"20:58:23"
13976,1785,278,2,2005-08-20,"19:02:16",2005-08-25,"17:58:16"
13977,1126,115,1,2005-08-20,"19:02:34",2005-08-24,"14:14:34"
13978,1263,260,2,2005-08-20,"19:03:25",2005-08-27,"18:02:25"
13979,2998,211,1,2005-08-20,"19:03:49",2005-08-24,"21:23:49"
13980,1067,391,2,2005-08-20,"19:04:40",2005-08-21,"18:36:40"
13981,3342,249,1,2005-08-20,"19:07:20",2005-08-23,"15:13:20"
13982,2901,448,2,2005-08-20,"19:08:25",2005-08-28,"15:59:25"
13983,457,231,1,2005-08-20,"19:08:32",2005-08-29,"23:45:32"
13984,2183,473,1,2005-08-20,"19:12:30",2005-08-29,"22:04:30"
13985,1081,339,2,2005-08-20,"19:13:06",2005-08-24,"21:24:06"
13986,3701,152,2,2005-08-20,"19:13:23",2005-08-22,"20:59:23"
13987,1443,246,2,2005-08-20,"19:19:30",2005-08-23,"15:37:30"
13988,3567,466,2,2005-08-20,"19:21:28",2005-08-21,"22:20:28"
13989,1470,252,2,2005-08-20,"19:27:50",2005-08-28,"15:17:50"
13990,2272,481,2,2005-08-20,"19:29:23",2005-08-25,"18:50:23"
13991,1971,296,1,2005-08-20,"19:29:44",2005-08-24,"21:10:44"
13992,2798,136,2,2005-08-20,"19:30:35",2005-08-24,"19:09:35"
13993,1158,93,2,2005-08-20,"19:32:29",2005-08-26,"16:59:29"
13994,142,180,1,2005-08-20,"19:33:21",2005-08-24,"20:55:21"
13995,3789,381,2,2005-08-20,"19:34:43",2005-08-25,"22:25:43"
13996,3341,306,2,2005-08-20,"19:45:43",2005-08-22,"16:47:43"
13997,2330,175,2,2005-08-20,"19:51:28",2005-08-26,"01:29:28"
13998,3936,530,1,2005-08-20,"19:52:38",2005-08-26,"14:57:38"
13999,4149,239,1,2005-08-20,"19:53:32",2005-08-26,"19:01:32"
14000,3907,276,1,2005-08-20,"20:06:05",2005-08-28,"17:02:05"
14001,1318,120,2,2005-08-20,"20:07:15",2005-08-27,"00:50:15"
14002,87,33,1,2005-08-20,"20:12:19",2005-08-23,"00:23:19"
14003,3165,256,1,2005-08-20,"20:16:06",2005-08-28,"14:36:06"
14004,3445,358,2,2005-08-20,"20:16:35",2005-08-28,"17:23:35"
14005,1415,135,2,2005-08-20,"20:19:05",2005-08-26,"01:42:05"
14006,2189,186,1,2005-08-20,"20:21:36",2005-08-21,"15:26:36"
14007,374,284,2,2005-08-20,"20:22:47",2005-08-28,"20:40:47"
14008,2427,560,2,2005-08-20,"20:26:00",2005-08-28,"17:23:00"
14009,3004,382,2,2005-08-20,"20:26:53",2005-08-21,"23:32:53"
14010,934,537,2,2005-08-20,"20:29:46",2005-08-26,"17:37:46"
14011,1212,379,1,2005-08-20,"20:32:56",2005-08-28,"21:44:56"
14012,1866,274,2,2005-08-20,"20:42:12",2005-08-23,"23:10:12"
14013,3941,496,2,2005-08-20,"20:42:50",2005-08-25,"21:37:50"
14014,2188,335,2,2005-08-20,"20:47:09",2005-08-21,"22:08:09"
14015,3145,554,1,2005-08-20,"20:47:43",2005-08-26,"19:37:43"
14016,509,220,2,2005-08-20,"20:52:03",2005-08-23,"18:04:03"
14017,920,230,1,2005-08-20,"20:55:32",2005-08-23,"16:12:32"
14018,2136,533,2,2006-02-14,"15:16:03",,
14019,1929,202,2,2005-08-20,"20:59:15",2005-08-28,"17:29:15"
14020,2257,72,2,2005-08-20,"20:59:43",2005-08-23,"17:11:43"
14021,4394,147,1,2005-08-20,"21:02:12",2005-08-27,"22:15:12"
14022,4068,170,1,2005-08-20,"21:08:49",2005-08-29,"21:57:49"
14023,2668,304,1,2005-08-20,"21:10:32",2005-08-23,"20:57:32"
14024,1492,87,1,2005-08-20,"21:13:58",2005-08-29,"23:02:58"
14025,4521,37,1,2005-08-20,"21:19:36",2005-08-29,"23:39:36"
14026,115,231,2,2005-08-20,"21:21:08",2005-08-22,"23:19:08"
14027,284,432,1,2005-08-20,"21:21:34",2005-08-28,"17:46:34"
14028,4061,158,2,2005-08-20,"21:23:03",2005-08-25,"17:29:03"
14029,2653,219,2,2005-08-20,"21:23:11",2005-08-22,"18:01:11"
14030,1027,127,1,2005-08-20,"21:23:54",2005-08-27,"01:19:54"
14031,440,361,2,2005-08-20,"21:24:24",2005-08-23,"21:47:24"
14032,3542,317,1,2005-08-20,"21:26:55",2005-08-26,"19:19:55"
14033,525,243,2,2005-08-20,"21:30:53",2005-08-23,"01:45:53"
14034,3484,200,1,2005-08-20,"21:31:52",2005-08-29,"00:13:52"
14035,2035,260,1,2005-08-20,"21:31:58",2005-08-22,"16:28:58"
14036,202,256,1,2005-08-20,"21:35:27",2005-08-23,"03:29:27"
14037,3655,372,2,2005-08-20,"21:35:58",2005-08-29,"23:06:58"
14038,1069,589,2,2005-08-20,"21:39:23",2005-08-27,"23:57:23"
14039,4187,383,1,2005-08-20,"21:39:43",2005-08-24,"19:03:43"
14040,905,17,1,2005-08-20,"21:43:44",2005-08-25,"16:30:44"
14041,52,247,1,2005-08-20,"21:45:23",2005-08-26,"01:42:23"
14042,505,322,2,2005-08-20,"21:45:51",2005-08-23,"19:57:51"
14043,1485,586,2,2005-08-20,"21:46:43",2005-08-21,"18:27:43"
14044,1422,145,1,2005-08-20,"21:48:38",2005-08-29,"02:56:38"
14045,3010,509,2,2005-08-20,"21:50:11",2005-08-25,"19:03:11"
14046,2352,524,2,2005-08-20,"21:53:21",2005-08-23,"17:51:21"
14047,186,579,2,2005-08-20,"22:00:43",2005-08-24,"03:17:43"
14048,3475,105,2,2005-08-20,"22:03:18",2005-08-25,"02:57:18"
14049,1335,112,1,2005-08-20,"22:08:55",2005-08-28,"20:24:55"
14050,1737,596,2,2005-08-20,"22:09:04",2005-08-26,"01:39:04"
14051,4012,362,2,2005-08-20,"22:09:51",2005-08-29,"04:04:51"
14052,3893,514,2,2005-08-20,"22:11:46",2005-08-22,"20:26:46"
14053,2177,5,2,2005-08-20,"22:13:59",2005-08-26,"20:50:59"
14054,338,50,1,2005-08-20,"22:17:01",2005-08-21,"21:34:01"
14055,1571,148,2,2005-08-20,"22:18:00",2005-08-22,"02:09:00"
14056,1300,22,2,2005-08-20,"22:18:53",2005-08-27,"01:05:53"
14057,1526,333,2,2005-08-20,"22:22:59",2005-08-25,"16:58:59"
14058,178,430,1,2005-08-20,"22:24:35",2005-08-30,"02:26:35"
14059,2045,141,2,2005-08-20,"22:24:44",2005-08-26,"21:25:44"
14060,3100,175,2,2006-02-14,"15:16:03",,
14061,73,53,1,2005-08-20,"22:32:11",2005-08-22,"19:28:11"
14062,2841,239,2,2005-08-20,"22:34:34",2005-08-25,"17:11:34"
14063,1215,275,2,2005-08-20,"22:36:40",2005-08-25,"00:18:40"
14064,2938,103,2,2005-08-20,"22:39:16",2005-08-22,"00:45:16"
14065,3758,190,1,2005-08-20,"22:40:47",2005-08-24,"01:47:47"
14066,2444,274,2,2005-08-20,"22:45:58",2005-08-29,"00:23:58"
14067,1376,259,2,2005-08-20,"22:49:23",2005-08-29,"22:28:23"
14068,818,412,1,2005-08-20,"22:50:59",2005-08-29,"00:45:59"
14069,2239,197,2,2005-08-20,"22:51:25",2005-08-30,"00:30:25"
14070,846,581,1,2005-08-20,"22:56:34",2005-08-29,"22:02:34"
14071,2471,550,1,2005-08-20,"23:01:56",2005-08-22,"02:14:56"
14072,2387,515,2,2005-08-20,"23:07:10",2005-08-23,"03:38:10"
14073,2996,230,2,2005-08-20,"23:12:57",2005-08-28,"18:47:57"
14074,1303,506,1,2005-08-20,"23:16:07",2005-08-26,"04:45:07"
14075,3793,32,2,2005-08-20,"23:18:54",2005-08-26,"21:59:54"
14076,1070,574,1,2005-08-20,"23:20:10",2005-08-24,"04:00:10"
14077,3184,21,1,2005-08-20,"23:24:07",2005-08-29,"02:53:07"
14078,1642,396,1,2005-08-20,"23:26:40",2005-08-28,"02:30:40"
14079,3528,348,2,2005-08-20,"23:29:25",2005-08-25,"04:16:25"
14080,3962,266,1,2005-08-20,"23:29:50",2005-08-26,"00:33:50"
14081,589,392,2,2005-08-20,"23:35:13",2005-08-28,"01:41:13"
14082,3767,179,1,2005-08-20,"23:42:00",2005-08-27,"00:59:00"
14083,1823,176,1,2005-08-20,"23:42:31",2005-08-28,"21:44:31"
14084,900,37,1,2005-08-20,"23:42:46",2005-08-24,"20:06:46"
14085,3506,471,2,2005-08-20,"23:46:24",2005-08-29,"02:31:24"
14086,3244,253,1,2005-08-20,"23:47:54",2005-08-27,"22:49:54"
14087,2368,289,1,2005-08-20,"23:53:40",2005-08-26,"20:22:40"
14088,1184,518,1,2005-08-20,"23:57:24",2005-08-28,"21:49:24"
14089,1400,425,1,2005-08-20,"23:59:02",2005-08-27,"00:19:02"
14090,3254,168,2,2005-08-21,"00:11:16",2005-08-23,"19:48:16"
14091,3304,53,1,2005-08-21,"00:11:17",2005-08-27,"18:38:17"
14092,1596,273,2,2005-08-21,"00:14:32",2005-08-24,"22:22:32"
14093,1176,177,1,2005-08-21,"00:21:29",2005-08-22,"04:01:29"
14094,3674,471,2,2005-08-21,"00:21:35",2005-08-23,"05:27:35"
14095,1550,489,1,2005-08-21,"00:25:45",2005-08-28,"23:00:45"
14096,2089,342,1,2005-08-21,"00:27:46",2005-08-22,"22:53:46"
14097,4351,88,1,2005-08-21,"00:28:48",2005-08-29,"22:15:48"
14098,6,554,2,2005-08-21,"00:30:32",,
14099,2452,224,2,2005-08-21,"00:31:03",2005-08-27,"03:18:03"
14100,4295,397,2,2005-08-21,"00:31:07",2005-08-25,"05:31:07"
14101,1892,19,1,2005-08-21,"00:33:03",2005-08-24,"01:59:03"
14102,3772,584,2,2005-08-21,"00:35:21",2005-08-30,"04:51:21"
14103,1438,409,2,2005-08-21,"00:37:00",2005-08-25,"22:09:00"
14104,912,178,2,2005-08-21,"00:37:44",2005-08-21,"22:55:44"
14105,1111,71,1,2005-08-21,"00:44:34",2005-08-29,"19:00:34"
14106,2673,315,1,2005-08-21,"00:46:01",2005-08-27,"23:44:01"
14107,3998,251,1,2006-02-14,"15:16:03",,
14108,4339,243,2,2005-08-21,"00:52:45",2005-08-21,"19:35:45"
14109,1046,180,2,2005-08-21,"00:52:58",2005-08-22,"00:09:58"
14110,2709,35,2,2005-08-21,"00:53:09",2005-08-24,"05:33:09"
14111,1294,130,2,2005-08-21,"00:59:01",2005-08-22,"20:43:01"
14112,734,141,1,2005-08-21,"01:00:46",2005-08-27,"03:46:46"
14113,931,288,2,2005-08-21,"01:03:30",2005-08-23,"06:46:30"
14114,2270,8,1,2005-08-21,"01:07:11",2005-08-24,"20:33:11"
14115,1945,257,1,2005-08-21,"01:10:29",2005-08-24,"01:21:29"
14116,2356,142,2,2005-08-21,"01:11:17",2005-08-24,"23:45:17"
14117,573,493,1,2005-08-21,"01:11:59",2005-08-22,"06:56:59"
14118,2605,337,2,2005-08-21,"01:13:37",2005-08-28,"02:35:37"
14119,129,53,2,2005-08-21,"01:15:59",2005-08-27,"23:36:59"
14120,4069,302,2,2005-08-21,"01:25:00",2005-08-24,"23:21:00"
14121,4207,417,2,2005-08-21,"01:26:33",2005-08-28,"22:47:33"
14122,3955,86,1,2005-08-21,"01:29:01",2005-08-27,"05:31:01"
14123,143,66,1,2005-08-21,"01:31:25",2005-08-23,"02:32:25"
14124,311,35,2,2005-08-21,"01:31:51",2005-08-24,"22:20:51"
14125,2174,265,1,2005-08-21,"01:32:16",2005-08-26,"00:09:16"
14126,2738,215,1,2005-08-21,"01:32:17",2005-08-23,"01:02:17"
14127,4532,550,2,2005-08-21,"01:33:32",2005-08-22,"02:47:32"
14128,2594,81,2,2005-08-21,"01:35:58",2005-08-21,"21:23:58"
14129,3572,362,2,2005-08-21,"01:42:15",2005-08-23,"20:04:15"
14130,3859,352,2,2005-08-21,"01:43:11",2005-08-27,"21:16:11"
14131,4382,267,2,2005-08-21,"01:43:40",2005-08-29,"02:00:40"
14132,3806,91,2,2005-08-21,"01:43:58",2005-08-26,"20:16:58"
14133,2463,453,2,2005-08-21,"01:44:14",2005-08-30,"02:19:14"
14134,2159,497,1,2005-08-21,"01:45:54",2005-08-24,"01:36:54"
14135,347,59,1,2005-08-21,"01:53:54",2005-08-27,"05:57:54"
14136,268,135,1,2005-08-21,"01:57:26",2005-08-28,"01:11:26"
14137,2346,53,2,2006-02-14,"15:16:03",,
14138,1238,121,2,2005-08-21,"01:59:37",2005-08-30,"01:17:37"
14139,2280,561,2,2005-08-21,"02:04:33",2005-08-22,"04:16:33"
14140,2070,65,2,2005-08-21,"02:04:57",2005-08-29,"06:41:57"
14141,4527,190,1,2005-08-21,"02:07:22",2005-08-30,"07:32:22"
14142,1479,544,2,2005-08-21,"02:07:43",2005-08-23,"02:37:43"
14143,2549,146,1,2005-08-21,"02:10:32",2005-08-23,"23:50:32"
14144,2366,46,1,2005-08-21,"02:10:57",2005-08-28,"01:02:57"
14145,150,314,2,2005-08-21,"02:11:38",2005-08-22,"22:19:38"
14146,2151,192,2,2005-08-21,"02:13:31",2005-08-24,"22:47:31"
14147,1476,366,1,2005-08-21,"02:14:03",2005-08-27,"22:38:03"
14148,1605,528,1,2005-08-21,"02:17:49",2005-08-22,"00:12:49"
14149,3371,518,1,2005-08-21,"02:22:47",2005-08-24,"02:36:47"
14150,2324,161,2,2005-08-21,"02:23:03",2005-08-25,"22:50:03"
14151,2785,426,1,2005-08-21,"02:23:25",2005-08-30,"07:08:25"
14152,2561,379,1,2005-08-21,"02:23:50",2005-08-25,"06:05:50"
14153,1502,120,2,2005-08-21,"02:24:33",2005-08-27,"05:28:33"
14154,951,468,2,2005-08-21,"02:30:00",2005-08-28,"01:41:00"
14155,769,148,2,2005-08-21,"02:31:35",2005-08-27,"06:00:35"
14156,437,147,2,2005-08-21,"02:35:16",2005-08-27,"01:32:16"
14157,4471,128,1,2005-08-21,"02:43:15",2005-08-24,"02:47:15"
14158,474,114,1,2005-08-21,"02:43:20",2005-08-28,"02:19:20"
14159,3231,144,1,2005-08-21,"02:45:58",2005-08-27,"04:53:58"
14160,2428,493,2,2006-02-14,"15:16:03",,
14161,2744,21,2,2005-08-21,"02:51:59",2005-08-28,"21:38:59"
14162,3788,315,1,2005-08-21,"02:55:34",2005-08-27,"00:13:34"
14163,1007,204,2,2005-08-21,"02:56:52",2005-08-21,"21:03:52"
14164,2381,274,2,2005-08-21,"02:58:02",2005-08-29,"23:17:02"
14165,4151,150,2,2005-08-21,"02:59:17",2005-08-24,"23:09:17"
14166,2457,190,2,2005-08-21,"02:59:31",2005-08-24,"23:19:31"
14167,1005,64,1,2005-08-21,"02:59:48",2005-08-29,"22:17:48"
14168,1321,49,2,2005-08-21,"03:00:03",2005-08-29,"06:04:03"
14169,3800,396,1,2005-08-21,"03:00:31",2005-08-30,"01:16:31"
14170,894,259,1,2005-08-21,"03:00:39",2005-08-27,"23:07:39"
14171,4179,320,1,2005-08-21,"03:00:42",2005-08-24,"00:54:42"
14172,2158,450,2,2006-02-14,"15:16:03",,
14173,3175,152,1,2005-08-21,"03:01:01",2005-08-22,"02:40:01"
14174,1862,29,2,2005-08-21,"03:01:45",2005-08-22,"07:19:45"
14175,2021,452,1,2006-02-14,"15:16:03",,
14176,4420,556,1,2005-08-21,"03:09:23",2005-08-26,"21:26:23"
14177,409,121,2,2005-08-21,"03:11:33",2005-08-28,"21:41:33"
14178,2178,524,1,2005-08-21,"03:13:45",2005-08-22,"01:50:45"
14179,3956,79,2,2005-08-21,"03:14:27",2005-08-26,"00:46:27"
14180,796,262,2,2005-08-21,"03:16:15",2005-08-24,"22:31:15"
14181,197,210,2,2005-08-21,"03:16:30",2005-08-29,"06:25:30"
14182,2422,519,1,2005-08-21,"03:17:10",2005-08-24,"21:46:10"
14183,1888,26,2,2005-08-21,"03:24:29",2005-08-22,"07:25:29"
14184,3759,148,2,2005-08-21,"03:24:50",2005-08-29,"01:46:50"
14185,3957,579,1,2005-08-21,"03:28:37",2005-08-26,"01:15:37"
14186,3158,461,2,2005-08-21,"03:31:07",2005-08-28,"07:29:07"
14187,4031,275,2,2005-08-21,"03:32:03",2005-08-25,"03:29:03"
14188,4492,548,1,2005-08-21,"03:32:04",2005-08-22,"07:26:04"
14189,2209,127,2,2005-08-21,"03:32:17",2005-08-22,"04:46:17"
14190,4203,517,2,2005-08-21,"03:35:21",2005-08-29,"07:35:21"
14191,301,423,1,2005-08-21,"03:35:58",2005-08-28,"00:28:58"
14192,3563,26,2,2005-08-21,"03:37:42",2005-08-28,"05:31:42"
14193,513,25,1,2005-08-21,"03:38:27",2005-08-28,"09:16:27"
14194,2003,138,1,2005-08-21,"03:40:11",2005-08-26,"07:38:11"
14195,3732,93,1,2005-08-21,"03:40:35",2005-08-23,"01:22:35"
14196,4477,281,1,2005-08-21,"03:40:40",2005-08-25,"05:55:40"
14197,340,469,2,2005-08-21,"03:47:25",2005-08-30,"09:15:25"
14198,465,381,2,2005-08-21,"03:48:31",2005-08-24,"07:10:31"
14199,658,442,1,2005-08-21,"03:48:43",2005-08-23,"04:01:43"
14200,2339,349,1,2005-08-21,"03:51:27",2005-08-29,"22:00:27"
14201,314,427,2,2005-08-21,"03:51:34",2005-08-30,"03:42:34"
14202,1995,473,1,2005-08-21,"03:51:52",2005-08-22,"09:35:52"
14203,3668,95,2,2005-08-21,"03:51:52",2005-08-24,"06:13:52"
14204,4334,287,1,2006-02-14,"15:16:03",,
14205,315,406,2,2005-08-21,"03:57:15",2005-08-30,"08:46:15"
14206,860,279,1,2005-08-21,"03:59:26",2005-08-26,"03:52:26"
14207,1327,569,2,2005-08-21,"04:08:19",2005-08-29,"07:59:19"
14208,4180,299,1,2005-08-21,"04:09:18",2005-08-22,"03:29:18"
14209,896,472,1,2005-08-21,"04:17:56",2005-08-27,"06:57:56"
14210,1867,468,2,2005-08-21,"04:28:02",2005-08-24,"02:14:02"
14211,300,372,2,2005-08-21,"04:29:11",2005-08-24,"02:50:11"
14212,4540,354,2,2005-08-21,"04:29:26",2005-08-24,"00:46:26"
14213,382,511,1,2005-08-21,"04:30:47",2005-08-24,"23:01:47"
14214,4510,198,1,2005-08-21,"04:30:49",2005-08-26,"04:42:49"
14215,35,54,2,2005-08-21,"04:34:11",2005-08-27,"10:30:11"
14216,3763,186,1,2006-02-14,"15:16:03",,
14217,2847,66,2,2005-08-21,"04:37:56",2005-08-26,"03:55:56"
14218,4087,104,1,2005-08-21,"04:43:59",2005-08-27,"10:29:59"
14219,3718,334,2,2006-02-14,"15:16:03",,
14220,2618,162,1,2006-02-14,"15:16:03",,
14221,3824,51,1,2005-08-21,"04:49:41",2005-08-29,"23:52:41"
14222,714,7,2,2005-08-21,"04:49:48",2005-08-25,"05:34:48"
14223,514,392,1,2005-08-21,"04:51:51",2005-08-29,"00:37:51"
14224,3634,323,2,2005-08-21,"04:53:08",2005-08-27,"04:12:08"
14225,984,4,2,2005-08-21,"04:53:37",2005-08-25,"23:39:37"
14226,1793,316,1,2005-08-21,"04:55:37",2005-08-24,"04:32:37"
14227,4102,277,2,2005-08-21,"04:56:31",2005-08-22,"05:04:31"
14228,2016,71,2,2005-08-21,"04:57:08",2005-08-25,"00:06:08"
14229,4479,186,1,2005-08-21,"04:57:15",2005-08-26,"10:00:15"
14230,844,584,2,2005-08-21,"04:57:29",2005-08-27,"08:14:29"
14231,1244,307,1,2005-08-21,"05:04:34",2005-08-23,"04:58:34"
14232,2710,176,1,2005-08-21,"05:07:02",2005-08-29,"06:57:02"
14233,2943,599,1,2005-08-21,"05:07:08",2005-08-28,"03:20:08"
14234,1439,271,2,2005-08-21,"05:07:12",2005-08-23,"06:44:12"
14235,125,558,1,2005-08-21,"05:08:42",2005-08-29,"23:36:42"
14236,172,25,2,2005-08-21,"05:13:16",2005-08-26,"04:03:16"
14237,3284,410,1,2005-08-21,"05:15:00",2005-08-25,"10:06:00"
14238,3148,192,2,2005-08-21,"05:16:40",2005-08-30,"02:13:40"
14239,1559,416,2,2005-08-21,"05:18:57",2005-08-22,"00:12:57"
14240,3294,12,2,2005-08-21,"05:19:39",2005-08-22,"23:25:39"
14241,2547,291,1,2005-08-21,"05:24:55",2005-08-30,"03:33:55"
14242,1588,68,1,2005-08-21,"05:25:59",2005-08-27,"07:22:59"
14243,1489,264,1,2006-02-14,"15:16:03",,
14244,1150,43,1,2005-08-21,"05:29:55",2005-08-24,"01:06:55"
14245,975,354,1,2005-08-21,"05:30:54",2005-08-26,"07:02:54"
14246,3499,120,1,2005-08-21,"05:34:09",2005-08-26,"06:12:09"
14247,267,302,1,2005-08-21,"05:35:17",2005-08-26,"03:22:17"
14248,725,293,2,2005-08-21,"05:35:57",2005-08-28,"05:53:57"
14249,695,268,2,2005-08-21,"05:38:05",2005-08-28,"09:07:05"
14250,3008,313,2,2005-08-21,"05:39:35",2005-08-28,"10:06:35"
14251,139,486,2,2005-08-21,"05:42:20",2005-08-26,"06:20:20"
14252,2660,13,1,2005-08-21,"05:44:07",2005-08-29,"08:53:07"
14253,4246,456,1,2005-08-21,"05:47:52",2005-08-25,"04:28:52"
14254,1549,589,2,2005-08-21,"05:51:28",2005-08-29,"06:05:28"
14255,3125,492,1,2005-08-21,"05:51:37",2005-08-29,"10:00:37"
14256,2922,331,2,2005-08-21,"05:52:27",2005-08-29,"02:10:27"
14257,3830,178,2,2005-08-21,"05:52:57",2005-08-29,"03:18:57"
14258,752,359,1,2005-08-21,"05:56:36",2005-08-26,"06:14:36"
14259,3705,583,2,2005-08-21,"06:00:22",2005-08-22,"05:38:22"
14260,2961,40,2,2005-08-21,"06:01:08",2005-08-29,"09:01:08"
14261,1426,166,1,2005-08-21,"06:07:24",2005-08-26,"09:57:24"
14262,1430,324,1,2005-08-21,"06:08:13",2005-08-30,"10:55:13"
14263,2595,533,2,2005-08-21,"06:08:15",2005-08-29,"09:22:15"
14264,3426,295,1,2005-08-21,"06:18:22",2005-08-25,"08:08:22"
14265,3116,134,1,2005-08-21,"06:20:14",2005-08-23,"09:05:14"
14266,3543,269,1,2005-08-21,"06:20:51",2005-08-23,"00:44:51"
14267,2199,527,2,2006-02-14,"15:16:03",,
14268,2442,278,2,2005-08-21,"06:21:24",2005-08-23,"05:39:24"
14269,531,241,2,2005-08-21,"06:22:07",2005-08-30,"00:41:07"
14270,4083,171,1,2005-08-21,"06:22:18",2005-08-27,"08:04:18"
14271,4506,224,1,2005-08-21,"06:23:29",2005-08-27,"04:49:29"
14272,3908,243,1,2005-08-21,"06:24:55",2005-08-28,"02:25:55"
14273,2640,388,1,2005-08-21,"06:26:48",2005-08-30,"10:34:48"
14274,3183,405,2,2005-08-21,"06:29:20",2005-08-26,"06:25:20"
14275,3238,163,1,2005-08-21,"06:30:30",2005-08-25,"12:28:30"
14276,3637,318,2,2005-08-21,"06:34:05",2005-08-28,"10:13:05"
14277,2652,566,2,2005-08-21,"06:34:41",2005-08-28,"10:53:41"
14278,2334,557,2,2006-02-14,"15:16:03",,
14279,3325,387,2,2005-08-21,"06:39:08",2005-08-29,"11:01:08"
14280,1561,481,1,2005-08-21,"06:39:58",2005-08-23,"04:50:58"
14281,1848,166,2,2005-08-21,"06:40:48",2005-08-26,"11:42:48"
14282,3107,450,1,2005-08-21,"06:41:29",2005-08-22,"12:37:29"
14283,3052,253,1,2005-08-21,"06:44:14",2005-08-24,"01:01:14"
14284,633,486,1,2005-08-21,"06:44:37",2005-08-28,"05:03:37"
14285,402,249,1,2005-08-21,"06:50:48",2005-08-28,"11:35:48"
14286,2377,558,2,2005-08-21,"06:53:53",2005-08-27,"11:37:53"
14287,2426,427,2,2005-08-21,"06:53:59",2005-08-25,"03:10:59"
14288,587,512,1,2005-08-21,"06:57:34",2005-08-26,"11:32:34"
14289,1185,103,2,2005-08-21,"06:58:49",2005-08-25,"11:29:49"
14290,790,366,1,2005-08-21,"07:02:59",2005-08-28,"02:57:59"
14291,3988,56,2,2005-08-21,"07:03:05",2005-08-26,"12:56:05"
14292,1959,251,2,2005-08-21,"07:06:20",2005-08-22,"01:39:20"
14293,3555,364,2,2005-08-21,"07:06:47",2005-08-22,"05:07:47"
14294,354,455,2,2005-08-21,"07:07:26",2005-08-22,"02:20:26"
14295,2187,336,2,2005-08-21,"07:09:27",2005-08-22,"01:27:27"
14296,3813,275,1,2005-08-21,"07:13:23",2005-08-26,"11:14:23"
14297,1712,566,1,2005-08-21,"07:13:46",2005-08-25,"09:07:46"
14298,4317,410,1,2005-08-21,"07:17:10",2005-08-25,"10:10:10"
14299,4028,342,1,2005-08-21,"07:18:57",2005-08-24,"01:28:57"
14300,690,382,2,2005-08-21,"07:19:37",2005-08-25,"12:06:37"
14301,283,162,1,2005-08-21,"07:19:48",2005-08-28,"02:06:48"
14302,1287,511,1,2005-08-21,"07:19:57",2005-08-28,"02:59:57"
14303,992,475,1,2005-08-21,"07:22:43",2005-08-24,"11:52:43"
14304,2650,417,2,2005-08-21,"07:23:10",2005-08-26,"11:21:10"
14305,2056,58,1,2005-08-21,"07:29:05",2005-08-27,"08:18:05"
14306,4027,453,1,2005-08-21,"07:32:35",2005-08-30,"05:53:35"
14307,2894,328,1,2005-08-21,"07:34:52",2005-08-29,"09:45:52"
14308,3478,419,2,2005-08-21,"07:43:21",2005-08-25,"02:39:21"
14309,4447,468,2,2005-08-21,"07:44:17",2005-08-30,"07:23:17"
14310,95,177,1,2005-08-21,"07:44:32",2005-08-22,"09:02:32"
14311,1761,69,2,2005-08-21,"07:45:47",2005-08-27,"02:23:47"
14312,1090,238,1,2005-08-21,"07:48:34",2005-08-23,"04:45:34"
14313,3384,468,2,2005-08-21,"07:49:53",2005-08-30,"05:52:53"
14314,4115,178,2,2005-08-21,"07:50:14",2005-08-24,"10:47:14"
14315,1164,459,1,2005-08-21,"07:56:39",2005-08-27,"04:52:39"
14316,386,64,2,2005-08-21,"07:59:47",2005-08-23,"02:20:47"
14317,2090,471,1,2005-08-21,"08:00:40",2005-08-27,"06:52:40"
14318,1042,508,2,2006-02-14,"15:16:03",,
14319,4480,410,1,2005-08-21,"08:00:55",2005-08-26,"05:04:55"
14320,3121,199,1,2005-08-21,"08:04:40",2005-08-22,"02:09:40"
14321,967,236,1,2005-08-21,"08:05:12",2005-08-23,"02:17:12"
14322,2818,221,2,2005-08-21,"08:06:30",2005-08-29,"10:12:30"
14323,1257,97,1,2005-08-21,"08:08:43",2005-08-25,"10:44:43"
14324,1361,155,1,2005-08-21,"08:10:56",2005-08-30,"12:09:56"
14325,4432,313,2,2005-08-21,"08:15:38",2005-08-23,"08:08:38"
14326,1052,17,1,2005-08-21,"08:15:41",2005-08-27,"05:22:41"
14327,553,457,2,2005-08-21,"08:18:18",2005-08-30,"02:21:18"
14328,3194,489,2,2005-08-21,"08:18:20",2005-08-25,"03:05:20"
14329,3544,6,2,2005-08-21,"08:22:56",2005-08-28,"02:22:56"
14330,763,84,2,2005-08-21,"08:29:20",2005-08-30,"03:59:20"
14331,3128,372,2,2005-08-21,"08:29:38",2005-08-29,"13:18:38"
14332,1388,496,1,2005-08-21,"08:30:43",2005-08-29,"10:51:43"
14333,2976,93,2,2005-08-21,"08:31:03",2005-08-28,"03:39:03"
14334,1448,595,2,2005-08-21,"08:32:32",2005-08-25,"02:53:32"
14335,2610,263,1,2005-08-21,"08:33:07",2005-08-26,"14:16:07"
14336,3166,362,1,2005-08-21,"08:33:42",2005-08-23,"03:27:42"
14337,3529,506,1,2005-08-21,"08:34:26",2005-08-24,"11:31:26"
14338,1789,205,2,2005-08-21,"08:36:03",2005-08-24,"12:31:03"
14339,1744,30,2,2005-08-21,"08:37:15",2005-08-26,"03:37:15"
14340,2181,230,1,2005-08-21,"08:38:21",2005-08-25,"09:25:21"
14341,4498,560,1,2005-08-21,"08:38:24",2005-08-26,"12:36:24"
14342,2749,559,2,2005-08-21,"08:39:26",2005-08-23,"11:40:26"
14343,3769,238,1,2005-08-21,"08:40:21",2005-08-29,"03:06:21"
14344,1562,341,1,2005-08-21,"08:40:56",2005-08-27,"12:40:56"
14345,1726,598,1,2005-08-21,"08:41:15",2005-08-24,"11:59:15"
14346,109,17,2,2005-08-21,"08:42:26",2005-08-23,"09:18:26"
14347,3862,214,2,2005-08-21,"08:42:31",2005-08-25,"07:11:31"
14348,885,496,2,2005-08-21,"08:54:26",2005-08-24,"02:55:26"
14349,96,119,1,2005-08-21,"08:54:53",2005-08-30,"14:27:53"
14350,3174,222,2,2005-08-21,"08:58:38",2005-08-30,"03:29:38"
14351,2037,66,1,2005-08-21,"09:04:20",2005-08-25,"05:27:20"
14352,1224,527,1,2005-08-21,"09:06:29",2005-08-28,"13:36:29"
14353,1612,129,2,2005-08-21,"09:07:50",2005-08-22,"10:31:50"
14354,1137,382,1,2005-08-21,"09:08:14",2005-08-30,"05:27:14"
14355,649,271,2,2005-08-21,"09:08:29",2005-08-27,"10:08:29"
14356,3169,65,2,2005-08-21,"09:08:51",2005-08-24,"04:36:51"
14357,2906,233,2,2005-08-21,"09:13:09",2005-08-22,"05:41:09"
14358,861,112,1,2005-08-21,"09:14:28",2005-08-24,"05:05:28"
14359,1841,401,1,2005-08-21,"09:16:19",2005-08-22,"09:28:19"
14360,2677,246,2,2005-08-21,"09:16:40",2005-08-29,"11:43:40"
14361,1231,191,2,2006-02-14,"15:16:03",,
14362,1992,312,1,2005-08-21,"09:19:49",2005-08-26,"11:06:49"
14363,2579,560,1,2005-08-21,"09:20:03",2005-08-23,"14:26:03"
14364,3513,236,1,2005-08-21,"09:25:11",2005-08-29,"09:04:11"
14365,618,457,1,2005-08-21,"09:25:13",2005-08-27,"11:48:13"
14366,4011,524,2,2005-08-21,"09:31:39",2005-08-26,"11:55:39"
14367,870,244,2,2005-08-21,"09:31:44",2005-08-26,"03:54:44"
14368,2063,351,1,2005-08-21,"09:31:47",2005-08-30,"04:17:47"
14369,1636,392,1,2005-08-21,"09:33:44",2005-08-25,"08:56:44"
14370,3520,161,2,2005-08-21,"09:35:14",2005-08-27,"05:21:14"
14371,2197,221,2,2005-08-21,"09:37:16",2005-08-27,"13:50:16"
14372,1953,520,1,2005-08-21,"09:39:50",2005-08-28,"13:36:50"
14373,4433,268,1,2005-08-21,"09:44:53",2005-08-25,"15:37:53"
14374,236,213,2,2006-02-14,"15:16:03",,
14375,2507,550,2,2005-08-21,"09:46:35",2005-08-26,"10:24:35"
14376,1936,582,2,2005-08-21,"09:48:56",2005-08-22,"12:15:56"
14377,1325,6,1,2005-08-21,"09:49:28",2005-08-29,"13:34:28"
14378,810,515,1,2005-08-21,"09:50:02",2005-08-30,"09:07:02"
14379,3062,136,1,2005-08-21,"09:53:03",2005-08-24,"14:32:03"
14380,1523,198,2,2005-08-21,"09:53:52",2005-08-25,"05:03:52"
14381,811,391,1,2005-08-21,"09:55:47",2005-08-25,"08:23:47"
14382,4119,119,2,2005-08-21,"10:01:03",2005-08-22,"13:21:03"
14383,1941,482,2,2005-08-21,"10:02:05",2005-08-24,"12:21:05"
14384,2429,371,1,2005-08-21,"10:02:37",2005-08-26,"08:20:37"
14385,4356,317,2,2005-08-21,"10:02:55",2005-08-25,"07:19:55"
14386,3402,514,1,2005-08-21,"10:06:34",2005-08-25,"14:19:34"
14387,1286,295,2,2005-08-21,"10:10:01",2005-08-28,"14:16:01"
14388,1078,274,2,2005-08-21,"10:15:13",2005-08-30,"13:41:13"
14389,2718,145,1,2005-08-21,"10:15:20",2005-08-27,"05:39:20"
14390,3951,366,2,2005-08-21,"10:15:38",2005-08-28,"05:50:38"
14391,3117,205,2,2005-08-21,"10:16:27",2005-08-23,"07:00:27"
14392,847,586,2,2005-08-21,"10:19:25",2005-08-28,"15:57:25"
14393,3937,368,1,2005-08-21,"10:22:51",2005-08-29,"08:28:51"
14394,4555,118,1,2005-08-21,"10:23:10",2005-08-28,"09:33:10"
14395,632,506,2,2005-08-21,"10:24:00",2005-08-28,"12:23:00"
14396,3855,353,2,2005-08-21,"10:24:54",2005-08-22,"04:49:54"
14397,3883,47,1,2005-08-21,"10:25:56",2005-08-24,"07:48:56"
14398,357,505,2,2005-08-21,"10:27:21",2005-08-23,"10:46:21"
14399,3582,188,1,2005-08-21,"10:33:23",2005-08-27,"08:00:23"
14400,3891,569,1,2005-08-21,"10:33:45",2005-08-26,"12:05:45"
14401,3468,407,1,2005-08-21,"10:36:20",2005-08-30,"06:45:20"
14402,749,467,2,2005-08-21,"10:38:17",2005-08-27,"08:36:17"
14403,3581,297,1,2005-08-21,"10:40:34",2005-08-29,"11:29:34"
14404,3660,192,1,2005-08-21,"10:43:04",2005-08-30,"10:00:04"
14405,2777,470,2,2005-08-21,"10:45:01",2005-08-30,"04:48:01"
14406,2741,181,1,2005-08-21,"10:46:35",2005-08-28,"15:55:35"
14407,2403,500,2,2005-08-21,"10:46:51",2005-08-25,"09:28:51"
14408,222,593,1,2005-08-21,"10:47:24",2005-08-27,"08:18:24"
14409,1161,314,2,2005-08-21,"10:53:35",2005-08-25,"10:40:35"
14410,839,196,2,2005-08-21,"10:54:49",2005-08-26,"08:28:49"
14411,2125,502,2,2005-08-21,"10:54:57",2005-08-22,"13:17:57"
14412,212,121,1,2005-08-21,"11:02:09",2005-08-29,"06:44:09"
14413,50,367,1,2005-08-21,"11:06:33",2005-08-29,"16:10:33"
14414,1757,515,2,2005-08-21,"11:08:17",2005-08-23,"08:37:17"
14415,2670,561,2,2006-02-14,"15:16:03",,
14416,3002,384,1,2005-08-21,"11:11:46",2005-08-25,"12:33:46"
14417,1768,596,1,2005-08-21,"11:13:35",2005-08-25,"11:27:35"
14418,89,442,2,2005-08-21,"11:14:26",2005-08-28,"08:34:26"
14419,3146,221,1,2005-08-21,"11:15:46",2005-08-30,"16:37:46"
14420,2495,551,2,2005-08-21,"11:16:15",2005-08-24,"06:06:15"
14421,4402,406,1,2005-08-21,"11:20:21",2005-08-24,"06:26:21"
14422,1382,361,1,2005-08-21,"11:21:46",2005-08-25,"13:15:46"
14423,2873,521,2,2005-08-21,"11:23:59",2005-08-26,"11:52:59"
14424,2535,489,2,2005-08-21,"11:24:11",2005-08-29,"13:13:11"
14425,2752,560,2,2006-02-14,"15:16:03",,
14426,2902,315,1,2006-02-14,"15:16:03",,
14427,2353,163,1,2005-08-21,"11:26:06",2005-08-27,"10:39:06"
14428,1614,458,1,2005-08-21,"11:27:07",2005-08-29,"09:50:07"
14429,2513,66,1,2005-08-21,"11:29:43",2005-08-24,"12:05:43"
14430,2623,5,1,2005-08-21,"11:31:11",2005-08-26,"06:29:11"
14431,1572,106,2,2005-08-21,"11:31:15",2005-08-26,"11:22:15"
14432,2294,138,2,2005-08-21,"11:36:15",2005-08-24,"08:02:15"
14433,732,401,1,2005-08-21,"11:36:34",2005-08-26,"08:51:34"
14434,2085,549,1,2005-08-21,"11:40:46",2005-08-24,"05:50:46"
14435,2919,169,1,2005-08-21,"11:44:37",2005-08-24,"08:04:37"
14436,3473,560,2,2005-08-21,"11:48:27",2005-08-25,"15:49:27"
14437,1504,136,2,2005-08-21,"11:48:32",2005-08-25,"11:06:32"
14438,1621,392,1,2005-08-21,"11:51:10",2005-08-28,"17:10:10"
14439,3903,564,1,2005-08-21,"11:52:41",2005-08-30,"10:36:41"
14440,3495,194,1,2005-08-21,"11:59:04",2005-08-23,"10:10:04"
14441,1210,260,2,2005-08-21,"11:59:38",2005-08-26,"11:17:38"
14442,122,205,2,2005-08-21,"12:00:21",2005-08-23,"17:00:21"
14443,376,447,2,2005-08-21,"12:06:32",2005-08-29,"13:44:32"
14444,2211,225,2,2005-08-21,"12:07:25",2005-08-28,"08:36:25"
14445,3186,256,2,2005-08-21,"12:07:42",2005-08-22,"17:51:42"
14446,4367,21,1,2005-08-21,"12:10:41",2005-08-26,"14:42:41"
14447,1889,584,2,2005-08-21,"12:12:05",2005-08-27,"14:47:05"
14448,1937,263,1,2005-08-21,"12:13:10",2005-08-30,"08:46:10"
14449,653,529,2,2005-08-21,"12:13:18",2005-08-27,"15:41:18"
14450,1194,48,2,2005-08-21,"12:21:25",2005-08-26,"14:35:25"
14451,3967,467,2,2005-08-21,"12:21:44",2005-08-22,"15:07:44"
14452,4231,325,1,2005-08-21,"12:23:20",2005-08-27,"06:26:20"
14453,3312,237,1,2005-08-21,"12:33:34",2005-08-27,"11:10:34"
14454,2475,150,2,2005-08-21,"12:35:49",2005-08-22,"16:28:49"
14455,3442,68,2,2005-08-21,"12:36:11",2005-08-27,"08:12:11"
14456,2520,125,1,2005-08-21,"12:38:09",2005-08-26,"08:29:09"
14457,4288,340,1,2005-08-21,"12:47:38",2005-08-25,"13:07:38"
14458,1769,256,2,2005-08-21,"12:47:53",2005-08-30,"17:09:53"
14459,1532,98,2,2005-08-21,"12:48:08",2005-08-27,"10:50:08"
14460,4137,120,2,2005-08-21,"12:48:48",2005-08-30,"16:34:48"
14461,371,42,1,2005-08-21,"12:50:33",2005-08-30,"13:35:33"
14462,2201,96,2,2005-08-21,"12:50:57",2005-08-27,"10:42:57"
14463,1403,365,1,2005-08-21,"12:51:49",2005-08-29,"12:17:49"
14464,2310,121,1,2005-08-21,"12:52:54",2005-08-25,"16:42:54"
14465,4206,262,2,2005-08-21,"12:54:22",2005-08-28,"10:46:22"
14466,923,442,2,2005-08-21,"13:03:13",2005-08-22,"15:19:13"
14467,1498,522,1,2005-08-21,"13:03:33",2005-08-28,"15:28:33"
14468,4168,224,2,2005-08-21,"13:07:10",2005-08-30,"19:05:10"
14469,1957,554,1,2005-08-21,"13:07:24",2005-08-24,"10:37:24"
14470,3899,379,2,2005-08-21,"13:09:41",2005-08-23,"10:20:41"
14471,1254,395,1,2005-08-21,"13:10:40",2005-08-26,"16:49:40"
14472,4097,184,2,2005-08-21,"13:13:57",2005-08-23,"14:04:57"
14473,2747,298,1,2005-08-21,"13:19:03",2005-08-23,"15:12:03"
14474,2632,294,2,2005-08-21,"13:22:48",2005-08-27,"14:13:48"
14475,3164,2,2,2005-08-21,"13:24:32",2005-08-27,"08:59:32"
14476,2821,101,1,2005-08-21,"13:31:07",2005-08-23,"17:06:07"
14477,1564,126,2,2005-08-21,"13:32:38",2005-08-25,"18:02:38"
14478,2990,231,2,2005-08-21,"13:33:28",2005-08-25,"13:33:28"
14479,2235,324,2,2005-08-21,"13:35:54",2005-08-29,"12:12:54"
14480,229,411,1,2005-08-21,"13:36:40",2005-08-26,"08:39:40"
14481,4099,367,2,2005-08-21,"13:41:14",2005-08-30,"07:53:14"
14482,2765,23,1,2005-08-21,"13:42:45",2005-08-27,"11:55:45"
14483,37,275,2,2005-08-21,"13:43:59",2005-08-28,"16:38:59"
14484,3714,418,1,2005-08-21,"13:47:29",2005-08-23,"18:25:29"
14485,1637,241,2,2005-08-21,"13:52:07",2005-08-30,"13:06:07"
14486,3119,138,1,2005-08-21,"13:52:54",2005-08-23,"07:58:54"
14487,2578,526,1,2005-08-21,"13:53:33",2005-08-29,"19:32:33"
14488,4202,75,2,2006-02-14,"15:16:03",,
14489,2312,9,2,2005-08-21,"13:53:59",2005-08-30,"15:45:59"
14490,1771,205,2,2005-08-21,"13:54:15",2005-08-28,"19:08:15"
14491,2072,226,1,2005-08-21,"13:55:39",2005-08-29,"17:51:39"
14492,1591,266,1,2005-08-21,"13:59:08",2005-08-23,"11:09:08"
14493,2590,389,1,2005-08-21,"14:01:44",2005-08-28,"17:20:44"
14494,169,5,2,2005-08-21,"14:02:50",2005-08-22,"16:45:50"
14495,3215,429,2,2005-08-21,"14:04:39",2005-08-22,"16:53:39"
14496,2185,223,1,2005-08-21,"14:07:35",2005-08-24,"12:31:35"
14497,3240,254,2,2005-08-21,"14:09:47",2005-08-22,"11:10:47"
14498,3971,544,1,2005-08-21,"14:10:44",2005-08-23,"08:29:44"
14499,4109,292,2,2005-08-21,"14:11:19",2005-08-23,"16:10:19"
14500,2024,451,1,2005-08-21,"14:11:30",2005-08-27,"12:19:30"
14501,3588,576,1,2005-08-21,"14:14:38",2005-08-25,"17:58:38"
14502,2986,378,1,2005-08-21,"14:22:28",2005-08-23,"10:40:28"
14503,2144,188,1,2006-02-14,"15:16:03",,
14504,4536,312,1,2005-08-21,"14:23:01",2005-08-27,"13:56:01"
14505,2172,203,1,2005-08-21,"14:26:28",2005-08-29,"17:34:28"
14506,4493,537,2,2005-08-21,"14:32:27",2005-08-24,"19:02:27"
14507,1969,175,2,2005-08-21,"14:32:45",2005-08-28,"09:50:45"
14508,703,396,2,2005-08-21,"14:33:58",2005-08-27,"10:45:58"
14509,541,520,1,2005-08-21,"14:39:58",2005-08-26,"13:19:58"
14510,1868,547,1,2005-08-21,"14:44:41",2005-08-30,"20:19:41"
14511,4452,16,2,2005-08-21,"14:45:34",2005-08-28,"10:36:34"
14512,579,51,2,2005-08-21,"14:47:09",2005-08-24,"18:10:09"
14513,4265,185,2,2005-08-21,"14:51:35",2005-08-24,"13:24:35"
14514,1259,295,2,2005-08-21,"14:51:52",2005-08-30,"10:40:52"
14515,2215,242,1,2005-08-21,"14:52:14",2005-08-27,"10:27:14"
14516,713,457,2,2006-02-14,"15:16:03",,
14517,3568,311,2,2005-08-21,"14:57:03",2005-08-24,"13:52:03"
14518,2734,82,2,2005-08-21,"14:58:58",2005-08-24,"13:19:58"
14519,1541,403,2,2005-08-21,"14:59:29",2005-08-22,"11:48:29"
14520,4533,150,1,2005-08-21,"15:00:49",2005-08-30,"19:04:49"
14521,1538,200,1,2005-08-21,"15:01:32",2005-08-28,"19:12:32"
14522,2101,535,1,2005-08-21,"15:01:34",2005-08-25,"16:37:34"
14523,345,433,2,2005-08-21,"15:03:45",2005-08-22,"18:06:45"
14524,4409,374,2,2005-08-21,"15:05:27",2005-08-29,"12:07:27"
14525,3020,420,1,2005-08-21,"15:06:49",2005-08-22,"16:30:49"
14526,1799,534,1,2006-02-14,"15:16:03",,
14527,3496,232,1,2005-08-21,"15:07:42",2005-08-23,"12:31:42"
14528,4305,46,2,2005-08-21,"15:08:05",2005-08-26,"15:58:05"
14529,1774,380,1,2005-08-21,"15:08:31",2005-08-29,"17:15:31"
14530,1905,77,2,2005-08-21,"15:10:50",2005-08-26,"09:20:50"
14531,4296,568,2,2006-02-14,"15:16:03",,
14532,2057,37,2,2005-08-21,"15:15:03",2005-08-25,"17:41:03"
14533,2202,586,1,2005-08-21,"15:15:19",2005-08-26,"12:47:19"
14534,2514,56,1,2005-08-21,"15:16:29",2005-08-26,"16:18:29"
14535,530,412,2,2005-08-21,"15:22:37",2005-08-29,"19:23:37"
14536,2615,48,1,2005-08-21,"15:22:50",2005-08-27,"17:03:50"
14537,3755,405,2,2005-08-21,"15:24:24",2005-08-23,"17:14:24"
14538,3348,471,2,2005-08-21,"15:28:15",2005-08-22,"19:55:15"
14539,3340,41,1,2005-08-21,"15:29:47",2005-08-28,"19:01:47"
14540,2362,28,2,2005-08-21,"15:34:23",2005-08-27,"11:51:23"
14541,1275,576,1,2005-08-21,"15:34:32",2005-08-25,"13:18:32"
14542,1247,101,2,2005-08-21,"15:36:34",2005-08-27,"20:24:34"
14543,709,579,1,2005-08-21,"15:39:01",2005-08-28,"09:47:01"
14544,2445,589,1,2005-08-21,"15:41:01",2005-08-24,"15:20:01"
14545,2459,13,2,2005-08-21,"15:44:23",2005-08-29,"20:09:23"
14546,1515,466,2,2005-08-21,"15:50:50",2005-08-23,"11:37:50"
14547,1172,265,1,2005-08-21,"15:51:38",2005-08-26,"15:35:38"
14548,226,299,2,2005-08-21,"15:53:52",2005-08-25,"15:39:52"
14549,4117,155,1,2005-08-21,"15:54:21",2005-08-22,"17:22:21"
14550,2814,473,1,2005-08-21,"15:56:39",2005-08-23,"21:40:39"
14551,496,521,2,2005-08-21,"15:57:25",2005-08-28,"11:10:25"
14552,1991,477,1,2005-08-21,"15:59:27",2005-08-27,"11:46:27"
14553,3160,434,2,2005-08-21,"15:59:40",2005-08-23,"11:54:40"
14554,31,38,2,2005-08-21,"16:03:01",2005-08-26,"13:09:01"
14555,1926,440,1,2005-08-21,"16:03:02",2005-08-23,"14:18:02"
14556,475,265,1,2005-08-21,"16:03:27",2005-08-29,"15:49:27"
14557,483,490,1,2005-08-21,"16:05:11",2005-08-27,"16:37:11"
14558,3958,273,2,2005-08-21,"16:10:50",2005-08-28,"16:36:50"
14559,3842,433,1,2005-08-21,"16:11:35",2005-08-30,"15:26:35"
14560,1616,579,1,2005-08-21,"16:13:47",2005-08-26,"15:19:47"
14561,2498,443,1,2005-08-21,"16:20:43",2005-08-27,"16:48:43"
14562,3501,107,1,2005-08-21,"16:22:59",2005-08-22,"21:15:59"
14563,3984,212,2,2005-08-21,"16:23:53",2005-08-25,"11:30:53"
14564,3250,22,1,2005-08-21,"16:24:43",2005-08-26,"16:58:43"
14565,4160,250,1,2005-08-21,"16:24:45",2005-08-25,"14:42:45"
14566,84,87,1,2005-08-21,"16:25:05",2005-08-26,"10:31:05"
14567,3805,214,1,2005-08-21,"16:27:25",2005-08-26,"10:47:25"
14568,3331,582,1,2005-08-21,"16:30:48",2005-08-22,"13:49:48"
14569,884,15,2,2005-08-21,"16:31:22",2005-08-25,"21:27:22"
14570,955,32,2,2005-08-21,"16:32:32",2005-08-30,"12:03:32"
14571,2218,296,1,2005-08-21,"16:40:26",2005-08-29,"17:10:26"
14572,1397,538,2,2005-08-21,"16:44:31",2005-08-26,"16:35:31"
14573,2423,240,2,2005-08-21,"16:44:32",2005-08-23,"14:01:32"
14574,1611,62,2,2005-08-21,"16:50:34",2005-08-26,"14:24:34"
14575,3752,159,2,2005-08-21,"16:51:34",2005-08-30,"20:13:34"
14576,1189,45,2,2005-08-21,"16:52:03",2005-08-28,"19:43:03"
14577,1965,126,1,2005-08-21,"16:52:29",2005-08-26,"12:30:29"
14578,3141,389,2,2005-08-21,"16:53:38",2005-08-28,"20:36:38"
14579,1205,260,1,2005-08-21,"16:54:47",2005-08-28,"12:35:47"
14580,1440,448,1,2005-08-21,"16:56:39",2005-08-28,"15:25:39"
14581,751,243,1,2005-08-21,"17:07:08",2005-08-26,"16:02:08"
14582,1004,438,2,2005-08-21,"17:08:33",2005-08-29,"18:04:33"
14583,1203,455,2,2005-08-21,"17:11:47",2005-08-24,"16:16:47"
14584,2617,481,2,2005-08-21,"17:15:33",2005-08-24,"20:24:33"
14585,82,30,1,2005-08-21,"17:18:33",2005-08-26,"11:36:33"
14586,3094,182,1,2005-08-21,"17:19:09",2005-08-26,"17:00:09"
14587,2329,250,1,2005-08-21,"17:20:55",2005-08-26,"17:17:55"
14588,1350,219,2,2005-08-21,"17:25:53",2005-08-28,"21:47:53"
14589,2810,179,1,2005-08-21,"17:28:55",2005-08-22,"23:06:55"
14590,2633,526,1,2005-08-21,"17:29:10",2005-08-28,"20:15:10"
14591,3410,538,1,2005-08-21,"17:30:09",2005-08-24,"12:27:09"
14592,2681,563,2,2005-08-21,"17:30:17",2005-08-22,"20:06:17"
14593,1399,564,1,2005-08-21,"17:33:18",2005-08-24,"22:11:18"
14594,2978,62,2,2005-08-21,"17:34:24",2005-08-26,"22:04:24"
14595,1879,118,1,2005-08-21,"17:35:17",2005-08-27,"12:11:17"
14596,2010,472,1,2005-08-21,"17:38:37",2005-08-30,"20:28:37"
14597,1160,472,1,2005-08-21,"17:39:41",2005-08-25,"14:07:41"
14598,1113,359,2,2005-08-21,"17:40:05",2005-08-29,"18:16:05"
14599,4575,599,1,2005-08-21,"17:43:42",2005-08-22,"18:53:42"
14600,3532,255,1,2005-08-21,"17:45:21",2005-08-28,"19:03:21"
14601,548,406,1,2005-08-21,"17:45:52",2005-08-29,"15:10:52"
14602,3771,370,1,2005-08-21,"17:48:49",2005-08-28,"21:38:49"
14603,94,26,1,2005-08-21,"17:51:06",2005-08-28,"15:36:06"
14604,1024,585,2,2006-02-14,"15:16:03",,
14605,476,394,1,2005-08-21,"17:56:06",2005-08-24,"18:35:06"
14606,2291,592,2,2006-02-14,"15:16:03",,
14607,4518,417,2,2005-08-21,"17:56:50",2005-08-22,"17:44:50"
14608,3321,90,1,2005-08-21,"17:57:22",2005-08-25,"13:20:22"
14609,1206,551,2,2005-08-21,"17:57:26",2005-08-25,"14:04:26"
14610,1894,260,2,2005-08-21,"17:59:09",2005-08-29,"21:36:09"
14611,4078,443,1,2005-08-21,"18:01:41",2005-08-26,"12:34:41"
14612,4105,445,1,2005-08-21,"18:03:15",2005-08-27,"13:39:15"
14613,3841,20,1,2005-08-21,"18:03:20",2005-08-26,"19:46:20"
14614,3053,468,1,2005-08-21,"18:03:51",2005-08-30,"13:37:51"
14615,2332,171,2,2005-08-21,"18:06:32",2005-08-30,"13:19:32"
14616,4537,532,1,2006-02-14,"15:16:03",,
14617,3562,51,2,2005-08-21,"18:07:40",2005-08-24,"23:48:40"
14618,4490,270,1,2005-08-21,"18:09:51",2005-08-28,"22:47:51"
14619,1589,338,2,2005-08-21,"18:10:03",2005-08-23,"13:40:03"
14620,3272,78,2,2005-08-21,"18:10:43",2005-08-22,"15:19:43"
14621,3622,344,1,2005-08-21,"18:17:59",2005-08-23,"14:16:59"
14622,2702,559,2,2005-08-21,"18:25:59",2005-08-31,"00:11:59"
14623,901,33,2,2005-08-21,"18:29:13",2005-08-26,"20:48:13"
14624,4,344,1,2005-08-21,"18:32:42",2005-08-23,"21:09:42"
14625,2661,507,1,2005-08-21,"18:34:21",2005-08-29,"21:41:21"
14626,1038,554,2,2005-08-21,"18:35:44",2005-08-25,"23:54:44"
14627,2470,49,1,2005-08-21,"18:35:54",2005-08-30,"21:17:54"
14628,3636,331,2,2005-08-21,"18:37:24",2005-08-27,"20:25:24"
14629,761,148,2,2005-08-21,"18:39:52",2005-08-25,"19:14:52"
14630,4049,294,2,2005-08-21,"18:43:44",2005-08-29,"17:08:44"
14631,782,209,1,2005-08-21,"18:47:49",2005-08-28,"16:54:49"
14632,2807,38,2,2005-08-21,"18:48:06",2005-08-25,"00:33:06"
14633,2137,551,1,2005-08-21,"18:51:10",2005-08-25,"13:07:10"
14634,486,494,2,2005-08-21,"18:51:28",2005-08-29,"19:30:28"
14635,2171,108,2,2005-08-21,"18:51:43",2005-08-27,"16:30:43"
14636,1671,339,2,2005-08-21,"18:59:17",2005-08-23,"13:19:17"
14637,1846,76,2,2005-08-21,"19:01:00",2005-08-26,"23:03:00"
14638,3583,216,2,2005-08-21,"19:01:36",2005-08-22,"15:09:36"
14639,3510,210,1,2005-08-21,"19:01:39",2005-08-26,"14:08:39"
14640,1880,253,2,2005-08-21,"19:03:19",2005-08-27,"00:37:19"
14641,2205,147,2,2005-08-21,"19:05:23",2005-08-22,"22:30:23"
14642,1280,81,2,2005-08-21,"19:09:40",2005-08-30,"13:25:40"
14643,798,119,1,2005-08-21,"19:11:58",2005-08-29,"19:52:58"
14644,3905,453,1,2005-08-21,"19:12:12",2005-08-29,"17:08:12"
14645,2369,334,1,2005-08-21,"19:12:47",2005-08-25,"21:42:47"
14646,948,186,1,2005-08-21,"19:14:48",2005-08-23,"17:15:48"
14647,3854,36,2,2005-08-21,"19:15:33",2005-08-30,"18:58:33"
14648,2250,284,2,2005-08-21,"19:18:01",2005-08-25,"14:59:01"
14649,4074,43,1,2005-08-21,"19:19:21",2005-08-22,"17:23:21"
14650,1274,190,2,2005-08-21,"19:24:51",2005-08-25,"13:58:51"
14651,4037,544,2,2005-08-21,"19:31:09",2005-08-28,"14:26:09"
14652,4163,453,2,2005-08-21,"19:32:05",2005-08-23,"23:33:05"
14653,491,593,1,2005-08-21,"19:35:59",2005-08-24,"15:31:59"
14654,687,173,2,2005-08-21,"19:36:59",2005-08-23,"22:03:59"
14655,785,253,1,2005-08-21,"19:37:10",2005-08-22,"15:43:10"
14656,4205,201,2,2005-08-21,"19:39:28",2005-08-24,"01:36:28"
14657,477,244,2,2005-08-21,"19:39:43",2005-08-26,"22:39:43"
14658,1465,473,1,2005-08-21,"19:41:50",2005-08-25,"16:11:50"
14659,928,119,1,2005-08-21,"19:42:36",2005-08-26,"14:06:36"
14660,3433,452,1,2005-08-21,"19:43:21",2005-08-22,"20:42:21"
14661,745,469,1,2005-08-21,"19:44:21",2005-08-27,"14:35:21"
14662,2969,403,2,2005-08-21,"19:45:27",2005-08-23,"14:44:27"
14663,2351,150,2,2005-08-21,"19:47:55",2005-08-27,"17:36:55"
14664,4377,153,1,2005-08-21,"19:48:47",2005-08-27,"16:47:47"
14665,2896,58,1,2005-08-21,"19:49:46",2005-08-30,"18:00:46"
14666,2560,122,2,2005-08-21,"19:51:09",2005-08-30,"22:42:09"
14667,2608,55,1,2005-08-21,"19:51:11",2005-08-23,"17:37:11"
14668,1450,152,2,2005-08-21,"19:51:30",2005-08-29,"19:38:30"
14669,3154,317,1,2005-08-21,"19:54:06",2005-08-25,"23:12:06"
14670,4324,537,2,2005-08-21,"19:54:11",2005-08-27,"21:42:11"
14671,2622,53,1,2005-08-21,"19:59:30",2005-08-22,"19:39:30"
14672,4144,325,1,2005-08-21,"19:59:33",2005-08-30,"19:40:33"
14673,1827,445,1,2005-08-21,"20:01:18",2005-08-25,"18:55:18"
14674,572,300,1,2005-08-21,"20:01:34",2005-08-27,"18:33:34"
14675,328,170,2,2005-08-21,"20:01:51",2005-08-26,"14:30:51"
14676,877,49,1,2005-08-21,"20:02:18",2005-08-26,"21:55:18"
14677,4411,26,1,2005-08-21,"20:12:30",2005-08-28,"15:11:30"
14678,1911,383,2,2005-08-21,"20:12:43",2005-08-31,"02:11:43"
14679,1520,193,1,2005-08-21,"20:14:58",2005-08-23,"23:39:58"
14680,4469,524,1,2005-08-21,"20:19:52",2005-08-28,"17:10:52"
14681,1083,212,1,2005-08-21,"20:25:13",2005-08-30,"19:48:13"
14682,2974,314,2,2005-08-21,"20:25:57",2005-08-28,"00:42:57"
14683,3850,342,1,2005-08-21,"20:27:44",2005-08-29,"16:54:44"
14684,3593,369,2,2005-08-21,"20:28:26",2005-08-28,"19:01:26"
14685,1320,69,1,2005-08-21,"20:31:25",2005-08-22,"21:02:25"
14686,814,34,1,2005-08-21,"20:32:08",2005-08-26,"18:07:08"
14687,306,550,2,2005-08-21,"20:32:16",2005-08-26,"16:17:16"
14688,2573,219,2,2005-08-21,"20:32:37",2005-08-27,"00:06:37"
14689,1124,463,1,2005-08-21,"20:33:00",2005-08-22,"18:10:00"
14690,3649,456,2,2005-08-21,"20:42:25",2005-08-29,"18:42:25"
14691,2131,404,1,2005-08-21,"20:42:29",2005-08-24,"01:22:29"
14692,1908,192,1,2005-08-21,"20:43:21",2005-08-28,"19:02:21"
14693,3454,269,2,2005-08-21,"20:44:19",2005-08-29,"00:37:19"
14694,2767,363,1,2005-08-21,"20:46:42",2005-08-23,"16:18:42"
14695,412,206,2,2005-08-21,"20:46:47",2005-08-22,"22:25:47"
14696,3776,435,1,2005-08-21,"20:48:05",2005-08-25,"14:55:05"
14697,48,409,2,2005-08-21,"20:49:21",2005-08-26,"01:39:21"
14698,4255,196,2,2005-08-21,"20:49:58",2005-08-29,"20:13:58"
14699,1427,3,2,2005-08-21,"20:50:48",2005-08-29,"18:08:48"
14700,3446,360,1,2005-08-21,"20:53:40",2005-08-23,"22:01:40"
14701,3034,34,1,2005-08-21,"20:54:32",2005-08-30,"16:46:32"
14702,4096,345,1,2005-08-21,"21:00:03",2005-08-30,"16:59:03"
14703,4329,29,2,2005-08-21,"21:01:19",2005-08-22,"15:13:19"
14704,4062,248,2,2005-08-21,"21:02:22",2005-08-27,"23:10:22"
14705,2493,243,2,2005-08-21,"21:02:55",2005-08-25,"20:20:55"
14706,4494,589,2,2005-08-21,"21:04:42",2005-08-22,"19:55:42"
14707,2916,530,1,2005-08-21,"21:06:29",2005-08-30,"23:37:29"
14708,2828,226,1,2005-08-21,"21:07:23",2005-08-28,"15:47:23"
14709,1856,300,1,2005-08-21,"21:07:59",2005-08-31,"02:19:59"
14710,1922,587,1,2005-08-21,"21:15:23",2005-08-30,"19:45:23"
14711,1973,448,2,2005-08-21,"21:22:07",2005-08-30,"16:24:07"
14712,1198,226,1,2005-08-21,"21:22:56",2005-08-25,"01:53:56"
14713,3350,148,1,2005-08-21,"21:27:24",2005-08-23,"20:26:24"
14714,1,279,1,2005-08-21,"21:27:43",2005-08-30,"22:26:43"
14715,4453,287,2,2005-08-21,"21:28:18",2005-08-26,"22:13:18"
14716,2285,78,2,2005-08-21,"21:29:55",2005-08-23,"18:34:55"
14717,3839,366,2,2005-08-21,"21:30:39",2005-08-26,"16:58:39"
14718,3618,340,2,2005-08-21,"21:39:25",2005-08-26,"22:07:25"
14719,4091,599,1,2005-08-21,"21:41:57",2005-08-25,"20:37:57"
14720,3617,395,1,2005-08-21,"21:43:53",2005-08-25,"18:21:53"
14721,4257,349,1,2005-08-21,"21:50:51",2005-08-30,"19:21:51"
14722,2930,236,1,2005-08-21,"21:50:53",2005-08-30,"03:13:53"
14723,2755,548,2,2005-08-21,"21:52:32",2005-08-31,"00:03:32"
14724,3559,552,2,2005-08-21,"21:53:47",2005-08-23,"20:14:47"
14725,4427,403,2,2005-08-21,"22:02:08",2005-08-23,"03:59:08"
14726,4556,216,1,2005-08-21,"22:08:52",2005-08-22,"18:28:52"
14727,650,275,1,2005-08-21,"22:12:45",2005-08-25,"00:46:45"
14728,2671,474,2,2005-08-21,"22:15:36",2005-08-25,"17:14:36"
14729,2483,289,1,2005-08-21,"22:16:57",2005-08-27,"21:32:57"
14730,2949,439,1,2005-08-21,"22:21:11",2005-08-30,"03:02:11"
14731,1351,154,1,2005-08-21,"22:21:49",2005-08-24,"16:27:49"
14732,1915,482,1,2005-08-21,"22:22:29",2005-08-23,"18:34:29"
14733,398,408,1,2005-08-21,"22:22:33",2005-08-26,"21:01:33"
14734,1369,448,2,2006-02-14,"15:16:03",,
14735,950,35,1,2005-08-21,"22:25:09",2005-08-23,"21:16:09"
14736,207,139,2,2005-08-21,"22:25:53",2005-08-25,"19:01:53"
14737,1842,124,2,2005-08-21,"22:27:11",2005-08-25,"18:51:11"
14738,3315,521,1,2005-08-21,"22:29:13",2005-08-29,"21:19:13"
14739,4026,226,1,2005-08-21,"22:33:22",2005-08-22,"19:45:22"
14740,1717,333,1,2005-08-21,"22:35:33",2005-08-26,"17:49:33"
14741,612,60,2,2006-02-14,"15:16:03",,
14742,2988,421,1,2005-08-21,"22:39:01",2005-08-26,"00:17:01"
14743,4570,2,1,2005-08-21,"22:41:56",2005-08-29,"00:18:56"
14744,800,213,1,2005-08-21,"22:45:21",2005-08-29,"23:57:21"
14745,4399,277,1,2005-08-21,"22:53:01",2005-08-23,"23:22:01"
14746,3197,284,2,2005-08-21,"22:54:02",2005-08-27,"17:04:02"
14747,201,153,2,2005-08-21,"23:00:02",2005-08-26,"18:58:02"
14748,1697,81,2,2005-08-21,"23:02:02",2005-08-28,"05:01:02"
14749,831,235,2,2005-08-21,"23:08:33",2005-08-29,"20:46:33"
14750,918,303,2,2005-08-21,"23:09:32",2005-08-30,"00:46:32"
14751,1156,195,2,2005-08-21,"23:11:23",2005-08-30,"20:01:23"
14752,1252,362,1,2005-08-21,"23:11:42",2005-08-28,"22:12:42"
14753,1803,155,2,2005-08-21,"23:11:43",2005-08-22,"22:25:43"
14754,2355,137,2,2005-08-21,"23:17:26",2005-08-29,"18:55:26"
14755,862,328,2,2005-08-21,"23:18:08",2005-08-27,"01:06:08"
14756,564,288,1,2005-08-21,"23:21:23",2005-08-24,"01:44:23"
14757,1154,473,2,2005-08-21,"23:23:37",2005-08-26,"23:24:37"
14758,2372,339,2,2005-08-21,"23:24:52",2005-08-27,"04:25:52"
14759,3871,362,2,2005-08-21,"23:28:58",2005-08-31,"00:35:58"
14760,1367,355,1,2006-02-14,"15:16:03",,
14761,2657,490,1,2005-08-21,"23:30:28",2005-08-26,"03:26:28"
14762,4249,1,1,2005-08-21,"23:33:57",2005-08-23,"01:30:57"
14763,1480,116,2,2005-08-21,"23:34:00",2005-08-31,"03:58:00"
14764,1270,529,2,2005-08-21,"23:37:47",2005-08-24,"00:23:47"
14765,2817,435,2,2005-08-21,"23:40:28",2005-08-25,"04:55:28"
14766,768,523,1,2005-08-21,"23:42:20",2005-08-26,"03:46:20"
14767,1232,69,1,2005-08-21,"23:43:00",2005-08-29,"05:26:00"
14768,3465,570,1,2005-08-21,"23:44:53",2005-08-27,"20:33:53"
14769,1800,361,1,2006-02-14,"15:16:03",,
14770,2977,372,1,2005-08-21,"23:47:16",2005-08-25,"04:48:16"
14771,2665,149,2,2005-08-21,"23:50:15",2005-08-28,"22:55:15"
14772,4047,411,2,2005-08-21,"23:50:39",2005-08-30,"20:44:39"
14773,2541,413,2,2005-08-21,"23:50:57",2005-08-26,"04:45:57"
14774,3185,252,2,2005-08-21,"23:52:32",2005-08-26,"23:42:32"
14775,4044,400,2,2005-08-21,"23:53:07",2005-08-22,"18:07:07"
14776,3488,15,2,2005-08-21,"23:53:35",2005-08-24,"02:00:35"
14777,237,389,1,2005-08-21,"23:55:50",2005-08-28,"04:31:50"
14778,2152,396,2,2005-08-21,"23:56:30",2005-08-26,"00:07:30"
14779,1087,279,2,2005-08-22,"00:00:56",2005-08-31,"00:01:56"
14780,3171,491,2,2005-08-22,"00:06:33",2005-08-22,"22:02:33"
14781,3458,71,1,2005-08-22,"00:15:12",2005-08-29,"21:02:12"
14782,1727,211,1,2005-08-22,"00:17:20",2005-08-23,"01:24:20"
14783,3419,332,2,2005-08-22,"00:21:57",2005-08-28,"01:27:57"
14784,441,117,1,2005-08-22,"00:23:13",2005-08-28,"03:42:13"
14785,1981,560,1,2005-08-22,"00:24:37",2005-08-25,"04:15:37"
14786,2959,370,1,2005-08-22,"00:24:42",2005-08-25,"19:36:42"
14787,2634,38,2,2005-08-22,"00:25:59",2005-08-28,"22:30:59"
14788,1917,139,2,2005-08-22,"00:27:59",2005-08-29,"23:54:59"
14789,2344,279,1,2005-08-22,"00:29:39",2005-08-25,"02:25:39"
14790,1002,397,1,2005-08-22,"00:34:17",2005-08-31,"02:27:17"
14791,1490,317,1,2005-08-22,"00:35:55",2005-08-30,"20:23:55"
14792,4436,396,1,2005-08-22,"00:36:41",2005-08-30,"18:58:41"
14793,4285,154,2,2005-08-22,"00:37:57",2005-08-29,"05:44:57"
14794,413,156,2,2005-08-22,"00:39:31",2005-08-28,"20:08:31"
14795,1695,303,1,2005-08-22,"00:40:22",2005-08-26,"01:37:22"
14796,941,441,1,2005-08-22,"00:40:49",2005-08-30,"03:59:49"
14797,1131,546,1,2005-08-22,"00:41:24",2005-08-23,"18:51:24"
14798,7,92,2,2005-08-22,"00:44:08",2005-08-27,"02:18:08"
14799,1276,454,2,2005-08-22,"00:44:57",2005-08-24,"20:08:57"
14800,3554,533,2,2005-08-22,"00:46:18",2005-08-26,"01:44:18"
14801,1677,184,1,2005-08-22,"00:46:54",2005-08-30,"19:03:54"
14802,707,505,1,2005-08-22,"00:48:23",2005-08-28,"01:02:23"
14803,2525,278,2,2005-08-22,"00:49:10",2005-08-22,"23:44:10"
14804,372,94,1,2005-08-22,"00:51:25",2005-08-26,"21:15:25"
14805,783,169,2,2005-08-22,"00:52:01",2005-08-23,"03:28:01"
14806,2049,231,2,2005-08-22,"00:53:08",2005-08-23,"06:26:08"
14807,335,90,1,2005-08-22,"00:57:43",2005-08-26,"23:40:43"
14808,1657,362,2,2005-08-22,"00:58:35",2005-08-29,"20:16:35"
14809,1077,188,1,2005-08-22,"01:00:42",2005-08-29,"19:55:42"
14810,1982,78,2,2005-08-22,"01:08:34",2005-08-25,"07:00:34"
14811,1613,53,1,2005-08-22,"01:09:04",2005-08-26,"19:30:04"
14812,4282,211,1,2005-08-22,"01:10:32",2005-08-26,"05:21:32"
14813,3364,142,2,2005-08-22,"01:11:37",2005-08-24,"05:57:37"
14814,3109,250,2,2005-08-22,"01:12:14",2005-08-27,"23:24:14"
14815,1183,314,2,2005-08-22,"01:12:44",2005-08-24,"01:42:44"
14816,4086,534,1,2005-08-22,"01:15:51",2005-08-28,"04:11:51"
14817,910,215,1,2005-08-22,"01:17:16",2005-08-27,"02:43:16"
14818,1619,580,1,2005-08-22,"01:17:18",2005-08-26,"05:40:18"
14819,2890,410,1,2005-08-22,"01:17:19",2005-08-30,"05:54:19"
14820,1409,52,1,2005-08-22,"01:18:37",2005-08-23,"19:44:37"
14821,3155,62,2,2005-08-22,"01:20:19",2005-08-29,"03:06:19"
14822,2835,52,1,2005-08-22,"01:21:14",2005-08-30,"03:59:14"
14823,680,503,2,2005-08-22,"01:24:42",2005-08-22,"19:45:42"
14824,4162,594,2,2005-08-22,"01:27:51",2005-08-23,"03:24:51"
14825,1449,1,2,2005-08-22,"01:27:57",2005-08-27,"07:01:57"
14826,4023,426,2,2005-08-22,"01:32:14",2005-08-23,"03:52:14"
14827,2267,88,2,2005-08-22,"01:32:32",2005-08-31,"06:21:32"
14828,4114,319,2,2005-08-22,"01:34:05",2005-08-27,"06:27:05"
14829,3606,546,2,2005-08-22,"01:35:37",2005-08-23,"19:55:37"
14830,637,590,1,2005-08-22,"01:37:19",2005-08-27,"20:10:19"
14831,3370,156,1,2005-08-22,"01:40:49",2005-08-23,"02:47:49"
14832,1828,494,2,2005-08-22,"01:43:29",2005-08-29,"07:19:29"
14833,1960,551,1,2005-08-22,"01:45:18",2005-08-28,"21:24:18"
14834,3105,262,1,2005-08-22,"01:45:58",2005-08-28,"20:52:58"
14835,755,404,1,2005-08-22,"01:49:07",2005-08-30,"04:28:07"
14836,4287,418,1,2005-08-22,"01:52:26",2005-08-22,"23:39:26"
14837,2251,43,1,2005-08-22,"01:54:52",2005-08-29,"02:24:52"
14838,506,404,1,2005-08-22,"01:57:34",2005-08-25,"06:34:34"
14839,3440,567,2,2005-08-22,"01:58:15",2005-08-24,"05:24:15"
14840,1240,354,2,2005-08-22,"01:58:42",2005-08-29,"22:32:42"
14841,4017,384,2,2005-08-22,"02:03:30",2005-08-28,"02:08:30"
14842,2511,467,2,2005-08-22,"02:04:38",2005-08-30,"06:46:38"
14843,3000,454,1,2005-08-22,"02:05:25",2005-08-28,"22:11:25"
14844,145,513,1,2005-08-22,"02:09:12",2005-08-31,"05:43:12"
14845,69,292,2,2005-08-22,"02:12:44",2005-08-24,"02:36:44"
14846,3840,309,1,2005-08-22,"02:13:48",2005-08-30,"05:39:48"
14847,2995,327,2,2005-08-22,"02:13:51",2005-08-29,"03:42:51"
14848,395,218,2,2005-08-22,"02:14:19",2005-08-26,"02:54:19"
14849,3354,177,2,2005-08-22,"02:15:26",2005-08-28,"00:56:26"
14850,2405,435,1,2005-08-22,"02:16:55",2005-08-26,"21:08:55"
14851,1139,180,2,2005-08-22,"02:20:44",2005-08-26,"08:02:44"
14852,2262,352,1,2005-08-22,"02:25:53",2005-08-25,"04:27:53"
14853,3575,388,2,2005-08-22,"02:26:33",2005-08-31,"02:49:33"
14854,1989,117,1,2005-08-22,"02:26:47",2005-08-23,"05:53:47"
14855,1668,187,1,2005-08-22,"02:27:32",2005-08-31,"03:35:32"
14856,3292,151,2,2005-08-22,"02:31:51",2005-08-26,"23:41:51"
14857,4150,232,2,2005-08-22,"02:42:39",2005-08-24,"21:26:39"
14858,366,499,1,2005-08-22,"02:46:18",2005-08-30,"08:22:18"
14859,2150,463,2,2005-08-22,"02:46:35",2005-08-24,"22:37:35"
14860,1368,418,1,2005-08-22,"02:47:07",2005-08-28,"00:00:07"
14861,1806,422,1,2005-08-22,"02:48:05",2005-08-27,"00:50:05"
14862,3479,78,2,2005-08-22,"02:51:41",2005-08-28,"06:30:41"
14863,779,440,2,2005-08-22,"02:57:04",2005-08-30,"03:24:04"
14864,2872,460,1,2005-08-22,"02:57:06",2005-08-22,"22:19:06"
14865,3775,94,1,2005-08-22,"03:06:38",2005-08-23,"04:26:38"
14866,2607,445,1,2005-08-22,"03:11:35",2005-08-30,"00:10:35"
14867,271,114,2,2005-08-22,"03:14:46",2005-08-25,"03:53:46"
14868,4383,160,1,2005-08-22,"03:15:01",2005-08-25,"01:24:01"
14869,455,21,2,2005-08-22,"03:20:26",2005-08-23,"05:25:26"
14870,2170,512,2,2005-08-22,"03:23:20",2005-08-23,"06:50:20"
14871,3411,204,2,2005-08-22,"03:23:24",2005-08-23,"22:23:24"
14872,962,15,1,2005-08-22,"03:23:41",2005-08-29,"23:25:41"
14873,3533,314,1,2005-08-22,"03:31:06",2005-08-31,"05:34:06"
14874,1782,268,2,2005-08-22,"03:32:05",2005-08-24,"07:02:05"
14875,3912,513,1,2005-08-22,"03:34:39",2005-08-26,"03:40:39"
14876,3669,210,1,2005-08-22,"03:39:29",2005-08-23,"06:53:29"
14877,974,266,2,2005-08-22,"03:39:56",2005-08-24,"03:41:56"
14878,1202,441,2,2006-02-14,"15:16:03",,
14879,2154,148,1,2005-08-22,"03:42:12",2005-08-27,"06:14:12"
14880,3615,224,2,2005-08-22,"03:44:36",2005-08-24,"05:45:36"
14881,210,425,2,2005-08-22,"03:47:39",2005-08-26,"05:58:39"
14882,12,417,2,2005-08-22,"03:52:21",2005-08-25,"04:50:21"
14883,1946,177,1,2005-08-22,"03:55:02",2005-08-28,"02:51:02"
14884,2957,547,1,2005-08-22,"03:57:08",2005-08-23,"07:11:08"
14885,2097,248,1,2005-08-22,"03:58:29",2005-08-30,"05:26:29"
14886,4330,379,1,2005-08-22,"03:59:01",2005-08-23,"01:22:01"
14887,56,421,1,2005-08-22,"04:04:31",2005-08-31,"02:30:31"
14888,3345,91,2,2005-08-22,"04:09:18",2005-08-23,"07:34:18"
14889,1579,299,2,2005-08-22,"04:10:10",2005-08-24,"06:23:10"
14890,517,346,1,2005-08-22,"04:10:49",2005-08-30,"23:23:49"
14891,288,482,1,2005-08-22,"04:11:02",2005-08-27,"03:22:02"
14892,3061,82,1,2005-08-22,"04:15:05",2005-08-31,"06:07:05"
14893,2336,461,1,2005-08-22,"04:15:48",2005-08-30,"08:05:48"
14894,3494,347,2,2005-08-22,"04:16:56",2005-08-24,"00:30:56"
14895,4462,340,1,2005-08-22,"04:19:23",2005-08-27,"04:02:23"
14896,2508,569,2,2005-08-22,"04:20:55",2005-08-29,"05:11:55"
14897,1607,175,1,2005-08-22,"04:22:31",2005-08-26,"00:09:31"
14898,1736,299,1,2005-08-22,"04:26:34",2005-08-31,"10:04:34"
14899,3700,304,2,2005-08-22,"04:26:38",2005-08-31,"08:36:38"
14900,3420,329,2,2005-08-22,"04:27:48",2005-08-25,"03:50:48"
14901,4297,258,1,2005-08-22,"04:31:37",2005-08-29,"08:24:37"
14902,866,423,2,2005-08-22,"04:31:50",2005-08-23,"23:47:50"
14903,1795,51,2,2005-08-22,"04:31:50",2005-08-25,"22:53:50"
14904,722,71,1,2005-08-22,"04:32:01",2005-08-29,"05:21:01"
14905,4166,286,2,2005-08-22,"04:34:22",2005-08-26,"04:00:22"
14906,153,366,1,2005-08-22,"04:38:18",2005-08-29,"23:03:18"
14907,2469,116,1,2005-08-22,"04:44:09",2005-08-25,"09:53:09"
14908,102,349,2,2005-08-22,"04:44:10",2005-08-25,"05:09:10"
14909,1997,155,1,2005-08-22,"04:48:44",2005-08-25,"04:59:44"
14910,1266,540,1,2005-08-22,"04:50:52",2005-08-25,"04:14:52"
14911,353,273,1,2005-08-22,"04:51:42",2005-08-28,"05:37:42"
14912,2658,404,1,2005-08-22,"04:51:42",2005-08-23,"23:50:42"
14913,3609,503,2,2005-08-22,"04:52:13",2005-08-23,"06:49:13"
14914,4348,156,1,2005-08-22,"04:53:35",2005-08-26,"10:35:35"
14915,112,349,1,2006-02-14,"15:16:03",,
14916,2110,80,2,2005-08-22,"04:56:57",2005-08-24,"06:36:57"
14917,377,289,2,2005-08-22,"05:03:59",2005-08-29,"04:00:59"
14918,4056,154,2,2005-08-22,"05:06:38",2005-08-30,"01:44:38"
14919,1587,244,2,2005-08-22,"05:07:17",2005-08-30,"06:41:17"
14920,3357,106,1,2005-08-22,"05:08:58",2005-08-23,"02:51:58"
14921,3724,284,2,2005-08-22,"05:12:24",2005-08-26,"08:20:24"
14922,2322,151,1,2005-08-22,"05:13:05",2005-08-30,"04:59:05"
14923,3434,460,2,2005-08-22,"05:13:33",2005-08-28,"01:39:33"
14924,4189,118,1,2005-08-22,"05:15:17",2005-08-23,"10:11:17"
14925,442,128,2,2005-08-22,"05:16:16",2005-08-30,"02:47:16"
14926,2448,357,1,2005-08-22,"05:18:44",2005-08-26,"02:18:44"
14927,952,193,1,2005-08-22,"05:31:53",2005-08-27,"07:04:53"
14928,4375,472,1,2006-02-14,"15:16:03",,
14929,4195,546,1,2005-08-22,"05:32:38",2005-08-28,"00:02:38"
14930,2875,584,1,2005-08-22,"05:38:32",2005-08-30,"07:21:32"
14931,657,63,2,2005-08-22,"05:38:55",2005-08-28,"04:15:55"
14932,2259,516,2,2005-08-22,"05:40:39",2005-08-23,"11:02:39"
14933,1186,21,2,2006-02-14,"15:16:03",,
14934,815,226,1,2005-08-22,"05:47:15",2005-08-26,"11:32:15"
14935,2025,380,2,2005-08-22,"05:47:31",2005-08-29,"00:33:31"
14936,3710,241,2,2005-08-22,"05:51:26",2005-08-29,"10:21:26"
14937,1241,348,2,2005-08-22,"05:51:59",2005-08-31,"01:45:59"
14938,408,541,1,2005-08-22,"05:52:39",2005-08-31,"11:43:39"
14939,719,328,1,2005-08-22,"05:53:52",2005-08-27,"06:20:52"
14940,2635,46,2,2005-08-22,"05:54:03",2005-08-24,"05:52:03"
14941,2328,574,1,2005-08-22,"05:58:23",2005-08-28,"10:58:23"
14942,32,471,1,2005-08-22,"05:58:27",2005-08-31,"10:08:27"
14943,3515,265,2,2005-08-22,"05:59:59",2005-08-26,"10:31:59"
14944,535,153,2,2005-08-22,"06:01:26",2005-08-24,"10:33:26"
14945,1567,304,1,2005-08-22,"06:05:38",2005-08-29,"12:01:38"
14946,1395,308,1,2005-08-22,"06:07:10",2005-08-28,"05:25:10"
14947,3497,68,2,2005-08-22,"06:07:52",2005-08-28,"01:12:52"
14948,2914,488,2,2005-08-22,"06:10:53",2005-08-28,"11:24:53"
14949,2434,111,2,2005-08-22,"06:12:16",2005-08-25,"08:25:16"
14950,635,362,2,2005-08-22,"06:17:12",2005-08-27,"08:48:12"
14951,2800,197,2,2005-08-22,"06:19:37",2005-08-30,"05:51:37"
14952,2950,575,1,2005-08-22,"06:20:07",2005-08-28,"01:18:07"
14953,816,182,1,2005-08-22,"06:23:54",2005-08-28,"03:19:54"
14954,3608,525,1,2006-02-14,"15:16:03",,
14955,1534,445,2,2005-08-22,"06:25:52",2005-08-25,"12:13:52"
14956,3650,571,2,2005-08-22,"06:26:16",2005-08-25,"11:06:16"
14957,1384,323,2,2005-08-22,"06:29:34",2005-08-26,"04:52:34"
14958,1710,347,2,2005-08-22,"06:30:10",2005-08-28,"09:43:10"
14959,2009,569,1,2005-08-22,"06:30:28",2005-08-25,"09:48:28"
14960,3316,147,2,2005-08-22,"06:31:36",2005-08-29,"07:10:36"
14961,3274,52,2,2005-08-22,"06:35:50",2005-08-31,"04:07:50"
14962,3104,449,2,2005-08-22,"06:37:43",2005-08-29,"03:44:43"
14963,2672,384,2,2005-08-22,"06:38:10",2005-08-31,"05:35:10"
14964,2302,500,1,2005-08-22,"06:39:24",2005-08-26,"06:05:24"
14965,1036,148,1,2005-08-22,"06:45:53",2005-08-27,"10:05:53"
14966,679,259,1,2005-08-22,"06:45:57",2005-08-31,"10:02:57"
14967,289,67,2,2005-08-22,"06:46:03",2005-08-23,"01:02:03"
14968,3302,129,1,2005-08-22,"06:46:59",2005-08-29,"07:36:59"
14969,4060,120,1,2005-08-22,"06:49:15",2005-08-29,"05:52:15"
14970,536,529,1,2005-08-22,"06:49:29",2005-08-29,"08:47:29"
14971,1883,378,2,2005-08-22,"06:52:49",2005-08-28,"06:27:49"
14972,3422,310,1,2005-08-22,"06:53:21",2005-08-29,"02:25:21"
14973,2888,201,1,2005-08-22,"06:59:28",2005-08-30,"02:28:28"
14974,2596,157,1,2005-08-22,"07:04:25",2005-08-27,"12:39:25"
14975,924,244,2,2005-08-22,"07:07:50",2005-08-28,"07:23:50"
14976,77,581,1,2005-08-22,"07:10:26",2005-08-28,"07:22:26"
14977,4093,59,2,2005-08-22,"07:12:53",2005-08-30,"08:11:53"
14978,699,94,1,2005-08-22,"07:13:15",2005-08-25,"12:26:15"
14979,2320,387,2,2005-08-22,"07:16:36",2005-08-24,"02:29:36"
14980,2701,518,2,2005-08-22,"07:16:45",2005-08-26,"06:04:45"
14981,1239,544,2,2005-08-22,"07:19:05",2005-08-26,"03:08:05"
14982,2333,542,2,2005-08-22,"07:20:55",2005-08-31,"04:35:55"
14983,3579,363,2,2005-08-22,"07:32:23",2005-08-30,"11:39:23"
14984,1704,334,1,2005-08-22,"07:35:31",2005-08-30,"02:32:31"
14985,2017,29,1,2005-08-22,"07:35:56",2005-08-29,"13:17:56"
14986,1493,278,2,2005-08-22,"07:37:24",2005-08-23,"04:22:24"
14987,1513,138,2,2005-08-22,"07:41:08",2005-08-24,"03:15:08"
14988,2114,186,1,2005-08-22,"07:46:05",2005-08-29,"06:43:05"
14989,1431,58,2,2005-08-22,"07:47:07",2005-08-26,"04:42:07"
14990,4057,198,2,2005-08-22,"07:48:01",2005-08-24,"06:41:01"
14991,708,172,2,2005-08-22,"07:50:44",2005-08-30,"06:32:44"
14992,4430,415,2,2005-08-22,"07:51:47",2005-08-25,"08:17:47"
14993,3416,437,1,2005-08-22,"07:52:18",2005-08-27,"02:13:18"
14994,1601,509,1,2005-08-22,"07:52:24",2005-08-26,"09:57:24"
14995,4178,482,1,2005-08-22,"07:52:31",2005-08-24,"05:16:31"
14996,1178,411,1,2005-08-22,"07:52:41",2005-08-29,"02:35:41"
14997,2724,29,2,2005-08-22,"07:53:00",2005-08-28,"03:47:00"
14998,3852,92,2,2005-08-22,"07:53:14",2005-08-24,"03:46:14"
14999,3399,594,1,2005-08-22,"07:54:47",2005-08-23,"08:39:47"
15000,3080,161,2,2005-08-22,"07:54:58",2005-08-24,"12:46:58"
15001,2869,186,2,2005-08-22,"08:00:49",2005-08-27,"05:53:49"
15002,4198,242,1,2005-08-22,"08:06:00",2005-08-24,"10:48:00"
15003,4009,167,1,2005-08-22,"08:11:24",2005-08-28,"08:49:24"
15004,4464,375,1,2005-08-22,"08:15:21",2005-08-28,"10:35:21"
15005,2897,335,2,2005-08-22,"08:15:44",2005-08-24,"09:52:44"
15006,2967,97,1,2005-08-22,"08:20:15",2005-08-23,"11:57:15"
15007,3692,165,2,2005-08-22,"08:21:21",2005-08-27,"04:44:21"
15008,961,277,2,2005-08-22,"08:24:32",2005-08-31,"13:48:32"
15009,4025,325,2,2005-08-22,"08:27:27",2005-08-26,"05:57:27"
15010,171,508,2,2005-08-22,"08:30:17",2005-08-29,"13:24:17"
15011,2722,329,1,2005-08-22,"08:31:07",2005-08-24,"04:47:07"
15012,1584,454,1,2005-08-22,"08:42:32",2005-08-28,"05:04:32"
15013,141,141,2,2005-08-22,"08:42:45",2005-08-24,"05:20:45"
15014,3678,373,1,2005-08-22,"08:43:11",2005-08-31,"02:55:11"
15015,3067,14,2,2005-08-22,"08:43:50",2005-08-31,"06:53:50"
15016,879,434,2,2005-08-22,"08:47:35",2005-08-28,"14:23:35"
15017,3975,144,1,2005-08-22,"08:47:44",2005-08-29,"08:16:44"
15018,394,504,1,2005-08-22,"08:52:38",2005-08-25,"08:08:38"
15019,3425,450,2,2005-08-22,"08:52:53",2005-08-25,"13:07:53"
15020,3460,267,1,2005-08-22,"08:54:12",2005-08-27,"04:54:12"
15021,418,100,2,2006-02-14,"15:16:03",,
15022,249,506,2,2005-08-22,"08:55:43",2005-08-31,"05:35:43"
15023,358,296,1,2005-08-22,"08:56:48",2005-08-29,"08:13:48"
15024,1831,139,1,2005-08-22,"08:57:10",2005-08-24,"10:39:10"
15025,2107,257,2,2005-08-22,"08:57:24",2005-08-24,"06:09:24"
15026,4328,66,1,2005-08-22,"09:01:52",2005-08-28,"09:21:52"
15027,326,478,2,2005-08-22,"09:03:04",2005-08-29,"04:03:04"
15028,4248,37,1,2005-08-22,"09:03:44",2005-08-30,"11:28:44"
15029,2234,139,1,2005-08-22,"09:04:53",2005-08-25,"09:03:53"
15030,3168,341,2,2005-08-22,"09:10:21",2005-08-24,"06:00:21"
15031,3926,430,1,2005-08-22,"09:11:48",2005-08-27,"06:11:48"
15032,3414,467,2,2005-08-22,"09:14:09",2005-08-25,"09:50:09"
15033,2431,168,2,2005-08-22,"09:25:24",2005-08-28,"09:56:24"
15034,1331,235,1,2005-08-22,"09:33:08",2005-08-29,"13:04:08"
15035,339,513,1,2005-08-22,"09:34:32",2005-08-28,"10:23:32"
15036,874,280,2,2005-08-22,"09:36:00",2005-08-23,"08:12:00"
15037,4517,234,2,2005-08-22,"09:36:33",2005-08-31,"11:20:33"
15038,1685,3,1,2005-08-22,"09:37:27",2005-08-23,"14:39:27"
15039,895,180,1,2005-08-22,"09:37:54",2005-08-28,"12:23:54"
15040,3207,523,2,2005-08-22,"09:41:09",2005-08-23,"12:49:09"
15041,1913,372,2,2005-08-22,"09:43:18",2005-08-23,"11:04:18"
15042,3796,553,1,2005-08-22,"09:47:37",2005-08-31,"04:42:37"
15043,3797,182,1,2005-08-22,"09:49:32",2005-08-28,"13:50:32"
15044,4513,439,1,2005-08-22,"09:51:54",2005-08-31,"12:45:54"
15045,3485,161,2,2005-08-22,"09:53:23",2005-08-26,"10:09:23"
15046,1536,474,1,2005-08-22,"09:54:54",2005-08-26,"07:34:54"
15047,1309,19,1,2005-08-22,"09:57:16",2005-08-23,"11:39:16"
15048,2895,27,1,2005-08-22,"10:00:04",2005-08-26,"08:26:04"
15049,1573,102,1,2005-08-22,"10:06:28",2005-08-26,"15:12:28"
15050,3961,167,1,2005-08-22,"10:07:52",2005-08-23,"04:45:52"
15051,1419,300,1,2005-08-22,"10:08:50",2005-08-28,"10:23:50"
15052,2349,147,2,2005-08-22,"10:09:19",2005-08-31,"09:27:19"
15053,1065,374,2,2005-08-22,"10:13:09",2005-08-28,"12:42:09"
15054,2314,44,1,2005-08-22,"10:14:33",2005-08-25,"15:07:33"
15055,623,125,2,2005-08-22,"10:14:39",2005-08-25,"07:25:39"
15056,1871,503,1,2005-08-22,"10:15:54",2005-08-25,"07:21:54"
15057,4534,20,1,2005-08-22,"10:19:58",2005-08-28,"05:12:58"
15058,3537,288,1,2005-08-22,"10:20:55",2005-08-26,"12:37:55"
15059,4079,564,2,2005-08-22,"10:22:00",2005-08-29,"07:01:00"
15060,2740,63,2,2005-08-22,"10:24:32",2005-08-31,"11:17:32"
15061,3436,90,1,2005-08-22,"10:29:44",2005-08-24,"14:40:44"
15062,4393,139,2,2005-08-22,"10:34:39",2005-08-26,"13:09:39"
15063,1159,30,2,2005-08-22,"10:39:51",2005-08-25,"16:03:51"
15064,1233,425,2,2005-08-22,"10:41:58",2005-08-28,"13:34:58"
15065,468,510,2,2005-08-22,"10:46:44",2005-08-27,"09:40:44"
15066,2712,530,1,2005-08-22,"10:49:06",2005-08-23,"10:25:06"
15067,3684,461,1,2005-08-22,"10:49:21",2005-08-24,"09:01:21"
15068,3268,373,2,2005-08-22,"10:50:13",2005-08-26,"05:04:13"
15069,592,568,2,2005-08-22,"10:55:42",2005-08-28,"06:59:42"
15070,2687,441,1,2005-08-22,"10:55:45",2005-08-26,"09:23:45"
15071,417,541,1,2005-08-22,"10:58:43",2005-08-31,"14:53:43"
15072,2871,405,1,2005-08-22,"10:58:45",2005-08-30,"16:18:45"
15073,3970,336,1,2005-08-22,"11:01:15",2005-08-31,"09:23:15"
15074,3112,567,2,2005-08-22,"11:02:52",2005-08-28,"07:59:52"
15075,1938,535,1,2005-08-22,"11:04:52",2005-08-30,"05:06:52"
15076,4170,287,1,2005-08-22,"11:05:34",2005-08-27,"14:40:34"
15077,3142,503,1,2005-08-22,"11:09:18",2005-08-29,"08:41:18"
15078,3001,197,1,2005-08-22,"11:09:31",2005-08-25,"12:16:31"
15079,4552,540,2,2005-08-22,"11:09:56",2005-08-24,"15:40:56"
15080,927,133,1,2005-08-22,"11:11:51",2005-08-23,"13:09:51"
15081,2501,313,2,2005-08-22,"11:14:31",2005-08-28,"14:23:31"
15082,2046,137,1,2005-08-22,"11:17:06",2005-08-28,"06:40:06"
15083,1691,397,2,2005-08-22,"11:17:37",2005-08-28,"06:27:37"
15084,821,287,1,2005-08-22,"11:17:59",2005-08-23,"09:23:59"
15085,1669,67,2,2005-08-22,"11:19:22",2005-08-25,"09:04:22"
15086,264,494,2,2005-08-22,"11:21:08",2005-08-30,"08:18:08"
15087,233,404,2,2005-08-22,"11:24:09",2005-08-27,"16:42:09"
15088,4199,377,2,2005-08-22,"11:28:26",2005-08-24,"15:46:26"
15089,3288,61,1,2005-08-22,"11:34:06",2005-08-31,"12:45:06"
15090,2918,582,2,2005-08-22,"11:34:33",2005-08-31,"06:09:33"
15091,2092,477,2,2005-08-22,"11:34:43",2005-08-23,"16:52:43"
15092,2418,464,2,2005-08-22,"11:36:16",2005-08-28,"09:49:16"
15093,3534,60,2,2005-08-22,"11:39:03",2005-08-23,"06:16:03"
15094,922,424,1,2006-02-14,"15:16:03",,
15095,489,202,2,2005-08-22,"11:41:35",2005-08-25,"16:44:35"
15096,1983,33,2,2005-08-22,"11:43:04",2005-08-29,"12:16:04"
15097,2838,475,1,2005-08-22,"11:43:42",2005-08-27,"10:25:42"
15098,4414,88,2,2005-08-22,"11:48:19",2005-08-31,"11:07:19"
15099,1940,86,2,2005-08-22,"11:49:16",2005-08-26,"06:38:16"
15100,4489,312,1,2005-08-22,"11:55:03",2005-08-25,"14:55:03"
15101,683,335,2,2005-08-22,"11:56:02",2005-08-28,"13:08:02"
15102,2317,555,1,2005-08-22,"11:58:58",2005-08-29,"08:37:58"
15103,853,101,2,2005-08-22,"12:01:06",2005-08-25,"14:40:06"
15104,4550,359,1,2005-08-22,"12:01:16",2005-08-27,"17:48:16"
15105,3965,338,2,2005-08-22,"12:01:33",2005-08-26,"14:29:33"
15106,399,155,1,2005-08-22,"12:01:48",2005-08-27,"16:12:48"
15107,2378,376,1,2005-08-22,"12:05:02",2005-08-23,"11:09:02"
15108,3463,447,2,2005-08-22,"12:10:07",2005-08-26,"14:46:07"
15109,565,588,1,2005-08-22,"12:12:58",2005-08-30,"07:20:58"
15110,1379,72,1,2005-08-22,"12:16:46",2005-08-26,"13:36:46"
15111,4101,119,1,2005-08-22,"12:21:43",2005-08-24,"09:31:43"
15112,2832,160,1,2005-08-22,"12:21:49",2005-08-27,"11:03:49"
15113,4338,424,1,2005-08-22,"12:23:59",2005-08-27,"09:59:59"
15114,2481,121,1,2005-08-22,"12:24:55",2005-08-31,"17:06:55"
15115,1739,33,1,2005-08-22,"12:28:01",2005-08-26,"16:12:01"
15116,518,217,1,2005-08-22,"12:35:40",2005-08-23,"17:58:40"
15117,2502,292,2,2005-08-22,"12:38:20",2005-08-27,"07:36:20"
15118,2081,473,2,2005-08-22,"12:38:37",2005-08-29,"14:01:37"
15119,4526,288,2,2005-08-22,"12:41:33",2005-08-23,"14:44:33"
15120,3083,11,1,2005-08-22,"12:42:47",2005-08-23,"14:21:47"
15121,2981,415,1,2005-08-22,"12:46:37",2005-08-25,"17:42:37"
15122,1686,91,2,2005-08-22,"12:47:45",2005-08-29,"13:18:45"
15123,1455,445,1,2005-08-22,"12:48:44",2005-08-27,"11:07:44"
15124,1598,39,1,2005-08-22,"12:51:38",2005-08-26,"09:05:38"
15125,3942,221,1,2005-08-22,"12:53:22",2005-08-29,"18:44:22"
15126,1902,459,1,2005-08-22,"12:53:58",2005-08-28,"07:39:58"
15127,2397,287,1,2005-08-22,"12:56:29",2005-08-26,"10:58:29"
15128,3229,457,2,2005-08-22,"12:57:26",2005-08-30,"11:35:26"
15129,3782,234,2,2005-08-22,"13:03:52",2005-08-29,"10:56:52"
15130,2375,536,1,2005-08-22,"13:04:32",2005-08-30,"17:24:32"
15131,1930,119,1,2005-08-22,"13:06:26",2005-08-30,"16:43:26"
15132,3474,393,2,2005-08-22,"13:11:25",2005-08-27,"17:04:25"
15133,3408,137,1,2005-08-22,"13:17:43",2005-08-26,"08:40:43"
15134,4442,22,1,2005-08-22,"13:18:25",2005-08-29,"18:03:25"
15135,555,284,2,2005-08-22,"13:19:19",2005-08-27,"17:09:19"
15136,2606,435,2,2005-08-22,"13:19:25",2005-08-24,"07:28:25"
15137,856,241,1,2005-08-22,"13:20:28",2005-08-26,"09:35:28"
15138,2467,50,1,2005-08-22,"13:36:30",2005-08-27,"15:35:30"
15139,2018,237,1,2005-08-22,"13:38:11",2005-08-30,"09:00:11"
15140,1402,414,2,2005-08-22,"13:39:20",2005-08-30,"18:19:20"
15141,227,541,2,2005-08-22,"13:41:49",2005-08-28,"15:25:49"
15142,1337,351,1,2005-08-22,"13:44:32",2005-08-29,"14:19:32"
15143,1519,274,2,2005-08-22,"13:46:24",2005-08-25,"09:47:24"
15144,559,527,2,2005-08-22,"13:49:18",2005-08-26,"11:11:18"
15145,2179,2,1,2005-08-22,"13:53:04",2005-08-31,"15:51:04"
15146,3102,72,2,2005-08-22,"13:57:55",2005-08-28,"12:57:55"
15147,2553,4,2,2005-08-22,"13:58:23",2005-08-28,"14:33:23"
15148,3704,359,2,2005-08-22,"13:59:19",2005-08-31,"13:59:19"
15149,3059,537,1,2005-08-22,"14:08:06",2005-08-25,"08:25:06"
15150,1797,161,1,2005-08-22,"14:12:05",2005-08-27,"12:47:05"
15151,4070,463,1,2005-08-22,"14:23:11",2005-08-30,"14:01:11"
15152,739,123,1,2005-08-22,"14:25:21",2005-08-31,"14:28:21"
15153,1051,512,2,2005-08-22,"14:26:01",2005-08-27,"14:17:01"
15154,3395,106,2,2005-08-22,"14:27:37",2005-08-29,"20:04:37"
15155,2641,43,2,2005-08-22,"14:27:46",2005-08-23,"17:46:46"
15156,1174,494,2,2005-08-22,"14:29:11",2005-08-30,"17:48:11"
15157,1909,580,1,2005-08-22,"14:30:09",2005-08-29,"18:28:09"
15158,3614,588,1,2005-08-22,"14:30:39",2005-08-27,"15:55:39"
15159,4355,525,2,2005-08-22,"14:32:25",2005-08-24,"11:19:25"
15160,4321,249,1,2005-08-22,"14:33:50",2005-08-28,"11:26:50"
15161,1445,20,1,2005-08-22,"14:37:22",2005-08-27,"17:40:22"
15162,1756,439,2,2005-08-22,"14:41:05",2005-08-27,"20:23:05"
15163,3597,100,1,2005-08-22,"14:43:13",2005-08-26,"14:26:13"
15164,997,193,1,2005-08-22,"14:47:53",2005-08-25,"16:05:53"
15165,3664,168,2,2005-08-22,"14:59:30",2005-08-29,"15:46:30"
15166,1530,504,2,2005-08-22,"15:05:37",2005-08-30,"12:22:37"
15167,973,190,2,2006-02-14,"15:16:03",,
15168,3218,526,2,2005-08-22,"15:14:20",2005-08-25,"20:12:20"
15169,794,76,1,2005-08-22,"15:21:56",2005-08-28,"09:40:56"
15170,2123,521,1,2005-08-22,"15:22:15",2005-08-23,"20:32:15"
15171,1201,119,2,2005-08-22,"15:23:59",2005-08-28,"12:05:59"
15172,2367,511,1,2005-08-22,"15:25:33",2005-08-23,"17:29:33"
15173,2585,338,1,2005-08-22,"15:26:29",2005-08-29,"14:03:29"
15174,19,111,2,2005-08-22,"15:26:36",2005-08-31,"10:47:36"
15175,4318,380,2,2005-08-22,"15:29:15",2005-08-27,"15:11:15"
15176,3063,115,1,2005-08-22,"15:30:25",2005-08-31,"20:00:25"
15177,838,493,1,2005-08-22,"15:34:49",2005-08-26,"12:54:49"
15178,1745,15,2,2005-08-22,"15:36:04",2005-08-26,"21:00:04"
15179,450,328,1,2005-08-22,"15:36:22",2005-08-31,"19:57:22"
15180,234,532,2,2005-08-22,"15:42:57",2005-08-24,"12:49:57"
15181,3900,266,1,2005-08-22,"15:46:20",2005-08-27,"09:56:20"
15182,645,443,1,2005-08-22,"15:47:05",2005-08-25,"11:55:05"
15183,2696,268,1,2005-08-22,"15:49:54",2005-08-25,"12:29:54"
15184,1193,471,2,2005-08-22,"15:51:12",2005-08-24,"19:23:12"
15185,2948,472,1,2005-08-22,"15:52:50",2005-08-31,"20:38:50"
15186,1323,104,1,2005-08-22,"15:52:57",2005-08-24,"21:12:57"
15187,2338,461,1,2005-08-22,"15:53:32",2005-08-27,"14:21:32"
15188,131,478,1,2005-08-22,"15:55:48",2005-08-29,"19:10:48"
15189,2559,398,1,2005-08-22,"15:56:42",2005-08-29,"12:20:42"
15190,2096,84,1,2005-08-22,"15:57:38",2005-08-24,"13:46:38"
15191,3688,75,1,2006-02-14,"15:16:03",,
15192,4213,216,1,2005-08-22,"16:06:23",2005-08-27,"13:12:23"
15193,1033,40,1,2005-08-22,"16:06:49",2005-08-25,"17:23:49"
15194,1217,332,1,2005-08-22,"16:07:34",2005-08-26,"19:16:34"
15195,1080,508,2,2005-08-22,"16:08:23",2005-08-30,"17:56:23"
15196,1413,181,1,2005-08-22,"16:11:32",2005-08-30,"22:06:32"
15197,2915,159,2,2005-08-22,"16:14:25",2005-08-26,"16:22:25"
15198,1253,396,1,2005-08-22,"16:15:33",2005-08-29,"20:49:33"
15199,18,216,1,2005-08-22,"16:17:49",2005-08-25,"20:12:49"
15200,1000,374,2,2005-08-22,"16:22:53",2005-08-24,"10:25:53"
15201,4456,301,1,2005-08-22,"16:24:42",2005-08-31,"17:54:42"
15202,2119,374,2,2005-08-22,"16:26:53",2005-08-23,"13:49:53"
15203,743,568,2,2005-08-22,"16:28:00",2005-08-26,"16:55:00"
15204,1471,317,2,2005-08-22,"16:30:43",2005-08-26,"20:37:43"
15205,3276,489,1,2005-08-22,"16:32:23",2005-08-27,"16:08:23"
15206,3901,524,1,2005-08-22,"16:33:39",2005-08-31,"11:41:39"
15207,1149,442,1,2005-08-22,"16:35:25",2005-08-23,"14:06:25"
15208,4346,267,1,2005-08-22,"16:35:47",2005-08-30,"15:16:47"
15209,1620,588,1,2005-08-22,"16:37:32",2005-08-25,"19:04:32"
15210,3811,332,1,2005-08-22,"16:37:36",2005-08-29,"11:54:36"
15211,3025,410,2,2005-08-22,"16:40:21",2005-08-28,"13:33:21"
15212,2182,562,1,2005-08-22,"16:44:26",2005-08-27,"20:26:26"
15213,2002,166,1,2005-08-22,"16:49:02",2005-08-31,"20:22:02"
15214,1500,574,1,2005-08-22,"16:53:29",2005-08-24,"14:17:29"
15215,1906,344,1,2005-08-22,"16:55:26",2005-08-25,"20:19:26"
15216,1633,166,2,2005-08-22,"16:57:02",2005-08-24,"16:11:02"
15217,91,90,1,2005-08-22,"16:58:31",2005-08-23,"22:33:31"
15218,10,139,1,2005-08-22,"16:59:05",2005-08-30,"17:01:05"
15219,3313,544,1,2005-08-22,"17:00:31",2005-08-31,"20:16:31"
15220,187,128,1,2005-08-22,"17:02:23",2005-08-28,"21:02:23"
15221,110,253,2,2005-08-22,"17:12:29",2005-08-24,"20:46:29"
15222,1360,390,2,2005-08-22,"17:12:30",2005-08-27,"15:10:30"
15223,2263,541,2,2005-08-22,"17:13:39",2005-08-27,"11:17:39"
15224,33,81,2,2005-08-22,"17:18:05",2005-08-29,"14:35:05"
15225,1646,224,1,2005-08-22,"17:18:32",2005-08-24,"17:25:32"
15226,318,54,1,2005-08-22,"17:20:17",2005-08-31,"15:36:17"
15227,2987,151,1,2005-08-22,"17:22:41",2005-08-23,"20:59:41"
15228,2485,48,2,2005-08-22,"17:27:23",2005-08-29,"11:38:23"
15229,320,63,1,2005-08-22,"17:30:25",2005-08-23,"14:13:25"
15230,2572,466,2,2005-08-22,"17:31:41",2005-08-25,"21:57:41"
15231,2980,187,1,2005-08-22,"17:32:57",2005-08-25,"13:06:57"
15232,61,5,1,2005-08-22,"17:37:02",2005-08-25,"18:45:02"
15233,4405,197,2,2005-08-22,"17:41:53",2005-08-24,"12:59:53"
15234,908,228,2,2006-02-14,"15:16:03",,
15235,2726,416,2,2005-08-22,"17:43:12",2005-08-29,"23:03:12"
15236,4124,557,1,2005-08-22,"17:44:27",2005-08-24,"23:25:27"
15237,4485,148,1,2005-08-22,"17:44:30",2005-08-24,"12:51:30"
15238,403,70,1,2005-08-22,"17:46:12",2005-08-29,"16:41:12"
15239,1809,501,1,2005-08-22,"17:46:17",2005-08-26,"19:03:17"
15240,2014,11,2,2005-08-22,"17:46:41",2005-08-23,"15:08:41"
15241,832,337,2,2005-08-22,"17:47:40",2005-08-29,"15:28:40"
15242,2106,364,1,2005-08-22,"17:48:10",2005-08-27,"23:32:10"
15243,4408,308,1,2005-08-22,"17:48:28",2005-08-31,"13:22:28"
15244,1486,271,2,2005-08-22,"17:48:42",2005-08-28,"13:17:42"
15245,2545,298,2,2005-08-22,"17:49:35",2005-08-26,"18:25:35"
15246,3786,100,1,2005-08-22,"17:50:49",2005-08-30,"22:21:49"
15247,4572,250,1,2005-08-22,"17:52:05",2005-08-31,"21:37:05"
15248,977,20,2,2005-08-22,"17:53:06",2005-08-25,"18:43:06"
15249,121,444,1,2005-08-22,"17:58:27",2005-08-30,"14:55:27"
15250,2176,143,2,2005-08-22,"18:03:11",2005-08-27,"12:19:11"
15251,1994,285,2,2005-08-22,"18:03:57",2005-08-23,"20:56:57"
15252,1821,453,2,2005-08-22,"18:04:22",2005-08-25,"17:14:22"
15253,4143,333,2,2005-08-22,"18:05:21",2005-08-23,"18:06:21"
15254,3762,209,1,2005-08-22,"18:13:07",2005-08-24,"21:55:07"
15255,3415,84,2,2005-08-22,"18:16:50",2005-08-28,"14:14:50"
15256,1873,198,1,2005-08-22,"18:20:07",2005-08-28,"12:57:07"
15257,915,223,1,2005-08-22,"18:21:04",2005-08-30,"20:13:04"
15258,788,293,1,2005-08-22,"18:22:44",2005-08-25,"16:54:44"
15259,3261,488,1,2005-08-22,"18:23:23",2005-08-27,"13:06:23"
15260,3135,274,1,2005-08-22,"18:24:16",2005-08-24,"21:26:16"
15261,2200,140,1,2005-08-22,"18:24:34",2005-08-27,"19:53:34"
15262,2534,298,1,2005-08-22,"18:25:21",2005-08-28,"22:19:21"
15263,184,324,1,2005-08-22,"18:27:33",2005-08-30,"14:05:33"
15264,4459,440,1,2005-08-22,"18:27:38",2005-08-24,"12:39:38"
15265,1763,512,2,2005-08-22,"18:35:59",2005-08-28,"21:18:59"
15266,1870,124,2,2005-08-22,"18:37:24",2005-08-23,"17:34:24"
15267,2966,153,1,2005-08-22,"18:37:48",2005-08-24,"00:22:48"
15268,1245,301,1,2005-08-22,"18:39:11",2005-08-26,"21:46:11"
15269,524,275,1,2005-08-22,"18:39:44",2005-08-24,"17:29:44"
15270,4123,262,2,2005-08-22,"18:48:42",2005-08-28,"15:38:42"
15271,4232,59,2,2005-08-22,"18:48:48",2005-08-30,"00:45:48"
15272,1664,422,1,2005-08-22,"18:49:40",2005-08-28,"21:22:40"
15273,2558,422,2,2005-08-22,"18:53:28",2005-08-30,"18:58:28"
15274,3519,515,1,2005-08-22,"18:55:52",2005-08-23,"20:02:52"
15275,1522,597,2,2005-08-22,"18:57:39",2005-08-23,"19:00:39"
15276,4523,490,2,2005-08-22,"18:59:01",2005-08-23,"19:49:01"
15277,1780,217,2,2005-08-22,"19:02:48",2005-08-31,"18:53:48"
15278,2454,472,2,2005-08-22,"19:06:47",2005-08-25,"01:00:47"
15279,1088,363,2,2005-08-22,"19:08:49",2005-08-30,"00:38:49"
15280,3464,317,1,2005-08-22,"19:09:52",2005-08-28,"00:39:52"
15281,3992,543,2,2005-08-22,"19:10:26",2005-08-27,"21:55:26"
15282,1932,163,1,2006-02-14,"15:16:03",,
15283,1688,219,1,2005-08-22,"19:16:04",2005-08-31,"21:05:04"
15284,2265,393,2,2005-08-22,"19:17:08",2005-08-29,"13:28:08"
15285,481,233,1,2005-08-22,"19:17:24",2005-08-25,"00:25:24"
15286,3731,74,2,2005-08-22,"19:17:56",2005-08-29,"16:08:56"
15287,308,535,1,2005-08-22,"19:19:37",2005-08-29,"16:05:37"
15288,1999,475,1,2005-08-22,"19:23:58",2005-08-26,"23:28:58"
15289,1026,513,1,2005-08-22,"19:27:24",2005-08-30,"22:21:24"
15290,270,404,2,2005-08-22,"19:28:02",2005-08-31,"20:04:02"
15291,1461,494,1,2005-08-22,"19:28:04",2005-08-26,"15:07:04"
15292,3072,337,2,2005-08-22,"19:28:56",2005-08-28,"22:39:56"
15293,1219,263,2,2006-02-14,"15:16:03",,
15294,70,108,1,2006-02-14,"15:16:03",,
15295,2164,186,2,2005-08-22,"19:36:21",2005-08-31,"00:07:21"
15296,2715,55,1,2005-08-22,"19:37:20",2005-08-24,"15:16:20"
15297,3192,327,2,2006-02-14,"15:16:03",,
15298,1446,1,1,2005-08-22,"19:41:37",2005-08-28,"22:49:37"
15299,767,381,2,2005-08-22,"19:42:57",2005-08-23,"15:29:57"
15300,2319,399,2,2005-08-22,"19:44:00",2005-08-25,"22:49:00"
15301,619,454,2,2005-08-22,"19:44:16",2005-08-26,"22:57:16"
15302,188,320,2,2005-08-22,"19:44:53",2005-08-24,"18:13:53"
15303,1672,390,1,2005-08-22,"19:44:59",2005-08-30,"21:59:59"
15304,4332,112,2,2005-08-22,"19:45:57",2005-08-28,"00:21:57"
15305,671,529,2,2005-08-22,"19:46:05",2005-08-27,"19:11:05"
15306,521,340,1,2005-08-22,"19:46:36",2005-08-27,"14:09:36"
15307,4525,598,2,2005-08-22,"19:54:26",2005-08-29,"01:38:26"
15308,987,329,1,2005-08-22,"19:54:31",2005-08-26,"23:09:31"
15309,2743,141,2,2005-08-22,"19:54:52",2005-08-24,"23:00:52"
15310,2546,360,2,2005-08-22,"19:56:41",2005-08-24,"16:32:41"
15311,3612,176,2,2005-08-22,"19:56:52",2005-08-31,"20:15:52"
15312,2509,280,2,2005-08-22,"19:58:15",2005-08-25,"19:21:15"
15313,2587,333,2,2005-08-22,"19:59:42",2005-08-24,"15:03:42"
15314,2754,412,1,2006-02-14,"15:16:03",,
15315,312,1,2,2005-08-22,"20:03:46",2005-08-30,"01:51:46"
15316,1830,422,1,2005-08-22,"20:07:03",2005-08-27,"18:45:03"
15317,2325,512,1,2005-08-22,"20:14:13",2005-08-29,"18:32:13"
15318,1738,60,1,2005-08-22,"20:15:16",2005-08-25,"14:17:16"
15319,3041,188,2,2005-08-22,"20:17:17",2005-08-25,"01:06:17"
15320,648,407,1,2005-08-22,"20:17:49",2005-08-28,"17:31:49"
15321,4152,384,2,2005-08-22,"20:20:04",2005-08-24,"23:26:04"
15322,3553,263,2,2005-08-22,"20:20:30",2005-08-25,"01:26:30"
15323,1153,178,1,2005-08-22,"20:22:40",2005-08-26,"00:35:40"
15324,161,93,1,2005-08-22,"20:23:13",2005-08-29,"18:23:13"
15325,3549,74,1,2005-08-22,"20:27:38",2005-08-23,"15:24:38"
15326,3320,58,1,2006-02-14,"15:16:03",,
15327,1018,450,1,2005-08-22,"20:31:24",2005-08-30,"23:52:24"
15328,4546,274,1,2005-08-22,"20:31:38",2005-08-29,"20:17:38"
15329,1900,521,1,2005-08-22,"20:32:39",2005-08-23,"17:15:39"
15330,689,427,1,2005-08-22,"20:35:30",2005-08-30,"21:54:30"
15331,146,147,1,2005-08-22,"20:37:57",2005-08-25,"21:56:57"
15332,3368,162,1,2005-08-22,"20:41:53",2005-08-24,"01:45:53"
15333,1839,142,2,2005-08-22,"20:44:06",2005-08-29,"22:34:06"
15334,3882,407,2,2005-08-22,"20:44:35",2005-08-29,"23:03:35"
15335,1593,363,1,2005-08-22,"20:44:55",2005-08-28,"21:43:55"
15336,490,461,2,2005-08-22,"20:47:48",2005-08-31,"18:17:48"
15337,280,237,1,2005-08-22,"20:49:51",2005-08-26,"23:27:51"
15338,502,13,2,2005-08-22,"20:51:24",2005-08-24,"23:41:24"
15339,1660,331,2,2005-08-22,"20:52:12",2005-08-26,"00:36:12"
15340,3653,313,1,2005-08-22,"20:55:56",2005-08-27,"18:52:56"
15341,3359,91,1,2005-08-22,"20:56:31",2005-08-30,"17:25:31"
15342,3287,459,2,2005-08-22,"20:56:41",2005-08-26,"22:51:41"
15343,2589,538,1,2005-08-22,"21:01:25",2005-08-28,"16:15:25"
15344,3560,193,1,2005-08-22,"21:01:48",2005-08-27,"15:47:48"
15345,3481,277,1,2005-08-22,"21:05:50",2005-08-26,"20:30:50"
15346,3525,266,1,2005-08-22,"21:06:00",2005-08-28,"22:08:00"
15347,3764,519,1,2005-08-22,"21:12:19",2005-08-24,"20:12:19"
15348,3846,587,1,2005-08-22,"21:13:46",2005-08-24,"17:06:46"
15349,4055,587,1,2005-08-22,"21:13:51",2005-08-23,"20:55:51"
15350,1170,488,1,2005-08-22,"21:15:29",2005-08-24,"02:56:29"
15351,3260,154,1,2005-08-22,"21:15:46",2005-08-23,"17:38:46"
15352,16,560,2,2005-08-22,"21:16:54",2005-08-31,"00:38:54"
15353,3470,368,2,2005-08-22,"21:18:08",2005-08-25,"20:29:08"
15354,4212,412,2,2005-08-22,"21:18:59",2005-08-27,"20:12:59"
15355,3477,493,2,2005-08-22,"21:19:24",2005-08-28,"20:36:24"
15356,4507,539,2,2005-08-22,"21:24:19",2005-08-25,"22:32:19"
15357,727,24,1,2005-08-22,"21:28:59",2005-08-25,"17:15:59"
15358,822,448,2,2005-08-22,"21:29:14",2005-08-31,"00:10:14"
15359,4505,77,1,2005-08-22,"21:34:00",2005-08-29,"18:59:00"
15360,1950,531,1,2005-08-22,"21:36:51",2005-08-24,"16:46:51"
15361,1407,380,2,2005-08-22,"21:39:45",2005-08-23,"17:32:45"
15362,1023,497,1,2005-08-22,"21:40:20",2005-08-29,"15:55:20"
15363,2326,480,1,2005-08-22,"21:41:40",2005-08-23,"21:40:40"
15364,4184,204,1,2005-08-22,"21:41:41",2005-08-28,"00:49:41"
15365,3382,327,2,2005-08-22,"21:42:17",2005-09-01,"03:14:17"
15366,1453,374,1,2005-08-22,"21:45:57",2005-08-30,"16:35:57"
15367,160,355,2,2005-08-22,"21:47:53",2005-08-27,"17:54:53"
15368,1130,370,1,2005-08-22,"21:57:15",2005-08-29,"16:28:15"
15369,881,121,2,2005-08-22,"21:58:06",2005-08-26,"00:27:06"
15370,67,10,1,2005-08-22,"21:59:29",2005-08-27,"16:32:29"
15371,3672,94,2,2006-02-14,"15:16:03",,
15372,3876,273,1,2005-08-22,"21:59:51",2005-08-23,"17:01:51"
15373,4439,14,2,2005-08-22,"22:08:11",2005-08-24,"01:05:11"
15374,4275,8,1,2005-08-22,"22:09:09",2005-08-31,"01:10:09"
15375,3864,191,2,2005-08-22,"22:12:02",2005-08-24,"00:50:02"
15376,2963,390,1,2005-08-22,"22:21:35",2005-08-28,"20:56:35"
15377,3405,551,1,2005-08-22,"22:22:33",2005-08-29,"18:41:33"
15378,1483,340,1,2005-08-22,"22:25:17",2005-08-30,"17:04:17"
15379,1899,148,1,2005-08-22,"22:26:13",2005-08-31,"18:19:13"
15380,3642,423,1,2005-08-22,"22:28:15",2005-08-28,"23:21:15"
15381,845,110,2,2005-08-22,"22:28:36",2005-08-24,"19:26:36"
15382,333,376,2,2005-08-22,"22:30:50",2005-08-24,"04:07:50"
15383,686,405,1,2005-08-22,"22:31:20",2005-08-28,"17:43:20"
15384,3208,26,2,2005-08-22,"22:34:44",2005-08-23,"23:25:44"
15385,140,434,2,2005-08-22,"22:37:34",2005-08-26,"00:36:34"
15386,3056,327,1,2005-08-22,"22:41:14",2005-08-29,"22:29:14"
15387,3879,323,2,2005-08-22,"22:49:13",2005-08-29,"01:49:13"
15388,3995,50,2,2005-08-22,"22:49:23",2005-09-01,"03:50:23"
15389,2077,231,1,2005-08-22,"22:51:13",2005-08-28,"23:46:13"
15390,462,551,1,2005-08-22,"22:57:25",2005-08-31,"18:06:25"
15391,3918,482,2,2005-08-22,"23:01:45",2005-08-29,"02:59:45"
15392,538,410,2,2005-08-22,"23:02:15",2005-09-01,"01:14:15"
15393,2924,443,2,2005-08-22,"23:04:09",2005-08-27,"02:23:09"
15394,3455,507,2,2005-08-22,"23:04:21",2005-08-25,"20:53:21"
15395,2880,526,1,2005-08-22,"23:06:25",2005-08-30,"19:18:25"
15396,4050,319,2,2005-08-22,"23:07:57",2005-08-28,"19:39:57"
15397,1482,261,1,2005-08-22,"23:08:46",2005-08-25,"20:58:46"
15398,4451,109,2,2005-08-22,"23:10:49",2005-08-28,"00:49:49"
15399,3858,379,2,2005-08-22,"23:11:59",2005-08-26,"22:16:59"
15400,2664,473,1,2005-08-22,"23:13:03",2005-08-28,"18:34:03"
15401,1721,103,1,2005-08-22,"23:13:10",2005-09-01,"03:44:10"
15402,1575,293,2,2005-08-22,"23:17:41",2005-08-30,"20:07:41"
15403,4315,581,2,2005-08-22,"23:18:10",2005-08-23,"18:08:10"
15404,3557,211,2,2005-08-22,"23:19:44",2005-08-30,"19:58:44"
15405,3263,596,1,2005-08-22,"23:20:41",2005-08-25,"23:53:41"
15406,400,227,1,2005-08-22,"23:21:22",2005-08-28,"22:21:22"
15407,3330,42,2,2006-02-14,"15:16:03",,
15408,165,156,1,2005-08-22,"23:26:32",2005-08-30,"20:22:32"
15409,560,188,1,2005-08-22,"23:26:32",2005-08-24,"22:44:32"
15410,2052,403,2,2005-08-22,"23:27:43",2005-08-29,"05:12:43"
15411,4423,461,1,2005-08-22,"23:35:41",2005-08-26,"00:51:41"
15412,1267,199,2,2005-08-22,"23:37:11",2005-08-28,"23:26:11"
15413,2494,476,2,2005-08-22,"23:38:01",2005-08-23,"19:27:01"
15414,718,532,1,2005-08-22,"23:43:54",2005-08-30,"18:26:54"
15415,4176,204,1,2005-08-22,"23:48:56",2005-09-01,"02:05:56"
15416,1167,383,1,2005-08-22,"23:51:23",2005-08-29,"20:03:23"
15417,1826,305,1,2005-08-22,"23:54:04",2005-08-26,"22:25:04"
15418,808,205,2,2005-08-22,"23:54:14",2005-08-28,"04:23:14"
15419,1120,450,1,2005-08-22,"23:54:36",2005-08-25,"00:52:36"
15420,1396,161,2,2005-08-22,"23:55:51",2005-08-31,"20:09:51"
15421,3,541,2,2005-08-22,"23:56:37",2005-08-25,"18:58:37"
15422,2601,309,2,2005-08-22,"23:58:09",2005-08-30,"19:03:09"
15423,1786,596,1,2006-02-14,"15:16:03",,
15424,3452,138,2,2005-08-23,"00:03:01",2005-08-27,"23:27:01"
15425,551,259,1,2005-08-23,"00:05:57",2005-09-01,"05:08:57"
15426,3280,347,1,2005-08-23,"00:07:19",2005-08-26,"23:19:19"
15427,2775,448,2,2005-08-23,"00:07:53",2005-09-01,"02:55:53"
15428,4379,402,1,2005-08-23,"00:11:52",2005-08-24,"02:35:52"
15429,740,241,1,2005-08-23,"00:20:31",2005-08-23,"20:22:31"
15430,4353,282,1,2006-02-14,"15:16:03",,
15431,3251,550,2,2005-08-23,"00:26:47",2005-08-31,"23:26:47"
15432,1896,117,1,2005-08-23,"00:26:52",2005-08-27,"06:11:52"
15433,155,198,1,2005-08-23,"00:27:18",2005-08-26,"21:36:18"
15434,4378,518,2,2005-08-23,"00:28:16",2005-08-26,"04:27:16"
15435,2103,468,2,2005-08-23,"00:28:19",2005-08-26,"00:44:19"
15436,1527,505,1,2005-08-23,"00:30:26",2005-08-28,"06:29:26"
15437,4236,368,2,2005-08-23,"00:31:09",2005-08-30,"06:17:09"
15438,2030,46,1,2005-08-23,"00:31:57",2005-08-26,"20:02:57"
15439,3848,136,1,2005-08-23,"00:34:28",2005-08-27,"01:07:28"
15440,2254,559,1,2005-08-23,"00:37:21",2005-08-24,"23:24:21"
15441,258,422,2,2006-02-14,"15:16:03",,
15442,1452,42,1,2005-08-23,"00:42:49",2005-08-27,"00:35:49"
15443,742,598,2,2005-08-23,"00:44:15",2005-09-01,"05:33:15"
15444,959,153,2,2005-08-23,"00:46:52",2005-08-29,"20:37:52"
15445,196,28,1,2005-08-23,"00:48:29",2005-08-28,"00:33:29"
15446,503,379,2,2005-08-23,"00:49:24",2005-08-26,"02:09:24"
15447,4090,331,2,2005-08-23,"00:53:57",2005-08-29,"06:19:57"
15448,2903,490,1,2005-08-23,"00:55:24",2005-08-25,"02:20:24"
15449,2856,461,1,2005-08-23,"00:55:43",2005-08-28,"03:41:43"
15450,1102,322,2,2005-08-23,"00:56:01",2005-08-24,"01:00:01"
15451,231,514,2,2005-08-23,"00:56:27",2005-08-24,"00:15:27"
15452,717,115,1,2005-08-23,"00:57:12",2005-08-28,"00:19:12"
15453,2,359,1,2005-08-23,"01:01:01",2005-08-30,"20:08:01"
15454,2946,142,2,2006-02-14,"15:16:03",,
15455,3991,238,1,2005-08-23,"01:05:00",2005-08-26,"22:56:00"
15456,2451,262,2,2005-08-23,"01:07:01",2005-08-24,"23:28:01"
15457,4539,306,1,2005-08-23,"01:07:37",2005-08-26,"19:46:37"
15458,25,590,2,2006-02-14,"15:16:03",,
15459,2058,346,1,2005-08-23,"01:09:48",2005-08-24,"04:52:48"
15460,2907,20,2,2005-08-23,"01:10:42",2005-08-28,"20:49:42"
15461,4542,103,1,2005-08-23,"01:13:52",2005-08-30,"00:44:52"
15462,3267,389,1,2005-08-23,"01:14:01",2005-08-29,"19:52:01"
15463,863,127,1,2005-08-23,"01:15:07",2005-08-29,"06:50:07"
15464,3235,62,2,2005-08-23,"01:15:18",2005-08-29,"02:58:18"
15465,362,520,2,2005-08-23,"01:16:33",2005-08-28,"20:08:33"
15466,571,418,1,2005-08-23,"01:16:55",2005-08-29,"22:57:55"
15467,3658,103,2,2005-08-23,"01:22:12",2005-08-29,"23:42:12"
15468,2440,399,2,2005-08-23,"01:25:30",2005-08-28,"01:40:30"
15469,1939,597,1,2005-08-23,"01:29:59",2005-08-27,"04:02:59"
15470,3009,416,1,2005-08-23,"01:35:12",2005-09-01,"05:33:12"
15471,2591,139,1,2005-08-23,"01:38:48",2005-08-31,"19:47:48"
15472,4293,226,1,2005-08-23,"01:39:05",2005-08-25,"04:43:05"
15473,356,259,1,2005-08-23,"01:39:10",2005-08-25,"03:48:10"
15474,3015,188,2,2005-08-23,"01:39:10",2005-08-23,"21:46:10"
15475,4503,562,2,2005-08-23,"01:44:43",2005-08-23,"23:53:43"
15476,2478,433,2,2005-08-23,"01:45:07",2005-08-26,"21:07:07"
15477,2406,142,1,2005-08-23,"01:46:35",2005-08-28,"22:12:35"
15478,4563,167,2,2005-08-23,"01:50:31",2005-08-27,"21:40:31"
15479,4182,149,1,2005-08-23,"01:50:53",2005-08-29,"00:53:53"
15480,3298,577,2,2005-08-23,"01:57:20",2005-08-26,"04:43:20"
15481,3262,414,1,2005-08-23,"01:59:14",2005-08-27,"04:38:14"
15482,3923,181,2,2005-08-23,"02:01:20",2005-08-24,"03:25:20"
15483,2970,173,1,2005-08-23,"02:02:53",2005-08-26,"04:13:53"
15484,642,342,1,2005-08-23,"02:04:49",2005-08-24,"05:46:49"
15485,281,114,2,2005-08-23,"02:04:57",2005-08-28,"07:05:57"
15486,1666,502,2,2005-08-23,"02:05:20",2005-08-29,"07:52:20"
15487,2636,469,1,2005-08-23,"02:05:51",2005-08-25,"04:45:51"
15488,4535,385,2,2005-08-23,"02:06:01",2005-08-29,"21:35:01"
15489,764,285,1,2005-08-23,"02:06:41",2005-08-25,"06:50:41"
15490,3922,493,1,2005-08-23,"02:08:18",2005-08-30,"06:15:18"
15491,2059,28,2,2005-08-23,"02:08:40",2005-08-23,"20:23:40"
15492,1298,520,2,2005-08-23,"02:13:46",2005-08-26,"21:53:46"
15493,3521,308,1,2005-08-23,"02:20:53",2005-08-25,"23:02:53"
15494,2968,455,1,2005-08-23,"02:25:09",2005-08-27,"00:18:09"
15495,4310,193,2,2005-08-23,"02:26:10",2005-08-30,"01:07:10"
15496,1863,275,2,2005-08-23,"02:30:23",2005-08-31,"03:31:23"
15497,363,107,1,2006-02-14,"15:16:03",,
15498,1583,83,1,2005-08-23,"02:33:27",2005-08-23,"22:30:27"
15499,630,488,1,2005-08-23,"02:37:19",2005-08-23,"20:57:19"
15500,886,74,1,2005-08-23,"02:39:37",2005-08-27,"06:42:37"
15501,4468,138,1,2005-08-23,"02:39:56",2005-08-25,"04:39:56"
15502,3219,433,2,2005-08-23,"02:40:04",2005-08-31,"00:36:04"
15503,4519,582,2,2005-08-23,"02:44:49",2005-08-27,"06:33:49"
15504,1967,315,2,2005-08-23,"02:45:21",2005-09-01,"03:24:21"
15505,1144,375,2,2005-08-23,"02:46:13",2005-08-26,"23:34:13"
15506,1914,553,1,2005-08-23,"02:48:24",2005-08-28,"04:10:24"
15507,3130,563,1,2005-08-23,"02:48:26",2005-08-27,"01:32:26"
15508,4035,293,1,2005-08-23,"02:49:04",2005-08-29,"00:58:04"
15509,1291,6,2,2005-08-23,"02:51:24",2005-08-31,"06:21:24"
15510,3239,209,2,2005-08-23,"02:51:27",2005-09-01,"02:44:27"
15511,3327,303,2,2005-08-23,"02:55:42",2005-08-31,"03:14:42"
15512,4336,25,2,2005-08-23,"02:57:30",2005-08-25,"01:47:30"
15513,3779,147,2,2005-08-23,"03:01:56",2005-08-24,"23:46:56"
15514,2824,366,1,2005-08-23,"03:03:40",2005-08-24,"01:06:40"
15515,3940,307,2,2005-08-23,"03:03:53",2005-08-25,"08:27:53"
15516,219,82,1,2005-08-23,"03:12:54",2005-08-30,"04:02:54"
15517,2221,187,2,2005-08-23,"03:13:01",2005-08-25,"21:14:01"
15518,3522,410,1,2005-08-23,"03:19:34",2005-08-24,"02:55:34"
15519,542,443,1,2005-08-23,"03:23:32",2005-08-25,"03:48:32"
15520,1792,163,1,2005-08-23,"03:30:45",2005-09-01,"00:20:45"
15521,134,331,1,2005-08-23,"03:30:51",2005-08-28,"22:09:51"
15522,2396,468,2,2005-08-23,"03:32:31",2005-08-30,"02:17:31"
15523,2570,432,2,2005-08-23,"03:32:36",2005-08-26,"22:08:36"
15524,2886,68,2,2005-08-23,"03:36:26",2005-08-26,"06:28:26"
15525,3509,123,2,2005-08-23,"03:43:32",2005-08-25,"07:31:32"
15526,2892,516,1,2005-08-23,"03:44:30",2005-08-30,"08:19:30"
15527,88,393,1,2005-08-23,"03:44:51",2005-08-25,"03:09:51"
15528,3033,114,1,2005-08-23,"03:45:40",2005-08-25,"01:16:40"
15529,4015,19,1,2005-08-23,"03:46:47",2005-08-24,"00:59:47"
15530,154,167,2,2005-08-23,"03:50:48",2005-08-28,"22:17:48"
15531,2410,355,1,2005-08-23,"03:52:36",2005-08-25,"23:21:36"
15532,1061,23,1,2006-02-14,"15:16:03",,
15533,1895,400,2,2005-08-23,"03:54:39",2005-08-26,"08:27:39"
15534,544,169,1,2005-08-23,"03:55:54",2005-08-24,"03:54:54"
15535,2371,346,2,2005-08-23,"03:58:02",2005-08-25,"05:06:02"
15536,4004,98,2,2005-08-23,"03:58:28",2005-08-31,"03:28:28"
15537,2958,137,2,2005-08-23,"04:00:30",2005-08-24,"01:45:30"
15538,4226,211,1,2005-08-23,"04:07:37",2005-08-28,"07:37:37"
15539,2853,582,1,2005-08-23,"04:09:03",2005-08-26,"04:01:03"
15540,1696,197,1,2005-08-23,"04:12:52",2005-08-31,"04:25:52"
15541,2762,148,1,2005-08-23,"04:13:53",2005-08-29,"05:51:53"
15542,21,111,1,2006-02-14,"15:16:03",,
15543,3836,282,2,2005-08-23,"04:15:41",2005-09-01,"05:09:41"
15544,1918,30,2,2005-08-23,"04:17:56",2005-09-01,"00:43:56"
15545,843,513,1,2005-08-23,"04:20:16",2005-08-29,"08:22:16"
15546,2087,223,2,2005-08-23,"04:20:38",2005-09-01,"09:57:38"
15547,1488,69,1,2005-08-23,"04:25:50",2005-08-26,"00:57:50"
15548,2350,334,1,2005-08-23,"04:26:20",2005-08-28,"01:27:20"
15549,369,170,1,2005-08-23,"04:27:06",2005-09-01,"06:07:06"
15550,1375,465,1,2005-08-23,"04:27:54",2005-08-29,"01:29:54"
15551,3570,345,1,2005-08-23,"04:28:25",2005-08-26,"07:19:25"
15552,4347,527,2,2005-08-23,"04:33:23",2005-09-01,"10:25:23"
15553,1659,232,2,2005-08-23,"04:33:39",2005-08-25,"07:53:39"
15554,198,280,1,2005-08-23,"04:48:12",2005-08-29,"05:11:12"
15555,1869,347,1,2005-08-23,"04:51:52",2005-08-24,"01:01:52"
15556,3683,108,2,2005-08-23,"04:52:16",2005-09-01,"02:05:16"
15557,3641,444,2,2005-08-23,"04:52:17",2005-08-30,"02:15:17"
15558,638,474,1,2005-08-23,"04:52:22",2005-09-01,"02:26:22"
15559,1773,517,2,2005-08-23,"04:55:05",2005-08-30,"09:01:05"
15560,3616,107,1,2005-08-23,"05:01:13",2005-09-01,"05:02:13"
15561,68,469,1,2005-08-23,"05:02:31",2005-09-01,"02:51:31"
15562,4238,149,1,2005-08-23,"05:04:33",2005-08-27,"09:58:33"
15563,170,372,1,2005-08-23,"05:08:58",2005-08-24,"04:24:58"
15564,1268,353,1,2005-08-23,"05:10:42",2005-08-30,"03:17:42"
15565,71,546,2,2005-08-23,"05:13:09",2005-08-30,"08:58:09"
15566,4344,76,2,2005-08-23,"05:17:23",2005-09-01,"08:09:23"
15567,2506,54,2,2005-08-23,"05:20:36",2005-08-24,"10:09:36"
15568,988,556,2,2005-08-23,"05:24:09",2005-08-27,"08:57:09"
15569,1071,313,2,2005-08-23,"05:24:29",2005-08-30,"08:23:29"
15570,4014,557,2,2005-08-23,"05:24:55",2005-08-31,"07:06:55"
15571,716,57,2,2005-08-23,"05:26:30",2005-08-29,"00:54:30"
15572,2816,506,2,2005-08-23,"05:28:01",2005-08-27,"00:14:01"
15573,3133,561,2,2005-08-23,"05:28:36",2005-08-27,"05:37:36"
15574,3253,130,2,2005-08-23,"05:29:32",2005-09-01,"01:25:32"
15575,3916,218,2,2005-08-23,"05:30:19",2005-08-27,"05:19:19"
15576,3257,595,1,2005-08-23,"05:32:03",2005-08-26,"02:31:03"
15577,539,29,2,2006-02-14,"15:16:03",,
15578,2829,302,1,2005-08-23,"05:37:13",2005-08-27,"01:11:13"
15579,3986,480,1,2005-08-23,"05:38:41",2005-08-29,"09:18:41"
15580,754,279,2,2005-08-23,"05:39:06",2005-09-01,"01:14:06"
15581,4010,462,1,2005-08-23,"05:42:13",2005-08-28,"00:03:13"
15582,4264,297,2,2005-08-23,"05:45:44",2005-08-25,"07:54:44"
15583,4299,215,1,2005-08-23,"05:47:55",2005-08-26,"01:46:55"
15584,3526,500,1,2005-08-23,"05:49:21",2005-08-27,"04:49:21"
15585,1177,545,2,2005-08-23,"05:55:22",2005-08-24,"11:45:22"
15586,3232,148,1,2005-08-23,"05:57:04",2005-08-31,"01:59:04"
15587,2510,499,1,2005-08-23,"06:00:28",2005-08-29,"10:15:28"
15588,1810,503,2,2005-08-23,"06:02:35",2005-08-30,"04:01:35"
15589,2379,22,2,2005-08-23,"06:03:31",2005-08-30,"07:44:31"
15590,4048,599,2,2005-08-23,"06:09:44",2005-09-01,"06:53:44"
15591,64,62,1,2005-08-23,"06:11:52",2005-08-25,"05:34:52"
15593,3734,153,2,2005-08-23,"06:15:09",2005-08-27,"07:47:09"
15594,4227,567,2,2005-08-23,"06:18:43",2005-09-01,"09:09:43"
15595,4046,264,1,2005-08-23,"06:19:12",2005-08-31,"04:52:12"
15596,3834,186,1,2005-08-23,"06:19:51",2005-08-25,"03:32:51"
15597,3795,420,2,2005-08-23,"06:21:20",2005-08-28,"02:47:20"
15598,2794,66,1,2005-08-23,"06:23:26",2005-09-01,"05:43:26"
15599,4560,103,1,2005-08-23,"06:25:07",2005-08-29,"00:48:07"
15600,2260,113,1,2005-08-23,"06:31:24",2005-08-28,"06:53:24"
15601,3643,579,1,2005-08-23,"06:33:26",2005-08-24,"04:10:26"
15602,1429,81,1,2005-08-23,"06:41:07",2005-08-24,"07:16:07"
15603,2565,6,1,2005-08-23,"06:41:32",2005-08-28,"08:51:32"
15604,4000,458,1,2005-08-23,"06:44:19",2005-08-29,"07:17:19"
15605,3152,544,1,2005-08-23,"06:48:47",2005-08-28,"06:09:47"
15606,1811,279,2,2005-08-23,"06:50:27",2005-08-28,"04:23:27"
15607,4118,484,2,2005-08-23,"06:54:06",2005-08-26,"05:03:06"
15608,2921,454,1,2005-08-23,"06:55:26",2005-08-28,"10:24:26"
15609,1730,256,1,2005-08-23,"06:56:04",2005-09-01,"03:25:04"
15610,2076,215,2,2005-08-23,"06:56:15",2005-08-24,"07:37:15"
15611,1713,184,1,2005-08-23,"06:56:18",2005-08-25,"06:10:18"
15612,3367,305,2,2005-08-23,"06:59:07",2005-09-01,"11:26:07"
15613,307,461,2,2005-08-23,"07:03:19",2005-08-31,"07:50:19"
15614,1216,287,1,2005-08-23,"07:05:15",2005-09-01,"11:41:15"
15615,899,584,2,2005-08-23,"07:06:00",2005-08-30,"11:21:00"
15616,2947,70,1,2005-08-23,"07:06:38",2005-08-30,"04:16:38"
15617,4085,569,2,2005-08-23,"07:07:22",2005-08-27,"01:24:22"
15618,1903,60,1,2005-08-23,"07:07:58",2005-08-29,"03:48:58"
15619,2468,3,2,2005-08-23,"07:10:14",2005-08-26,"07:21:14"
15620,1173,270,2,2005-08-23,"07:10:22",2005-08-28,"06:51:22"
15621,3832,123,1,2005-08-23,"07:13:43",2005-08-29,"08:19:43"
15622,3335,302,2,2005-08-23,"07:22:02",2005-09-01,"06:08:02"
15623,3003,525,1,2005-08-23,"07:23:29",2005-08-31,"01:47:29"
15624,396,105,2,2005-08-23,"07:24:27",2005-08-29,"12:36:27"
15625,4200,207,2,2005-08-23,"07:25:29",2005-08-27,"13:17:29"
15626,640,370,1,2005-08-23,"07:25:34",2005-08-28,"11:01:34"
15627,1364,453,2,2005-08-23,"07:25:38",2005-08-31,"02:53:38"
15628,1348,408,1,2005-08-23,"07:28:04",2005-08-26,"04:23:04"
15629,3725,286,2,2005-08-23,"07:28:22",2005-08-29,"06:29:22"
15630,3590,580,2,2005-08-23,"07:29:13",2005-08-31,"04:33:13"
15631,2458,93,1,2005-08-23,"07:30:23",2005-08-24,"07:23:23"
15632,2941,60,2,2005-08-23,"07:30:26",2005-08-24,"07:53:26"
15633,882,497,2,2005-08-23,"07:31:10",2005-08-26,"04:35:10"
15634,2517,576,2,2005-08-23,"07:34:18",2005-08-24,"12:00:18"
15635,3308,4,1,2005-08-23,"07:43:00",2005-08-27,"10:47:00"
15636,1169,380,2,2005-08-23,"07:50:46",2005-08-26,"07:59:46"
15637,445,172,2,2005-08-23,"07:53:38",2005-08-29,"03:16:38"
15638,3358,563,2,2005-08-23,"07:54:54",2005-08-30,"13:33:54"
15639,42,214,2,2005-08-23,"08:03:25",2005-08-24,"10:21:25"
15640,3505,262,1,2005-08-23,"08:04:40",2005-08-24,"06:38:40"
15641,3126,240,1,2005-08-23,"08:06:49",2005-08-24,"13:17:49"
15642,2627,160,1,2005-08-23,"08:09:11",2005-08-28,"05:57:11"
15643,103,298,2,2005-08-23,"08:13:26",2005-08-25,"05:18:26"
15644,3139,43,2,2006-02-14,"15:16:03",,
15645,3838,214,2,2006-02-14,"15:16:03",,
15646,3217,114,1,2005-08-23,"08:19:55",2005-08-29,"02:32:55"
15647,2051,251,1,2005-08-23,"08:23:56",2005-08-26,"11:00:56"
15648,4039,80,2,2005-08-23,"08:27:57",2005-08-30,"08:53:57"
15649,415,60,1,2005-08-23,"08:28:03",2005-08-30,"05:11:03"
15650,2447,353,2,2005-08-23,"08:29:53",2005-08-25,"07:23:53"
15651,3393,451,1,2005-08-23,"08:31:49",2005-08-26,"02:57:49"
15652,4440,578,1,2005-08-23,"08:34:10",2005-08-30,"12:31:10"
15653,2736,439,1,2005-08-23,"08:34:42",2005-09-01,"03:07:42"
15654,4360,471,2,2005-08-23,"08:34:53",2005-08-30,"04:18:53"
15655,604,359,1,2006-02-14,"15:16:03",,
15656,4239,334,2,2005-08-23,"08:38:58",2005-08-24,"04:08:58"
15657,1897,36,1,2005-08-23,"08:42:40",2005-09-01,"13:08:40"
15658,3565,22,1,2005-08-23,"08:48:43",2005-08-25,"05:38:43"
15659,4573,131,2,2005-08-23,"08:48:43",2005-08-27,"14:19:43"
15660,3223,388,2,2005-08-23,"08:51:21",2005-08-28,"06:26:21"
15661,1599,346,2,2005-08-23,"08:52:03",2005-08-30,"08:17:03"
15662,3028,223,1,2005-08-23,"08:52:50",2005-08-24,"08:08:50"
15663,3291,291,1,2005-08-23,"08:54:26",2005-08-29,"02:56:26"
15664,2029,351,2,2005-08-23,"08:57:11",2005-08-31,"14:19:11"
15665,3471,487,2,2005-08-23,"08:59:12",2005-08-24,"12:50:12"
15666,3406,586,2,2005-08-23,"09:01:10",2005-08-31,"12:32:10"
15667,1302,73,1,2005-08-23,"09:02:03",2005-08-24,"05:47:03"
15668,1963,38,2,2005-08-23,"09:02:04",2005-08-29,"03:17:04"
15669,1542,334,2,2005-08-23,"09:06:17",2005-08-30,"08:10:17"
15670,2834,211,2,2005-08-23,"09:07:11",2005-08-31,"04:32:11"
15671,3716,112,1,2005-08-23,"09:08:16",2005-08-29,"14:01:16"
15672,701,210,1,2005-08-23,"09:09:18",2005-08-27,"06:19:18"
15673,3096,321,2,2005-08-23,"09:12:50",2005-08-29,"12:45:50"
15674,4482,90,1,2005-08-23,"09:16:39",2005-09-01,"11:57:39"
15675,4153,293,2,2005-08-23,"09:18:52",2005-08-30,"14:59:52"
15676,3874,353,2,2005-08-23,"09:23:08",2005-08-30,"06:19:08"
15677,2050,109,1,2005-08-23,"09:23:36",2005-08-27,"05:01:36"
15678,1345,413,2,2005-08-23,"09:23:45",2005-08-27,"11:38:45"
15679,2945,103,1,2005-08-23,"09:27:29",2005-08-28,"09:14:29"
15680,1370,169,2,2005-08-23,"09:33:22",2005-08-31,"13:29:22"
15681,2813,61,1,2005-08-23,"09:35:34",2005-08-27,"08:33:34"
15682,3293,31,1,2005-08-23,"09:37:34",2005-08-31,"06:01:34"
15683,3787,168,2,2005-08-23,"09:38:17",2005-08-30,"12:31:17"
15684,3976,586,1,2005-08-23,"09:40:04",2005-08-28,"15:28:04"
15685,370,491,1,2005-08-23,"09:41:28",2005-08-30,"10:11:28"
15686,2041,206,1,2005-08-23,"09:42:21",2005-08-29,"12:22:21"
15687,276,112,1,2005-08-23,"09:46:33",2005-09-01,"06:07:33"
15688,2851,105,2,2005-08-23,"09:48:45",2005-08-30,"10:28:45"
15689,248,259,1,2005-08-23,"09:52:55",2005-08-29,"11:15:55"
15690,2102,554,1,2005-08-23,"09:53:30",2005-08-29,"10:27:30"
15691,784,200,1,2005-08-23,"09:53:54",2005-08-27,"10:14:54"
15692,1852,503,1,2005-08-23,"10:00:02",2005-08-24,"05:25:02"
15693,748,94,1,2005-08-23,"10:00:24",2005-08-25,"08:23:24"
15694,3017,506,2,2005-08-23,"10:02:46",2005-08-31,"05:46:46"
15695,2954,300,1,2006-02-14,"15:16:03",,
15696,2836,93,2,2005-08-23,"10:04:17",2005-08-25,"08:47:17"
15697,1987,380,2,2005-08-23,"10:04:36",2005-08-24,"05:00:36"
15698,4465,395,2,2005-08-23,"10:11:40",2005-08-28,"08:50:40"
15699,4155,501,1,2005-08-23,"10:20:35",2005-08-30,"13:56:35"
15700,2935,552,1,2005-08-23,"10:21:21",2005-08-24,"15:37:21"
15701,2942,516,1,2005-08-23,"10:22:21",2005-08-24,"10:52:21"
15702,1602,56,2,2005-08-23,"10:23:28",2005-08-29,"11:08:28"
15703,2883,322,2,2005-08-23,"10:23:48",2005-09-01,"06:54:48"
15704,738,71,2,2005-08-23,"10:25:45",2005-08-29,"16:06:45"
15705,936,356,2,2005-08-23,"10:32:52",2005-08-29,"13:18:52"
15706,4486,220,2,2005-08-23,"10:32:52",2005-08-24,"07:03:52"
15707,3646,91,1,2005-08-23,"10:35:45",2005-08-27,"10:57:45"
15708,1974,46,1,2005-08-23,"10:35:51",2005-08-27,"16:02:51"
15709,346,206,2,2005-08-23,"10:36:00",2005-08-28,"06:18:00"
15710,1020,421,1,2006-02-14,"15:16:03",,
15711,789,297,1,2005-08-23,"10:43:00",2005-08-29,"16:29:00"
15712,1882,351,2,2005-08-23,"10:43:56",2005-08-29,"15:35:56"
15713,337,432,2,2005-08-23,"10:56:15",2005-08-29,"09:14:15"
15714,2083,56,1,2006-02-14,"15:16:03",,
15715,3808,86,1,2005-08-23,"10:57:40",2005-08-28,"12:40:40"
15716,2812,408,1,2005-08-23,"11:02:00",2005-08-28,"14:46:00"
15717,902,208,2,2006-02-14,"15:16:03",,
15718,2180,276,1,2005-08-23,"11:05:17",2005-08-28,"12:50:17"
15719,3990,599,1,2005-08-23,"11:08:46",2005-08-25,"07:25:46"
15720,2490,456,1,2005-08-23,"11:15:20",2005-08-31,"09:49:20"
15721,685,154,1,2005-08-23,"11:16:16",2005-08-28,"10:21:16"
15722,2809,26,2,2005-08-23,"11:16:29",2005-09-01,"13:24:29"
15723,3915,504,2,2005-08-23,"11:17:26",2005-08-31,"13:58:26"
15724,1025,478,2,2005-08-23,"11:22:09",2005-08-28,"12:56:09"
15725,378,599,1,2005-08-23,"11:25:00",2005-08-26,"11:46:00"
15726,906,503,2,2005-08-23,"11:28:26",2005-08-28,"11:23:26"
15727,2184,416,2,2005-08-23,"11:28:49",2005-08-24,"06:24:49"
15728,2567,323,2,2005-08-23,"11:30:32",2005-08-28,"09:52:32"
15729,2699,193,2,2006-02-14,"15:16:03",,
15730,947,147,2,2005-08-23,"11:32:35",2005-08-30,"13:46:35"
15731,3403,118,2,2005-08-23,"11:33:25",2005-08-24,"07:19:25"
15732,3247,412,2,2005-08-23,"11:35:12",2005-08-26,"12:50:12"
15733,4185,512,1,2005-08-23,"11:37:32",2005-08-28,"16:27:32"
15734,3952,302,1,2005-08-23,"11:40:08",2005-08-27,"08:16:08"
15735,3167,295,1,2006-02-14,"15:16:03",,
15736,4272,127,1,2005-08-23,"11:40:30",2005-08-30,"12:40:30"
15737,996,83,1,2005-08-23,"11:52:18",2005-08-28,"15:28:18"
15738,556,38,1,2005-08-23,"11:55:50",2005-08-30,"15:07:50"
15739,266,74,2,2005-08-23,"11:56:22",2005-08-29,"16:10:22"
15740,100,229,2,2005-08-23,"12:07:51",2005-08-24,"13:23:51"
15741,4243,126,2,2005-08-23,"12:10:54",2005-08-24,"10:08:54"
15742,1339,200,2,2005-08-23,"12:11:37",2005-08-31,"07:28:37"
15743,1625,139,1,2005-08-23,"12:12:05",2005-08-26,"11:35:05"
15744,2364,59,1,2005-08-23,"12:15:51",2005-08-31,"17:19:51"
15745,2737,43,1,2006-02-14,"15:16:03",,
15746,2241,246,2,2005-08-23,"12:26:19",2005-08-26,"09:51:19"
15747,1517,381,2,2005-08-23,"12:29:24",2005-08-31,"08:27:24"
15748,2757,380,2,2005-08-23,"12:33:00",2005-08-25,"15:15:00"
15749,4224,575,1,2005-08-23,"12:33:41",2005-08-24,"10:52:41"
15750,4474,496,2,2005-08-23,"12:36:05",2005-08-24,"17:40:05"
15751,697,199,2,2005-08-23,"12:41:07",2005-08-29,"07:03:07"
15752,2112,17,1,2005-08-23,"12:41:38",2005-09-01,"14:06:38"
15753,3451,144,2,2005-08-23,"12:43:30",2005-09-01,"09:07:30"
15754,2306,356,2,2005-08-23,"12:43:42",2005-08-27,"17:45:42"
15755,511,423,1,2005-08-23,"12:46:38",2005-08-25,"12:59:38"
15756,878,112,2,2005-08-23,"12:47:05",2005-08-28,"08:34:05"
15757,1308,356,1,2005-08-23,"12:47:16",2005-08-29,"17:19:16"
15758,152,46,2,2005-08-23,"12:47:26",2005-08-29,"11:05:26"
15759,1341,361,2,2005-08-23,"12:47:37",2005-09-01,"11:28:37"
15760,3050,273,2,2005-08-23,"12:50:00",2005-08-29,"15:41:00"
15761,4362,416,1,2005-08-23,"12:55:51",2005-08-26,"16:51:51"
15762,887,351,1,2005-08-23,"13:01:43",2005-08-26,"16:35:43"
15763,124,158,2,2005-08-23,"13:02:59",2005-08-24,"17:45:59"
15764,2937,8,1,2005-08-23,"13:05:10",2005-08-25,"16:15:10"
15765,1250,408,1,2005-08-23,"13:06:19",2005-08-31,"12:18:19"
15766,1996,436,1,2005-08-23,"13:10:16",2005-08-30,"09:27:16"
15767,3492,241,2,2005-08-23,"13:14:15",2005-08-27,"14:43:15"
15768,662,267,2,2005-08-23,"13:14:47",2005-08-29,"14:17:47"
15769,2392,276,1,2005-08-23,"13:16:15",2005-08-28,"18:31:15"
15770,1424,113,1,2005-08-23,"13:18:16",2005-08-29,"11:31:16"
15771,3667,262,1,2005-08-23,"13:18:46",2005-08-26,"07:29:46"
15772,4343,202,2,2005-08-23,"13:22:56",2005-08-26,"10:35:56"
15773,1626,189,2,2005-08-23,"13:24:57",2005-08-31,"14:16:57"
15774,1273,254,2,2005-08-23,"13:25:08",2005-08-28,"10:08:08"
15775,2146,173,1,2005-08-23,"13:25:44",2005-09-01,"16:56:44"
15776,43,514,1,2005-08-23,"13:26:01",2005-08-29,"18:17:01"
15777,4241,130,2,2005-08-23,"13:29:08",2005-08-27,"18:50:08"
15778,1269,234,1,2006-02-14,"15:16:03",,
15779,1560,419,2,2005-08-23,"13:33:46",2005-08-28,"08:40:46"
15780,2911,120,2,2006-02-14,"15:16:03",,
15781,4449,412,1,2005-08-23,"13:41:05",2005-08-31,"13:11:05"
15782,3282,245,1,2005-08-23,"13:43:26",2005-08-30,"14:03:26"
15783,397,247,2,2005-08-23,"13:45:44",2005-08-26,"09:18:44"
15784,126,425,2,2005-08-23,"13:46:00",2005-08-30,"11:49:00"
15785,1758,543,2,2005-08-23,"13:46:27",2005-08-27,"10:16:27"
15786,3132,371,1,2005-08-23,"13:48:34",2005-08-27,"15:59:34"
15787,2932,123,1,2005-08-23,"13:51:57",2005-08-27,"17:06:57"
15788,13,269,1,2005-08-23,"13:54:39",2005-08-26,"10:17:39"
15789,1213,350,1,2005-08-23,"13:56:40",2005-08-27,"15:25:40"
15790,2887,233,2,2005-08-23,"14:01:07",2005-08-30,"10:32:07"
15791,4147,445,2,2005-08-23,"14:02:13",2005-09-01,"09:03:13"
15792,2175,581,1,2005-08-23,"14:05:37",2005-08-28,"10:54:37"
15793,2863,22,2,2005-08-23,"14:06:19",2005-08-24,"19:59:19"
15794,3917,579,2,2006-02-14,"15:16:03",,
15795,4371,417,2,2005-08-23,"14:07:56",2005-08-25,"12:10:56"
15796,1425,158,2,2005-08-23,"14:12:22",2005-08-28,"17:03:22"
15797,497,503,2,2005-08-23,"14:13:47",2005-08-25,"09:16:47"
15798,3803,203,2,2005-08-23,"14:23:03",2005-08-30,"17:39:03"
15799,2519,215,2,2005-08-23,"14:23:23",2005-08-24,"17:15:23"
15800,963,43,2,2005-08-23,"14:23:44",2005-08-29,"17:04:44"
15801,1590,165,1,2005-08-23,"14:26:04",2005-08-28,"15:04:04"
15802,41,158,2,2005-08-23,"14:26:51",2005-08-29,"16:28:51"
15803,500,105,2,2005-08-23,"14:27:07",2005-08-28,"12:01:07"
15804,3338,585,1,2005-08-23,"14:29:16",2005-08-26,"08:41:16"
15805,4511,8,2,2005-08-23,"14:31:19",2005-08-25,"19:01:19"
15806,2683,166,2,2005-08-23,"14:31:50",2005-08-27,"16:08:50"
15807,2705,350,2,2005-08-23,"14:35:10",2005-08-29,"19:06:10"
15808,1663,446,2,2005-08-23,"14:38:37",2005-08-27,"14:45:37"
15809,1885,431,2,2005-08-23,"14:42:07",2005-08-27,"15:00:07"
15810,2196,171,1,2005-08-23,"14:43:15",2005-08-25,"17:41:15"
15811,3487,300,1,2005-08-23,"14:43:46",2005-08-27,"16:43:46"
15812,4457,45,2,2005-08-23,"14:47:26",2005-09-01,"10:51:26"
15813,981,9,1,2006-02-14,"15:16:03",,
15814,4361,459,2,2005-08-23,"14:52:50",2005-08-27,"16:12:50"
15815,316,444,1,2005-08-23,"14:55:47",2005-08-24,"12:37:47"
15816,3628,31,1,2005-08-23,"14:58:06",2005-08-28,"13:30:06"
15817,598,348,1,2005-08-23,"14:59:51",2005-08-25,"15:27:51"
15818,2620,439,2,2005-08-23,"14:59:58",2005-08-27,"13:13:58"
15819,3639,274,2,2005-08-23,"15:01:54",2005-08-31,"20:01:54"
15820,4553,308,1,2005-08-23,"15:03:13",2005-08-25,"20:12:13"
15821,1714,233,2,2005-08-23,"15:03:58",2005-08-24,"17:46:58"
15822,3602,492,1,2005-08-23,"15:05:59",2005-08-24,"11:13:59"
15823,3047,81,2,2005-08-23,"15:08:00",2005-08-24,"17:52:00"
15824,2933,371,2,2005-08-23,"15:09:17",2005-08-28,"15:14:17"
15825,149,346,2,2005-08-23,"15:10:42",2005-08-29,"09:28:42"
15826,215,311,2,2005-08-23,"15:15:02",2005-08-31,"20:39:02"
15827,1732,346,2,2005-08-23,"15:15:19",2005-08-24,"10:50:19"
15828,428,327,1,2005-08-23,"15:16:32",2005-08-29,"12:20:32"
15829,4387,30,1,2005-08-23,"15:17:14",2005-08-27,"13:04:14"
15830,309,467,2,2005-08-23,"15:19:15",2005-08-25,"18:42:15"
15831,3123,401,2,2005-08-23,"15:21:19",2005-08-24,"15:47:19"
15832,1468,537,2,2005-08-23,"15:21:35",2005-08-30,"15:01:35"
15833,801,349,1,2005-08-23,"15:22:15",2005-08-31,"14:54:15"
15834,217,165,1,2005-08-23,"15:23:50",2005-09-01,"19:31:50"
15835,1362,128,2,2005-08-23,"15:25:27",2005-09-01,"16:14:27"
15836,260,468,2,2005-08-23,"15:29:17",2005-08-26,"11:44:17"
15837,4388,283,1,2005-08-23,"15:29:41",2005-08-27,"18:17:41"
15838,2194,579,2,2005-08-23,"15:30:48",2005-08-31,"11:20:48"
15839,3726,294,2,2005-08-23,"15:34:46",2005-08-30,"21:00:46"
15840,1901,316,1,2005-08-23,"15:34:49",2005-08-24,"16:54:49"
15841,2865,571,2,2005-08-23,"15:35:59",2005-08-30,"19:30:59"
15842,1850,146,2,2005-08-23,"15:36:05",2005-08-30,"14:05:05"
15843,611,215,2,2005-08-23,"15:37:31",2005-08-28,"18:41:31"
15844,2027,119,1,2005-08-23,"15:38:12",2005-08-26,"15:18:12"
15845,4312,89,1,2005-08-23,"15:38:34",2005-08-25,"10:06:34"
15846,3635,47,2,2005-08-23,"15:39:18",2005-08-27,"14:28:18"
15847,2287,163,1,2005-08-23,"15:39:38",2005-08-24,"11:46:38"
15848,2141,336,2,2005-08-23,"15:41:12",2005-08-26,"10:29:12"
15849,4077,482,2,2005-08-23,"15:41:20",2005-08-27,"15:47:20"
15850,586,563,1,2005-08-23,"15:45:42",2005-08-27,"19:24:42"
15851,2286,469,1,2005-08-23,"15:46:33",2005-08-29,"15:52:33"
15852,1506,140,1,2005-08-23,"15:47:02",2005-08-25,"19:37:02"
15853,225,500,2,2005-08-23,"15:54:20",2005-08-24,"18:53:20"
15854,1648,464,1,2005-08-23,"15:58:05",2005-08-26,"19:23:05"
15855,2528,192,1,2005-08-23,"15:59:01",2005-08-29,"20:26:01"
15856,3379,395,1,2005-08-23,"15:59:12",2005-08-25,"15:36:12"
15857,2733,575,2,2005-08-23,"15:59:51",2005-08-26,"12:01:51"
15858,4515,81,2,2005-08-23,"16:07:15",2005-08-25,"19:36:15"
15859,4269,465,1,2005-08-23,"16:08:15",2005-08-28,"11:08:15"
15860,2583,41,1,2005-08-23,"16:08:40",2005-08-28,"15:35:40"
15861,1859,256,2,2005-08-23,"16:15:45",2005-09-01,"11:37:45"
15862,925,215,1,2006-02-14,"15:16:03",,
15863,2783,328,2,2005-08-23,"16:17:09",2005-08-28,"16:10:09"
15864,3014,256,2,2005-08-23,"16:18:12",2005-08-29,"17:10:12"
15865,2031,482,2,2005-08-23,"16:18:25",2005-08-26,"10:57:25"
15866,3828,296,2,2005-08-23,"16:19:02",2005-08-31,"12:29:02"
15867,837,505,2,2006-02-14,"15:16:03",,
15868,2186,306,2,2005-08-23,"16:19:14",2005-08-29,"16:14:14"
15869,1344,357,1,2005-08-23,"16:22:20",2005-08-27,"11:52:20"
15870,590,251,2,2005-08-23,"16:23:08",2005-08-28,"20:30:08"
15871,425,57,2,2005-08-23,"16:24:24",2005-09-01,"13:48:24"
15872,3391,212,1,2005-08-23,"16:27:24",2005-08-31,"11:57:24"
15873,4548,577,2,2005-08-23,"16:27:59",2005-08-26,"11:11:59"
15874,621,132,1,2005-08-23,"16:30:55",2005-08-28,"20:57:55"
15875,3611,41,1,2006-02-14,"15:16:03",,
15876,1735,87,1,2005-08-23,"16:32:10",2005-08-24,"18:16:10"
15877,2307,559,2,2005-08-23,"16:33:33",2005-08-26,"10:36:33"
15878,1592,493,2,2005-08-23,"16:34:31",2005-08-27,"21:51:31"
15879,235,482,2,2005-08-23,"16:42:53",2005-08-29,"16:21:53"
15880,2538,528,2,2005-08-23,"16:43:54",2005-08-31,"14:40:54"
15881,617,383,1,2005-08-23,"16:44:25",2005-08-29,"13:58:25"
15882,2028,312,2,2005-08-23,"16:44:31",2005-09-01,"15:44:31"
15883,2792,550,1,2005-08-23,"16:44:56",2005-08-24,"22:42:56"
15884,2255,81,1,2005-08-23,"16:45:28",2005-08-27,"20:18:28"
15885,2116,565,1,2005-08-23,"16:50:43",2005-08-29,"20:19:43"
15886,3038,91,2,2005-08-23,"16:50:53",2005-08-26,"15:38:53"
15887,4263,201,2,2005-08-23,"16:54:09",2005-08-26,"13:20:09"
15888,2955,321,1,2005-08-23,"16:56:14",2005-08-31,"14:32:14"
15889,787,137,1,2005-08-23,"16:57:43",2005-08-27,"22:14:43"
15890,3625,87,1,2005-08-23,"16:58:12",2005-08-24,"12:23:12"
15891,2168,52,1,2005-08-23,"17:00:12",2005-08-31,"21:12:12"
15892,1365,174,1,2005-08-23,"17:01:00",2005-08-28,"12:50:00"
15893,2571,438,2,2005-08-23,"17:02:00",2005-08-30,"12:45:00"
15894,4416,168,1,2006-02-14,"15:16:03",,
15895,2275,342,1,2005-08-23,"17:09:31",2005-08-30,"17:15:31"
15896,528,585,2,2005-08-23,"17:09:56",2005-08-31,"14:51:56"
15897,1652,15,1,2005-08-23,"17:12:31",2005-08-30,"17:22:31"
15898,3502,88,2,2005-08-23,"17:13:01",2005-08-29,"11:22:01"
15899,3851,596,2,2005-08-23,"17:16:28",2005-08-29,"21:46:28"
15900,1112,562,1,2005-08-23,"17:16:30",2005-08-27,"18:02:30"
15901,2761,226,2,2005-08-23,"17:19:17",2005-08-30,"14:24:17"
15902,4500,172,1,2005-08-23,"17:28:03",2005-08-30,"18:36:03"
15903,1289,267,1,2005-08-23,"17:30:40",2005-08-29,"14:12:40"
15904,179,37,2,2005-08-23,"17:32:19",2005-08-24,"21:05:19"
15905,3631,59,2,2005-08-23,"17:33:04",2005-08-26,"17:38:04"
15906,3230,445,2,2005-08-23,"17:36:00",2005-08-28,"15:32:00"
15907,2898,2,1,2005-08-23,"17:39:35",2005-08-25,"23:23:35"
15908,2453,135,1,2005-08-23,"17:42:00",2005-08-31,"22:32:00"
15909,404,452,1,2005-08-23,"17:42:42",2005-08-26,"20:25:42"
15910,254,456,2,2005-08-23,"17:43:16",2005-08-24,"21:55:16"
15911,3006,582,1,2005-08-23,"17:44:53",2005-09-01,"19:14:53"
15912,3079,229,2,2005-08-23,"17:47:40",2005-08-31,"14:43:40"
15913,3894,93,2,2005-08-23,"17:48:30",2005-08-31,"21:17:30"
15914,747,557,1,2005-08-23,"17:49:26",2005-08-24,"12:20:26"
15915,3566,167,2,2005-08-23,"17:52:01",2005-08-24,"20:40:01"
15916,4580,327,2,2005-08-23,"17:56:01",2005-08-31,"21:49:01"
15917,2093,589,1,2005-08-23,"17:57:28",2005-08-29,"20:03:28"
15918,1456,262,2,2005-08-23,"17:57:35",2005-08-28,"14:16:35"
15919,1746,497,1,2005-08-23,"18:01:31",2005-08-24,"16:27:31"
15920,243,212,1,2005-08-23,"18:05:10",2005-08-26,"18:09:10"
15921,223,522,2,2005-08-23,"18:06:54",2005-08-30,"20:19:54"
15922,1702,263,1,2005-08-23,"18:07:31",2005-09-01,"22:27:31"
15923,1693,276,2,2005-08-23,"18:08:19",2005-08-26,"18:06:19"
15924,1114,541,2,2005-08-23,"18:08:59",2005-08-27,"12:20:59"
15925,3394,440,2,2005-08-23,"18:15:06",2005-08-26,"18:09:06"
15926,2231,151,2,2005-08-23,"18:20:56",2005-08-24,"18:20:56"
15927,2450,401,1,2005-08-23,"18:23:11",2005-08-24,"15:09:11"
15928,2086,75,2,2005-08-23,"18:23:24",2005-09-01,"23:43:24"
15929,1832,477,1,2005-08-23,"18:23:30",2005-08-27,"17:04:30"
15930,180,379,1,2005-08-23,"18:26:51",2005-08-31,"16:12:51"
15931,1128,237,1,2005-08-23,"18:28:09",2005-08-28,"23:08:09"
15932,4554,405,2,2005-08-23,"18:31:40",2005-08-24,"16:30:40"
15933,3493,176,2,2005-08-23,"18:36:44",2005-08-26,"12:41:44"
15934,994,216,2,2005-08-23,"18:40:41",2005-08-25,"00:18:41"
15935,907,361,1,2005-08-23,"18:41:11",2005-08-25,"20:59:11"
15936,1293,411,1,2005-08-23,"18:43:11",2005-08-26,"00:19:11"
15937,2882,194,1,2005-08-23,"18:43:22",2005-08-24,"22:53:22"
15938,2884,341,2,2005-08-23,"18:43:31",2005-08-31,"00:26:31"
15939,3209,382,2,2005-08-23,"18:44:21",2005-09-01,"17:25:21"
15940,1606,86,2,2005-08-23,"18:45:06",2005-08-30,"13:00:06"
15941,4304,424,1,2005-08-23,"18:46:44",2005-08-31,"17:31:44"
15942,1096,210,2,2005-08-23,"18:48:40",2005-09-01,"18:39:40"
15943,706,462,1,2005-08-23,"18:49:32",2005-08-27,"19:20:32"
15944,4559,348,2,2005-08-23,"18:50:54",2005-08-25,"18:04:54"
15945,3633,43,1,2005-08-23,"18:51:41",2005-08-28,"18:42:41"
15946,4549,561,1,2005-08-23,"18:54:07",2005-08-28,"21:21:07"
15947,1877,580,2,2005-08-23,"18:54:32",2005-08-24,"22:39:32"
15948,432,520,2,2005-08-23,"18:59:33",2005-08-31,"13:02:33"
15949,1199,386,2,2005-08-23,"19:06:04",2005-08-26,"18:39:04"
15950,1374,280,2,2005-08-23,"19:09:39",2005-08-31,"17:03:39"
15951,3018,446,1,2005-08-23,"19:10:32",2005-08-29,"14:17:32"
15952,1314,224,1,2005-08-23,"19:11:29",2005-08-28,"14:41:29"
15953,3727,540,1,2005-08-23,"19:13:46",2005-08-28,"23:05:46"
15954,576,460,1,2005-08-23,"19:14:07",2005-08-24,"20:21:07"
15955,2247,349,1,2005-08-23,"19:19:06",2005-08-31,"23:34:06"
15956,2763,354,2,2005-08-23,"19:19:21",2005-08-25,"22:15:21"
15957,74,418,1,2005-08-23,"19:21:22",2005-08-31,"16:42:22"
15958,4164,492,1,2005-08-23,"19:22:36",2005-08-30,"01:03:36"
15959,547,415,1,2005-08-23,"19:27:04",2005-08-24,"15:24:04"
15960,1497,431,2,2005-08-23,"19:35:42",2005-08-26,"17:36:42"
15961,4006,200,1,2005-08-23,"19:35:42",2005-08-30,"22:52:42"
15962,3491,160,1,2005-08-23,"19:42:04",2005-08-25,"23:53:04"
15963,3819,134,1,2005-08-23,"19:42:46",2005-08-25,"22:12:46"
15964,251,141,2,2005-08-23,"19:45:25",2005-08-26,"22:43:25"
15965,3449,509,2,2005-08-23,"19:46:39",2005-08-24,"20:08:39"
15966,4472,374,1,2006-02-14,"15:16:03",,
15967,321,257,1,2005-08-23,"19:50:06",2005-08-29,"14:51:06"
15968,3598,257,1,2005-08-23,"19:51:29",2005-08-24,"15:07:29"
15969,1807,327,1,2005-08-23,"19:51:30",2005-08-31,"23:50:30"
15970,4509,395,1,2005-08-23,"19:54:24",2005-08-24,"18:07:24"
15971,3456,187,1,2005-08-23,"19:59:33",2005-09-02,"01:28:33"
15972,4428,25,1,2005-08-23,"20:00:30",2005-08-30,"00:25:30"
15973,2766,343,2,2005-08-23,"20:04:41",2005-09-01,"20:08:41"
15974,3518,201,2,2005-08-23,"20:06:04",2005-08-27,"17:33:04"
15975,2723,174,1,2005-08-23,"20:06:23",2005-08-27,"19:52:23"
15976,835,227,2,2005-08-23,"20:07:08",2005-08-25,"01:47:08"
15977,1031,550,2,2005-08-23,"20:07:10",2005-09-01,"22:12:10"
15978,4444,536,2,2005-08-23,"20:08:18",2005-08-31,"17:35:18"
15979,3733,536,1,2005-08-23,"20:08:26",2005-08-26,"19:19:26"
15980,3365,196,2,2005-08-23,"20:10:13",2005-08-24,"17:44:13"
15981,2867,489,1,2005-08-23,"20:12:17",2005-08-30,"20:43:17"
15982,2920,370,2,2005-08-23,"20:13:31",2005-09-01,"21:51:31"
15983,3318,464,1,2005-08-23,"20:13:38",2005-08-30,"18:42:38"
15984,2011,495,1,2005-08-23,"20:16:27",2005-08-27,"01:43:27"
15985,2646,179,1,2005-08-23,"20:20:23",2005-08-26,"20:55:23"
15986,3472,226,1,2005-08-23,"20:20:37",2005-08-29,"20:49:37"
15987,3150,302,2,2005-08-23,"20:22:17",2005-08-31,"21:46:17"
15988,3932,400,1,2005-08-23,"20:23:08",2005-08-28,"20:50:08"
15989,38,96,1,2005-08-23,"20:24:36",2005-08-26,"20:35:36"
15990,3233,512,2,2005-08-23,"20:25:11",2005-08-25,"15:01:11"
15991,2078,203,2,2005-08-23,"20:27:34",2005-08-28,"16:48:34"
15992,3334,589,1,2005-08-23,"20:28:32",2005-08-24,"21:35:32"
15993,1638,12,2,2005-08-23,"20:28:44",2005-08-27,"16:23:44"
15994,438,595,2,2005-08-23,"20:29:10",2005-08-28,"01:41:10"
15995,1122,377,1,2005-08-23,"20:29:56",2005-08-30,"18:09:56"
15996,3098,151,1,2005-08-23,"20:31:38",2005-08-29,"20:58:38"
15997,2843,447,1,2005-08-23,"20:40:31",2005-08-26,"19:47:31"
15998,1229,545,1,2005-08-23,"20:41:09",2005-08-27,"00:20:09"
15999,2584,377,2,2005-08-23,"20:44:10",2005-08-31,"02:38:10"
16000,282,71,1,2005-08-23,"20:44:36",2005-08-25,"02:29:36"
16001,245,108,1,2005-08-23,"20:45:53",2005-08-27,"15:52:53"
16002,2770,73,1,2005-08-23,"20:47:12",2005-08-27,"23:07:12"
16003,3413,577,1,2005-08-23,"20:47:28",2005-08-31,"23:22:28"
16004,2223,147,2,2005-08-23,"20:53:20",2005-08-31,"15:15:20"
16005,3265,466,1,2005-08-23,"21:00:22",2005-09-02,"02:35:22"
16006,240,533,1,2005-08-23,"21:01:09",2005-08-25,"19:33:09"
16007,3236,126,2,2005-08-23,"21:02:43",2005-08-30,"23:37:43"
16008,3273,189,1,2005-08-23,"21:04:51",2005-08-31,"22:09:51"
16009,3055,133,2,2005-08-23,"21:07:59",2005-08-29,"16:54:59"
16010,2539,173,1,2005-08-23,"21:10:24",2005-08-25,"17:58:24"
16011,1093,389,1,2005-08-23,"21:11:33",2005-08-31,"17:51:33"
16012,2421,80,2,2005-08-23,"21:13:39",2005-08-30,"23:52:39"
16013,561,462,1,2005-08-23,"21:17:17",2005-08-26,"21:15:17"
16014,3322,532,2,2005-08-23,"21:18:31",2005-08-31,"17:28:31"
16015,3113,50,2,2005-08-23,"21:25:03",2005-08-24,"20:05:03"
16016,3374,595,2,2005-08-23,"21:26:35",2005-08-28,"16:06:35"
16017,664,535,1,2005-08-23,"21:27:11",2005-08-24,"23:22:11"
16018,897,439,1,2005-08-23,"21:27:35",2005-08-30,"00:36:35"
16019,3093,278,2,2005-08-23,"21:30:45",2005-08-27,"23:45:45"
16020,277,311,1,2005-08-23,"21:34:33",2005-09-01,"18:17:33"
16021,3057,314,1,2005-08-23,"21:37:59",2005-08-31,"01:52:59"
16022,2925,504,1,2005-08-23,"21:44:27",2005-08-28,"01:52:27"
16023,2347,124,1,2005-08-23,"21:45:02",2005-08-24,"21:28:02"
16024,2910,473,1,2005-08-23,"21:46:47",2005-08-27,"02:06:47"
16025,1777,569,2,2005-08-23,"21:48:54",2005-08-24,"22:05:54"
16026,467,484,1,2005-08-23,"21:49:22",2005-08-27,"00:47:22"
16027,1724,160,2,2005-08-23,"21:49:33",2005-08-30,"16:19:33"
16028,2515,119,2,2005-08-23,"21:52:56",2005-08-30,"18:16:56"
16029,953,143,1,2005-08-23,"21:54:02",2005-08-29,"23:55:02"
16030,4161,137,2,2005-08-23,"21:56:04",2005-08-31,"01:24:04"
16031,1843,102,1,2005-08-23,"21:59:26",2005-08-29,"20:15:26"
16032,2527,447,2,2005-08-23,"21:59:57",2005-08-31,"22:46:57"
16033,760,226,2,2005-08-23,"22:06:15",2005-09-01,"02:36:15"
16034,655,502,1,2005-08-23,"22:06:34",2005-08-29,"18:44:34"
16035,549,37,1,2005-08-23,"22:08:04",2005-08-28,"03:46:04"
16036,1372,425,2,2005-08-23,"22:12:44",2005-08-25,"17:48:44"
16037,341,45,2,2005-08-23,"22:13:04",2005-09-01,"02:48:04"
16038,2612,172,1,2005-08-23,"22:14:31",2005-08-30,"03:28:31"
16039,545,78,2,2005-08-23,"22:18:51",2005-08-31,"19:55:51"
16040,3524,195,2,2005-08-23,"22:19:33",2005-09-02,"02:19:33"
16041,4116,121,2,2005-08-23,"22:20:26",2005-08-25,"20:14:26"
16042,629,131,1,2005-08-23,"22:20:40",2005-08-24,"17:54:40"
16043,3869,526,2,2005-08-23,"22:21:03",2005-08-31,"03:09:03"
16044,1312,468,1,2005-08-23,"22:24:39",2005-08-25,"04:08:39"
16045,772,14,1,2005-08-23,"22:25:26",2005-08-25,"23:54:26"
16046,4364,74,2,2005-08-23,"22:26:47",2005-08-27,"18:02:47"
16047,2088,114,2,2005-08-23,"22:42:48",2005-08-25,"02:48:48"
16048,2019,103,1,2005-08-23,"22:43:07",2005-08-31,"21:33:07"
16049,2666,393,2,2005-08-23,"22:50:12",2005-08-30,"01:01:12"
